Event;Key;Time
Key Down;Escape;1288
Key Up;Escape;1447
Key Down;D;2343
Key Up;D;2503
Key Down;W;3095
Key Down;D;4263
Key Up;D;4487
Key Up;W;4647
Key Down;D;4831
Key Up;D;4943
Key Down;W;5144
Key Down;D;5183
Key Up;W;5287
Key Down;W;5415
Key Up;D;5471
Key Down;Left Shift;5871
Key Up;Left Shift;5999
Key Down;Left Shift;6401
Key Up;Left Shift;6543
Key Down;Space;6911
Key Up;Space;7055
Key Down;D;8288
Key Up;W;8952
Key Down;W;9167
Key Up;D;9328
Key Down;A;9751
Key Up;A;9943
Key Down;Space;10119
Key Up;Space;10255
Key Down;Left Shift;10287
Key Up;Left Shift;10439
Key Up;W;10799
Key Down;W;11839
Key Down;A;13255
Key Up;W;13424
Key Up;A;13583
Key Down;D;13655
Key Up;D;13831
Key Down;W;13871
Key Down;Left Shift;14103
Key Up;Left Shift;14223
Key Down;Left Shift;14487
Key Up;Left Shift;14623
Key Down;D;16192
Key Up;D;17042
Key Down;Space;17615
Key Up;Space;17767
Key Down;Left Shift;17991
Key Up;Left Shift;18135
Key Up;W;18511
Key Down;A;18559
Key Up;A;18679
Key Down;D;18775
Key Down;W;18831
Key Up;D;18879
Key Up;W;19007
Key Down;W;19103
Key Down;Left Shift;19807
Key Up;Left Shift;19970
Key Down;Left Shift;20255
Key Up;Left Shift;20383
Key Up;W;20487
Key Down;Space;20575
Key Up;Space;20735
Key Down;W;20895
Key Up;W;21407
Key Down;A;21559
Key Up;A;21711
Key Down;W;21783
Key Up;W;22159
Key Down;D;22223
Key Up;D;22439
Key Down;W;22591
Key Down;Space;23423
Key Up;Space;23504
Key Down;D;23775
Key Up;D;24311
Key Down;Left Shift;24735
Key Up;Left Shift;24884
Key Down;Left Shift;25191
Key Up;Left Shift;25359
Key Down;Space;25519
Key Up;Space;25631
Key Down;D;26735
Key Up;D;27615
Key Down;Space;27855
Key Up;Space;28159
Key Down;Left Shift;28255
Key Up;Left Shift;28383
Key Up;W;28727
Key Down;W;28847
Key Down;A;30295
Key Up;A;30391
Key Down;Space;30415
Key Up;Space;30543
Key Down;A;30692
Key Up;W;30695
Key Up;A;30775
Key Down;S;30824
Key Down;D;30879
Key Down;A;31199
Key Up;D;31215
Key Up;A;31399
Key Down;D;31399
Key Up;D;31735
Key Down;A;31743
Key Up;S;31967
Key Up;A;32007
Key Down;D;32007
Key Up;D;32087
Key Down;A;32127
Key Up;A;32287
Key Down;W;32447
Key Down;Space;33583
Key Up;Space;33775
Key Down;D;34287
Key Up;D;34767
Key Up;W;34927
Key Down;A;35023
Key Down;W;35263
Key Down;Space;35495
Key Up;Space;35639
Key Up;A;35735
Key Down;Left Shift;36183
Key Up;Left Shift;36295
Key Up;W;36375
Key Down;S;36447
Key Down;A;36655
Key Up;A;36719
Key Down;R;36735
Key Up;S;36751
Key Up;R;36879
Key Down;W;36951
Key Down;Space;37983
Key Up;Space;38151
Key Down;D;38319
Key Up;D;38639
Key Down;A;38743
Key Up;A;38976
Key Down;Space;39271
Key Up;Space;39487
Key Down;D;39503
Key Up;D;39607
Key Down;Left Shift;39639
Key Up;Left Shift;39798
Key Down;Space;40095
Key Up;Space;40207
Key Down;Left Shift;40495
Key Up;Left Shift;40599
Key Up;W;40895
Key Down;A;40983
Key Down;W;41063
Key Up;A;41095
Key Down;D;41277
Key Up;D;41487
Key Down;A;41583
Key Up;A;41695
Key Down;Space;41743
Key Up;Space;42023
Key Down;Left Shift;42151
Key Up;Left Shift;42287
Key Down;A;42679
Key Up;A;42743
Key Down;A;42824
Key Up;A;42902
Key Down;D;43031
Key Up;D;43190
Key Down;A;43608
Key Up;A;43919
Key Down;A;44159
Key Up;A;44343
Key Down;A;44407
Key Up;W;44423
Key Down;Space;44599
Key Up;Space;44687
Key Down;W;44727
Key Up;A;44791
Key Down;D;44839
Key Up;W;45167
Key Up;D;45423
Key Down;W;45469
Key Up;W;45615
Key Down;D;45727
Key Down;A;45855
Key Up;D;45879
Key Up;A;46135
Key Down;W;46527
Key Down;D;46943
Key Up;D;47103
Key Down;Space;47847
Key Up;Space;47991
Key Down;D;48919
Key Up;W;49087
Key Down;W;49351
Key Down;Space;49440
Key Up;D;49535
Key Up;Space;49639
Key Down;D;49855
Key Up;W;49935
Key Down;W;50127
Key Up;D;50135
Key Down;Left Shift;50431
Key Up;Left Shift;50567
Key Down;Left Shift;50783
Key Up;Left Shift;50935
Key Down;D;51743
Key Up;D;52495
Key Down;Space;52759
Key Up;Space;52919
Key Down;Left Shift;53215
Key Up;Left Shift;53359
Key Down;A;53871
Key Up;A;53991
Key Down;D;54087
Key Up;D;54223
Key Down;A;54647
Key Up;A;54799
Key Down;A;55135
Key Up;A;55279
Key Down;A;55487
Key Down;Space;55511
Key Up;Space;55679
Key Up;A;55743
Key Down;D;55775
Key Up;D;55903
Key Down;A;55903
Key Up;W;56271
Key Down;W;56527
Key Up;A;56543
Key Down;D;56615
Key Up;D;56679
Key Up;W;57095
Key Down;W;57359
Key Up;W;57679
Key Down;W;57975
Key Down;Space;58839
Key Up;Space;59015
Key Down;A;59591
Key Up;A;59759
Key Down;D;59927
Key Up;D;60255
Key Down;Space;60359
Key Up;Space;60495
Key Down;Left Shift;60527
Key Up;Left Shift;60674
Key Down;Space;61103
Key Up;Space;61215
Key Down;Left Shift;61311
Key Up;Left Shift;61407
Key Down;D;61463
Key Up;D;61695
Key Down;D;61847
Key Up;D;62198
Key Down;Space;62383
Key Up;Space;62679
Key Down;Left Shift;62848
Key Up;Left Shift;62967
Key Down;D;63583
Key Up;D;63799
Key Down;D;64519
Key Up;D;64695
Key Down;Space;64943
Key Down;D;65151
Key Up;Space;65159
Key Down;Space;65287
Key Up;Space;65495
Key Up;D;65511
Key Down;A;65967
Key Down;D;66128
Key Up;A;66135
Key Up;D;66318
Key Down;A;66375
Key Up;W;66423
Key Down;W;66743
Key Up;A;66783
Key Down;D;66807
Key Up;D;66983
Key Down;Left Shift;67575
Key Up;Left Shift;67719
Key Down;Space;68031
Key Up;Space;68167
Key Down;Left Shift;68287
Key Up;Left Shift;68399
Key Up;W;68671
Key Down;S;68767
Key Up;S;68919
Key Down;S;68991
Key Down;A;69007
Key Up;S;69055
Key Up;A;69215
Key Down;W;69287
Key Down;D;69303
Key Down;Space;69367
Key Up;Space;69487
Key Up;D;69823
Key Down;Space;69983
Key Up;Space;70183
Key Down;D;70247
Key Up;W;70327
Key Down;S;70407
Key Up;S;70679
Key Down;W;71066
Key Up;W;71271
Key Down;W;71455
Key Up;D;71471
Key Down;A;71751
Key Up;A;71983
Key Down;Space;72055
Key Up;Space;72223
Key Up;W;73783
Key Down;S;73975
Key Up;S;74231
Key Down;W;74367
Key Down;D;74583
Key Up;W;74631
Key Up;D;74647
Key Down;A;74799
Key Down;S;74863
Key Up;A;74895
Key Down;D;74967
Key Up;D;75079
Key Down;D;75159
Key Up;S;75175
Key Down;W;75271
Key Up;D;75479
Key Up;W;75575
Key Down;A;75639
Key Up;A;75767
Key Down;W;75824
Key Down;A;75983
Key Up;A;76103
Key Down;A;77391
Key Down;Space;77423
Key Up;A;77439
Key Up;Space;77511
Key Down;A;77551
Key Up;W;77719
Key Down;D;78031
Key Up;A;78039
Key Down;W;78263
Key Up;D;78567
Key Down;Left Shift;78775
Key Up;Left Shift;78903
Key Up;W;79511
Key Down;W;79719
Key Up;W;80039
Key Down;W;80240
Key Down;Space;80519
Key Up;Space;80623
Key Up;W;80647
Key Down;A;81095
Key Down;S;81119
Key Up;S;81287
Key Up;A;81295
Key Down;W;81575
Key Up;W;81631
Key Down;D;81855
Key Up;D;81951
Key Down;A;82103
Key Up;A;82231
Key Down;W;82551
Key Up;W;82687
Key Down;W;82911
Key Up;W;82975
Key Down;D;83159
Key Up;D;83247
Key Down;W;83751
Key Down;Space;83855
Key Up;Space;83927
Key Up;W;84095
Key Down;W;84223
Key Down;D;84816
Key Up;D;85063
Key Down;D;85359
Key Up;D;85431
Key Down;Space;85839
Key Up;Space;86047
Key Down;Space;86183
Key Up;Space;86351
Key Down;A;86551
Key Up;A;86711
Key Down;D;86743
Key Up;W;86783
Key Up;D;86863
Key Down;W;86975
Key Up;W;87095
Key Down;W;87319
Key Down;Space;87455
Key Up;Space;87615
Key Down;Space;87807
Key Up;Space;87943
Key Up;W;88215
Key Down;W;88407
Key Down;Space;89135
Key Up;Space;89303
Key Down;Left Shift;89487
Key Up;Left Shift;89647
Key Up;W;89911
Key Down;D;89911
Key Up;D;90007
Key Down;W;90127
Key Down;D;90287
Key Up;W;90367
Key Up;D;90455
Key Down;W;90591
Key Down;A;90680
Key Up;A;90863
Key Down;D;90951
Key Up;W;91095
Key Down;W;91367
Key Up;D;91967
Key Down;A;93375
Key Up;A;93935
Key Down;D;93943
Key Up;D;94367
Key Down;Space;94879
Key Up;Space;95143
Key Down;D;95207
Key Up;D;95847
Key Down;D;96031
Key Up;D;96575
Key Down;D;96767
Key Up;D;96991
Key Down;A;97151
Key Up;A;97351
Key Down;D;97359
Key Up;D;97527
Key Down;Space;97583
Key Up;Space;97743
Key Down;D;97823
Key Up;D;98055
Key Down;A;98231
Key Up;A;98495
Key Down;D;98583
Key Up;W;98743
Key Up;D;98807
Key Down;D;99087
Key Up;D;99199
Key Down;D;99351
Key Up;D;99471
Key Down;A;99615
Key Up;A;99751
Key Down;Space;100199
Key Down;W;100263
Key Up;Space;100719
Key Down;Space;101143
Key Down;D;101263
Key Up;Space;101335
Key Up;D;101415
Key Down;A;101527
Key Down;D;101768
Key Up;A;101775
Key Up;W;101903
Key Up;D;102047
Key Down;W;102751
Key Down;Space;103031
Key Up;Space;103175
Key Down;D;103207
Key Up;D;103327
Key Up;W;103487
Key Down;A;103679
Key Down;S;103687
Key Up;S;103879
Key Up;A;103935
Key Down;D;104047
Key Down;W;104167
Key Up;D;104399
Key Down;A;104423
Key Up;W;104519
Key Up;A;104528
Key Down;D;104528
Key Up;D;104615
Key Down;W;104663
Key Up;W;104799
Key Down;A;104943
Key Down;W;105047
Key Up;A;105191
Key Down;Left Shift;105255
Key Up;Left Shift;105359
Key Up;W;105847
Key Down;W;106903
Key Down;D;107255
Key Up;W;107287
Key Down;W;107375
Key Up;W;107431
Key Up;D;107551
Key Down;D;107695
Key Up;D;107927
Key Down;A;108071
Key Down;W;108143
Key Up;A;108303
Key Down;A;108647
Key Up;W;109119
Key Up;A;109167
Key Down;W;109375
Key Down;A;109399
Key Up;W;109591
Key Up;A;109639
Key Down;D;109799
Key Down;A;109815
Key Up;D;109839
Key Up;A;110007
Key Down;W;110143
Key Up;W;110343
Key Down;D;110399
Key Down;W;110863
Key Up;D;111887
Key Down;D;112047
Key Up;D;112167
Key Down;Space;112647
Key Up;Space;113351
Key Down;Space;113679
Key Up;Space;113823
Key Down;D;114399
Key Up;D;114479
Key Down;A;114535
Key Up;A;114751
Key Up;W;115023
Key Down;W;115592
Key Up;W;115767
Key Down;D;115983
Key Down;W;116111
Key Up;D;116167
Key Up;W;116175
Key Down;W;116255
Key Down;A;116376
Key Up;W;116535
Key Up;A;116559
Key Down;D;116615
Key Up;D;116719
Key Down;A;116871
Key Down;W;116935
Key Up;A;117039
Key Up;W;117119
Key Down;D;117127
Key Up;D;117223
Key Down;A;117671
Key Up;A;117727
Key Down;A;117895
Key Up;A;118071
Key Down;W;118607
Key Up;W;119079
Key Down;W;119439
Key Up;W;119631
Key Down;A;119663
Key Up;A;119839
Key Down;D;119951
Key Up;D;120055
Key Down;W;120167
Key Down;D;120191
Key Up;W;120295
Key Up;D;120303
Key Down;A;120359
Key Up;A;120455
Key Down;W;120927
Key Down;Space;121055
Key Up;Space;121303
Key Down;Space;121527
Key Up;Space;121711
Key Down;D;121935
Key Up;W;122143
Key Up;D;122215
Key Down;W;122703
Key Down;Space;123071
Key Up;Space;123351
Key Down;Space;123655
Key Up;Space;123887
Key Down;D;124319
Key Up;W;124535
Key Up;D;124647
Key Down;W;125015
Key Down;A;125047
Key Up;A;125263
Key Up;W;125359
Key Down;D;125368
Key Down;W;125599
Key Up;D;125631
Key Up;W;125831
Key Down;W;125999
Key Down;Space;126183
Key Up;Space;126351
Key Down;Left Shift;126679
Key Up;Left Shift;126855
Key Down;Space;127631
Key Up;Space;127791
Key Down;A;128423
Key Up;A;128543
Key Down;Left Shift;128735
Key Up;Left Shift;128903
Key Down;D;128943
Key Down;Space;129327
Key Up;D;129375
Key Up;Space;129471
Key Down;A;129519
Key Up;W;129759
Key Down;W;130137
Key Up;A;130231
Key Up;W;130303
Key Down;D;130335
Key Up;D;130479
Key Down;A;130495
Key Up;A;130727
Key Down;D;130831
Key Up;D;131031
Key Down;A;131527
Key Up;A;131655
Key Down;W;131727
Key Down;A;131831
Key Up;A;132151
Key Up;W;132159
Key Down;A;132335
Key Up;A;132559
Key Down;D;132592
Key Up;D;132783
Key Down;A;132959
Key Down;W;133143
Key Up;A;133927
Key Up;W;134063
Key Down;A;134127
Key Up;A;134319
Key Down;D;134439
Key Up;D;134727
Key Down;D;134911
Key Down;W;135095
Key Up;D;135247
Key Up;W;135279
Key Down;W;136272
Key Down;A;136327
Key Up;A;136591
Key Up;W;136623
Key Down;D;136631
Key Up;D;136847
Key Down;A;136911
Key Down;S;136999
Key Up;A;137095
Key Down;D;137119
Key Up;S;137127
Key Down;A;137175
Key Up;D;137194
Key Down;W;137199
Key Up;A;137495
Key Down;Space;137663
Key Down;A;137745
Key Up;Space;137871
Key Up;A;137983
Key Down;Space;138143
Key Up;Space;138351
Key Down;D;138399
Key Up;D;138583
Key Down;Space;139295
Key Up;Space;139423
Key Down;Space;139944
Key Up;Space;140103
Key Down;Space;140255
Key Down;A;140367
Key Up;Space;140415
Key Down;Space;140495
Key Up;Space;140527
Key Up;A;140695
Key Down;A;140719
Key Down;Space;140791
Key Up;Space;140927
Key Up;A;140999
Key Down;R;141287
Key Up;W;141343
Key Up;R;141399
Key Down;W;141623
Key Down;D;142039
Key Up;W;142151
Key Up;D;142455
Key Down;D;142743
Key Up;D;142943
Key Down;D;143103
Key Down;W;143263
Key Up;D;143678
Key Down;D;143959
Key Up;D;144135
Key Down;D;144343
Key Up;D;144503
Key Down;Space;145159
Key Up;Space;145991
Key Down;A;146321
Key Up;A;146527
Key Down;D;146544
Key Up;W;146551
Key Up;D;146663
Key Down;A;146680
Key Up;A;146799
Key Down;Space;149951
Key Down;W;150112
Key Down;A;150127
Key Up;Space;150559
Key Up;A;150655
Key Down;Space;150927
Key Down;A;151159
Key Up;Space;151255
Key Up;A;151503
Key Down;Left Shift;151791
Key Up;Left Shift;151991
Key Down;A;152127
Key Up;A;152487
Key Down;A;152744
Key Up;A;152807
Key Down;A;152823
Key Down;Space;152863
Key Up;Space;153055
Key Up;A;153071
Key Down;R;153335
Key Up;W;153399
Key Up;R;153487
Key Down;W;153615
Key Down;A;153968
Key Up;A;154079
Key Down;D;154087
Key Up;D;154399
Key Down;D;154423
Key Up;D;154895
Key Down;Space;155671
Key Up;Space;156527
Key Down;Space;156711
Key Up;Space;156863
Key Down;A;157023
Key Up;A;157183
Key Down;D;157263
Key Up;D;157583
Key Down;D;157839
Key Up;D;158335
Key Down;Space;158567
Key Up;Space;158783
Key Down;D;158799
Key Up;D;158887
Key Down;A;158895
Key Up;W;159103
Key Down;W;159247
Key Up;A;159367
Key Down;A;159759
Key Down;D;160135
Key Up;A;160143
Key Up;D;160503
Key Down;A;160583
Key Up;A;160759
Key Down;Left Shift;161072
Key Up;Left Shift;161111
Key Down;D;161343
Key Up;W;161599
Key Down;Space;161687
Key Down;W;161759
Key Up;Space;161847
Key Up;D;162103
Key Down;A;162143
Key Up;W;162375
Key Up;A;162799
Key Down;W;162887
Key Down;D;162895
Key Up;D;162927
Key Down;Space;163327
Key Down;A;163383
Key Up;Space;163503
Key Up;A;163847
Key Down;Space;163855
Key Up;Space;164167
Key Down;Left Shift;164295
Key Up;Left Shift;164479
Key Down;D;164607
Key Up;D;164735
Key Down;Left Shift;164911
Key Up;Left Shift;165103
Key Down;Left Shift;165519
Key Up;Left Shift;165663
Key Down;D;165815
Key Up;D;165863
Key Down;A;165911
Key Up;A;166487
Key Down;D;166495
Key Down;Space;167391
Key Up;Space;167511
Key Up;D;167607
Key Down;A;167903
Key Up;W;167919
Key Down;W;168079
Key Up;A;168215
Key Down;A;168351
Key Up;W;168847
Key Up;A;169327
Key Down;W;169327
Key Down;D;169415
Key Up;D;169503
Key Up;W;169591
Key Down;A;169711
Key Down;W;169775
Key Up;A;169791
Key Down;Space;170215
Key Up;Space;170399
Key Down;A;170639
Key Up;W;170711
Key Up;A;170751
Key Down;D;170799
Key Up;D;170935
Key Down;W;171063
Key Down;A;171143
Key Up;A;171263
Key Down;D;171271
Key Up;D;171528
Key Down;Space;171847
Key Up;Space;172143
Key Down;A;172335
Key Down;Space;172383
Key Up;A;172503
Key Up;Space;172559
Key Down;D;172647
Key Up;D;172903
Key Up;W;172959
Key Down;W;173015
Key Down;D;173039
Key Up;D;173206
Key Up;W;173223
Key Down;W;173383
Key Down;A;173479
Key Up;A;173686
Key Down;Space;173831
Key Up;Space;173999
Key Down;Space;174239
Key Up;Space;174503
Key Down;A;175039
Key Up;A;175159
Key Down;A;175311
Key Up;A;175375
Key Up;W;175647
Key Down;S;175999
Key Up;S;176143
Key Down;W;176439
Key Up;W;176527
Key Down;W;177415
Key Down;Space;177807
Key Up;Space;178015
Key Down;A;178655
Key Up;A;179159
Key Down;A;179527
Key Down;Space;179543
Key Up;Space;179663
Key Up;A;179695
Key Down;Left Shift;180703
Key Up;Left Shift;180855
Key Up;W;181389
Key Down;D;181487
Key Up;D;181591
Key Down;W;181815
Key Down;D;181927
Key Up;D;181975
Key Down;Space;182007
Key Up;Space;182359
Key Down;Left Shift;182472
Key Up;Left Shift;182615
Key Down;A;183032
Key Up;W;183047
Key Up;A;183151
Key Down;D;183183
Key Up;D;183471
Key Down;W;183623
Key Down;Left Shift;183999
Key Up;Left Shift;184151
Key Down;D;184519
Key Down;Space;184607
Key Up;D;184647
Key Up;Space;184959
Key Down;A;185511
Key Up;A;185783
Key Down;D;185911
Key Down;Left Shift;186031
Key Up;Left Shift;186223
Key Up;D;186375
Key Down;A;186431
Key Up;A;186527
Key Down;Left Shift;186567
Key Up;Left Shift;186759
Key Down;A;186863
Key Down;Space;187151
Key Up;Space;187415
Key Down;Space;187511
Key Up;A;187599
Key Down;A;187647
Key Up;Space;187719
Key Down;R;187839
Key Up;R;187983
Key Up;A;188015
Key Up;W;188071
Key Down;W;188367
Key Up;W;188599
Key Down;D;188695
Key Up;D;188903
Key Down;D;189063
Key Down;W;189367
Key Up;D;189615
Key Down;Space;190503
Key Down;A;191199
Key Up;Space;191263
Key Up;A;191471
Key Down;Space;191471
Key Down;A;191607
Key Up;Space;191703
Key Up;A;192207
Key Down;A;192311
Key Up;A;192383
Key Down;A;192615
Key Up;A;192735
Key Down;D;192863
Key Up;D;193231
Key Down;A;193311
Key Up;W;193679
Key Down;W;193719
Key Up;W;194279
Key Up;A;194535
Key Down;A;194807
Key Down;W;194847
Key Up;A;194983
Key Down;Space;195607
Key Down;D;195783
Key Up;Space;195831
Key Down;Space;195991
Key Up;D;196071
Key Up;Space;196143
Key Up;W;196279
Key Down;R;196575
Key Up;R;196719
Key Down;W;196871
Key Down;Space;198575
Key Up;Space;199287
Key Down;Space;199479
Key Up;Space;199655
Key Down;A;200775
Key Up;A;200879
Key Up;W;200895
Key Down;A;201447
Key Down;W;201479
Key Up;A;201639
Key Up;W;201655
Key Down;D;201767
Key Down;S;201879
Key Up;D;202047
Key Up;S;202063
Key Down;D;202167
Key Down;W;202191
Key Up;D;202351
Key Up;W;202399
Key Down;D;202639
Key Up;D;202695
Key Down;A;202831
Key Down;W;202871
Key Up;W;202999
Key Down;S;203303
Key Up;S;203543
Key Up;A;203551
Key Down;D;203727
Key Down;W;203871
Key Down;Space;204175
Key Up;D;204263
Key Up;Space;204303
Key Down;A;204735
Key Up;W;204911
Key Down;W;205055
Key Up;A;205487
Key Up;W;205519
Key Down;A;206023
Key Down;W;206031
Key Up;A;206455
Key Down;Space;206671
Key Up;Space;206935
Key Down;A;207703
Key Up;A;207791
Key Down;Space;208031
Key Up;Space;208311
Key Down;D;208319
Key Down;Space;208391
Key Down;A;208463
Key Up;D;208471
Key Up;Space;208583
Key Up;A;208655
Key Up;W;208695
Key Down;Space;208847
Key Down;D;208983
Key Up;Space;209047
Key Up;D;209159
Key Down;D;209504
Key Up;D;209615
Key Down;W;210375
Key Down;Space;210615
Key Up;Space;210839
Key Down;Space;211063
Key Up;Space;211295
Key Down;D;211559
Key Up;D;211735
Key Up;W;212423
Key Down;Space;212767
Key Down;W;212879
Key Up;Space;212927
Key Down;D;213391
Key Up;D;213759
Key Down;A;214143
Key Up;A;214711
Key Down;A;215031
Key Up;A;215175
Key Down;Space;215263
Key Up;Space;215407
Key Down;Left Shift;216383
Key Up;Left Shift;216535
Key Down;D;216823
Key Up;D;217015
Key Up;W;217056
Key Down;D;217239
Key Up;D;217295
Key Down;W;217327
Key Down;Space;217567
Key Up;Space;217919
Key Down;Left Shift;218007
Key Up;Left Shift;218127
Key Up;W;218575
Key Down;W;218775
Key Down;D;218839
Key Up;D;218959
Key Up;W;218983
Key Down;A;219167
Key Down;W;219343
Key Up;A;219495
Key Up;W;219687
Key Down;D;220215
Key Down;W;220335
Key Up;D;220447
Key Down;A;220999
Key Up;A;221143
Key Up;W;221239
Key Down;D;221679
Key Down;W;221720
Key Up;D;221847
Key Down;Left Shift;222135
Key Up;Left Shift;222327
Key Down;Space;223519
Key Up;Space;223759
Key Down;Left Shift;224031
Key Up;Left Shift;224207
Key Down;Left Shift;224335
Key Up;Left Shift;224472
Key Up;W;225151
Key Down;W;225535
Key Up;W;226615
Key Down;W;227047
Key Down;A;227351
Key Up;A;227503
Key Down;Space;228095
Key Down;A;228103
Key Up;Space;228231
Key Up;A;228455
Key Up;W;228567
Key Down;W;228816
Key Up;W;229127
Key Down;A;229207
Key Down;W;229280
Key Up;A;229479
Key Down;D;229959
Key Up;D;230503
Key Down;A;230655
Key Up;A;231095
Key Down;A;231567
Key Up;W;231576
Key Down;W;231911
Key Down;D;232000
Key Up;A;232007
Key Up;W;232039
Key Up;D;232327
Key Down;A;232367
Key Up;A;232431
Key Down;D;232439
Key Up;D;232583
Key Down;W;233127
Key Down;Space;233703
Key Up;Space;233935
Key Down;Left Shift;234287
Key Up;Left Shift;234448
Key Down;Space;234671
Key Up;Space;234775
Key Down;Space;236799
Key Up;Space;237039
Key Down;Space;237200
Key Up;Space;237455
Key Down;R;237535
Key Up;R;237663
Key Up;W;237671
Key Down;S;239239
Key Up;S;239383
Key Down;W;239487
Key Down;Space;239871
Key Up;Space;240151
Key Down;Left Shift;240695
Key Up;Left Shift;240815
Key Down;Left Shift;241015
Key Up;Left Shift;241143
Key Down;Space;241975
Key Up;Space;242079
Key Down;A;243767
Key Down;Space;244335
Key Up;Space;244463
Key Up;A;244511
Key Up;W;244703
Key Down;W;244903
Key Up;W;245327
Key Down;W;245415
Key Down;D;245487
Key Up;W;245503
Key Down;A;245551
Key Up;D;245559
Key Down;S;245663
Key Down;Space;246143
Key Up;A;246239
Key Up;S;246247
Key Up;Space;246279
Key Down;W;246335
Key Down;D;246375
Key Up;W;246591
Key Up;D;246655
Key Down;W;246711
Key Down;A;247023
Key Up;A;247271
Key Down;D;247367
Key Up;D;247639
Key Up;W;248871
Key Down;S;248999
Key Up;S;249191
Key Down;W;249439
Key Down;A;249559
Key Up;W;249593
Key Down;D;250047
Key Up;A;250055
Key Down;Space;250279
Key Up;Space;250343
Key Up;D;250495
Key Down;A;250551
Key Down;S;250823
Key Up;A;250847
Key Down;D;250903
Key Down;Space;251071
Key Up;D;251159
Key Up;Space;251207
Key Up;S;251439
Key Down;W;252623
Key Down;Space;253095
Key Up;Space;253271
Key Down;Space;253631
Key Up;Space;253751
Key Down;Left Shift;254791
Key Up;Left Shift;254911
Key Down;Space;255930
Key Up;Space;256087
Key Down;D;256775
Key Up;D;256935
Key Down;D;257343
Key Up;D;257495
Key Down;A;257855
Key Down;Space;258111
Key Up;A;258199
Key Up;Space;258271
Key Down;A;258295
Key Up;A;258615
Key Up;W;259031
Key Down;A;259128
Key Down;W;259343
Key Up;A;259687
Key Down;A;260423
Key Up;A;260623
Key Down;D;261223
Key Up;D;261359
Key Down;D;262711
Key Up;D;262855
Key Down;Space;263591
Key Up;Space;263823
Key Down;A;263928
Key Up;A;264295
Key Down;Left Shift;264439
Key Up;Left Shift;264583
Key Down;D;264759
Key Up;D;264887
Key Down;Left Shift;264919
Key Up;Left Shift;265069
Key Down;A;265455
Key Up;W;265599
Key Down;S;265695
Key Up;A;265751
Key Down;A;265823
Key Up;S;265975
Key Down;W;266056
Key Up;A;266073
Key Up;W;266183
Key Down;S;266271
Key Down;A;266296
Key Down;Space;266319
Key Up;Space;266639
Key Up;S;266711
Key Down;Space;266783
Key Up;Space;266975
Key Down;W;267024
Key Down;Space;267167
Key Up;A;267183
Key Up;Space;267343
Key Down;A;267359
Key Up;W;267375
Key Down;Space;267463
Key Down;W;267495
Key Up;Space;267575
Key Down;Left Shift;267623
Key Up;Left Shift;267703
Key Down;Left Shift;267791
Key Up;A;267839
Key Up;Left Shift;267871
Key Down;Space;268071
Key Up;Space;268215
Key Down;A;268407
Key Down;Space;268447
Key Up;A;268471
Key Down;A;268551
Key Up;A;268623
Key Up;Space;268631
Key Down;R;268663
Key Up;R;268855
Key Down;Space;269375
Key Up;Space;269535
Key Down;R;269887
Key Up;W;269919
Key Up;R;269999
Key Down;R;270447
Key Up;R;270567
Key Down;W;270943
Key Down;Space;271359
Key Up;Space;271495
Key Down;Left Shift;272375
Key Up;Left Shift;272495
Key Down;Left Shift;272679
Key Up;Left Shift;272831
Key Down;Space;273487
Key Up;Space;273623
Key Down;D;274311
Key Up;D;274415
Key Up;W;274743
Key Down;W;274919
Key Down;A;275039
Key Down;Space;275503
Key Up;Space;275639
Key Up;A;275983
Key Down;A;276343
Key Up;A;276815
Key Down;D;276895
Key Up;D;277015
Key Down;D;277143
Key Up;D;277335
Key Down;A;277391
Key Up;W;277719
Key Up;A;277927
Key Down;W;278015
Key Down;D;278039
Key Up;D;278183
Key Down;A;278215
Key Up;W;278223
Key Down;S;278354
Key Up;A;278398
Key Down;A;278415
Key Up;S;278423
Key Down;W;278519
Key Up;A;278751
Key Down;D;278847
Key Up;D;278999
Key Down;Left Shift;279375
Key Up;Left Shift;279535
Key Down;Left Shift;279856
Key Up;Left Shift;279999
Key Down;A;280199
Key Up;W;280303
Key Down;W;280527
Key Up;A;280567
Key Down;A;280832
Key Up;A;281012
Key Down;D;281415
Key Up;W;281655
Key Down;W;281799
Key Up;D;281959
Key Down;A;282447
Key Up;W;282560
Key Down;W;282791
Key Up;A;282983
Key Down;Left Shift;284711
Key Up;Left Shift;284847
Key Down;Space;285575
Key Up;Space;285783
Key Down;Left Shift;286023
Key Up;Left Shift;286151
Key Up;W;286247
Key Down;S;286327
Key Up;S;286711
Key Down;W;287071
Key Up;W;287167
Key Down;W;287343
Key Down;A;287367
Key Up;A;287487
Key Up;W;288055
Key Down;D;288647
Key Down;W;288967
Key Down;A;288968
Key Up;D;288983
Key Up;W;289159
Key Down;S;289303
Key Up;S;289351
Key Down;S;289759
Key Up;A;289975
Key Up;S;290047
Key Down;D;290055
Key Down;W;290143
Key Up;D;290215
Key Down;A;290232
Key Up;W;290263
Key Down;S;290351
Key Up;S;290511
Key Down;D;290583
Key Up;A;290599
Key Down;W;290639
Key Up;D;290807
Key Down;A;290831
Key Down;D;290871
Key Up;A;290887
Key Up;W;290911
Key Down;S;291015
Key Up;S;291311
Key Down;Space;291399
Key Down;S;291496
Key Up;Space;291575
Key Up;S;291711
Key Down;W;291848
Key Up;D;291871
Key Up;W;291943
Key Down;D;291951
Key Down;Space;292167
Key Up;D;292191
Key Up;Space;292311
Key Down;A;292359
Key Up;A;292463
Key Down;A;292559
Key Up;A;292791
Key Down;W;294263
Key Up;W;295151
Key Down;A;295743
Key Down;S;295783
Key Up;S;295983
Key Up;A;296087
Key Down;D;296111
Key Down;W;296199
Key Up;D;296287
Key Down;A;296311
Key Up;W;296391
Key Down;S;296631
Key Down;D;296687
Key Up;A;296751
Key Up;D;296959
Key Down;A;297031
Key Up;S;297095
Key Down;D;297111
Key Up;A;297151
Key Down;W;297223
Key Up;W;297447
Key Down;A;297471
Key Up;A;297511
Key Down;W;297567
Key Up;D;297823
Key Up;W;297844
Key Down;W;299079
Key Down;A;299511
Key Up;W;300408
Key Down;S;300536
Key Up;A;300567
Key Down;A;300767
Key Up;S;300903
Key Down;W;300999
Key Down;D;301207
Key Up;A;301215
Key Down;A;301511
Key Up;W;301519
Key Up;D;301567
Key Down;D;301655
Key Up;A;301688
Key Down;W;302030
Key Up;D;302223
Key Down;A;302295
Key Up;W;302311
Key Down;W;302647
Key Up;A;302695
Key Down;Left Shift;302887
Key Up;Left Shift;303031
Key Down;D;303072
Key Up;W;303080
Key Up;D;303215
Key Down;W;303223
Key Up;W;303295
Key Down;S;303367
Key Up;S;303447
Key Down;W;304487
Key Down;A;305079
Key Up;W;305223
Key Down;S;305503
Key Up;A;305815
Key Down;D;305936
Key Up;D;306103
Key Down;A;306113
Key Up;S;306135
Key Down;W;306255
Key Up;A;306407
Key Down;D;306415
Key Up;W;306471
Key Down;A;307352
Key Up;D;307391
Key Up;A;307583
Key Down;W;307895
Key Down;A;307975
Key Up;W;308871
Key Down;S;309103
Key Up;S;309831
Key Down;W;309959
Key Up;A;310135
Key Down;A;310351
Key Up;W;310567
Key Down;D;310679
Key Up;A;310711
Key Down;S;310831
Key Down;A;311191
Key Up;S;311207
Key Up;D;311223
Key Down;W;311823
Key Up;A;311839
Key Down;Left Shift;312375
Key Up;Left Shift;312487
Key Up;W;312551
Key Down;W;312679
Key Up;W;312719
Key Down;A;312751
Key Up;A;312807
Key Down;S;312855
Key Up;S;313387
Key Down;W;313503
Key Up;W;313575
Key Down;A;313703
Key Up;A;313783
Key Down;A;314479
Key Down;W;314583
Key Up;W;314687
Key Up;A;314695
Key Down;W;315063
Key Up;W;316679
Key Down;W;316831
Key Up;W;316983
Key Down;S;321263
Key Up;S;321511
Key Down;W;321807
Key Up;W;322047
Key Down;W;322511
Key Down;A;322631
Key Up;A;322735
Key Up;W;322847
Key Down;W;322911
Key Down;Space;323024
Key Up;Space;323207
Key Down;Space;324351
Key Up;Space;324711
Key Down;Left Shift;324815
Key Up;Left Shift;324999
Key Up;W;325255
Key Down;S;325343
Key Down;D;325461
Key Up;S;325559
Key Up;D;325575
Key Down;W;325639
Key Down;Space;325975
Key Up;Space;326127
Key Down;Space;326487
Key Up;Space;326583
Key Up;W;327031
Key Down;A;327135
Key Up;A;327255
Key Down;W;327359
Key Down;Space;327927
Key Up;Space;328103
Key Down;Space;328311
Key Up;Space;328455
Key Down;A;328759
Key Up;A;329023
Key Down;A;329127
Key Up;A;329303
Key Down;Space;329671
Key Up;Space;329879
Key Down;A;329903
Key Down;Space;330007
Key Up;Space;330079
Key Down;R;330167
Key Up;A;330271
Key Up;R;330295
Key Up;W;330303
Key Down;W;330415
Key Down;Space;330863
Key Up;Space;331031
Key Down;A;331223
Key Up;A;331511
Key Down;Space;332111
Key Up;Space;332207
Key Down;A;332479
Key Up;A;332631
Key Down;A;332791
Key Up;A;332919
Key Down;Space;334935
Key Up;Space;335127
Key Down;A;335391
Key Up;A;335607
Key Down;Left Shift;336223
Key Up;Left Shift;336383
Key Down;Left Shift;336551
Key Up;Left Shift;336703
Key Down;Left Shift;336903
Key Up;Left Shift;337023
Key Down;Space;338207
Key Up;Space;338391
Key Down;A;338663
Key Up;A;338903
Key Down;A;339887
Key Up;A;340079
Key Down;Space;342319
Key Up;Space;342639
Key Down;Left Shift;342815
Key Up;Left Shift;342959
Key Down;Left Shift;343175
Key Up;Left Shift;343327
Key Down;Space;344183
Key Up;Space;344327
Key Down;D;345255
Key Up;D;345415
Key Up;W;345703
Key Down;A;345959
Key Down;S;346015
Key Up;A;346159
Key Up;S;346255
Key Down;W;349631
Key Down;A;350287
Key Up;A;350559
Key Down;Space;351847
Key Up;Space;352071
Key Down;Left Shift;352487
Key Up;Left Shift;352615
Key Down;Left Shift;353031
Key Up;Left Shift;353191
Key Up;W;353679
Key Down;W;354575
Key Down;Space;355151
Key Up;Space;355351
Key Down;A;355839
Key Up;A;356423
Key Down;Space;356471
Key Up;Space;356631
Key Down;A;357039
Key Up;A;357191
Key Down;A;358367
Key Up;A;358647
Key Down;A;359511
Key Up;A;359783
Key Down;Space;359903
Key Up;Space;360167
Key Down;D;360408
Key Up;D;360543
Key Down;Left Shift;360975
Key Up;Left Shift;361111
Key Down;Left Shift;361415
Key Up;Left Shift;361599
Key Up;W;362415
Key Down;W;362607
Key Down;Space;363447
Key Up;Space;363631
Key Down;A;363935
Key Up;A;364407
Key Down;Space;364687
Key Up;Space;364888
Key Down;A;365576
Key Up;A;365727
Key Down;A;365935
Key Up;A;366199
Key Down;A;366999
Key Up;A;367751
Key Down;Left Shift;368039
Key Up;Left Shift;368199
Key Down;Left Shift;368495
Key Up;Left Shift;368671
Key Down;Space;368807
Key Up;Space;368919
Key Up;W;369223
Key Down;W;370111
Key Down;Space;370751
Key Up;Space;370919
Key Down;A;371183
Key Up;A;372551
Key Down;Space;372927
Key Up;Space;373095
Key Down;A;374855
Key Up;A;375279
Key Down;Space;375607
Key Up;Space;375815
Key Down;Left Shift;376655
Key Up;Left Shift;376799
Key Down;Left Shift;376975
Key Up;Left Shift;377135
Key Down;Left Shift;377319
Key Up;Left Shift;377439
Key Down;A;377799
Key Down;Space;377839
Key Up;Space;378031
Key Down;R;378119
Key Up;A;378271
Key Up;R;378279
Key Down;Space;378727
Key Up;Space;378911
Key Down;A;379279
Key Up;A;379695
Key Down;Space;380239
Key Up;Space;380487
Key Down;A;382839
Key Down;Space;382975
Key Up;Space;383127
Key Up;A;383159
Key Down;Left Shift;384359
Key Up;Left Shift;384495
Key Down;Left Shift;384727
Key Up;Left Shift;384927
Key Down;A;385279
Key Up;A;385391
Key Down;Space;385727
Key Up;Space;385911
Key Down;D;386288
Key Up;D;386496
Key Down;Space;389711
Key Up;Space;389935
Key Down;Left Shift;390447
Key Up;Left Shift;390631
Key Down;Left Shift;390831
Key Up;Left Shift;391007
Key Down;Space;391711
Key Up;Space;391871
Key Down;Space;395207
Key Up;Space;395463
Key Down;Left Shift;395663
Key Up;Left Shift;395815
Key Down;Left Shift;396247
Key Up;Left Shift;396399
Key Down;A;396727
Key Up;A;396855
Key Down;Space;397799
Key Up;Space;397959
Key Down;Space;398919
Key Up;Space;399079
Key Down;D;399359
Key Up;D;399551
Key Up;W;399735
Key Down;W;399863
Key Down;Space;400135
Key Up;Space;400303
Key Down;D;400767
Key Up;D;401047
Key Down;Space;401351
Key Down;A;401447
Key Up;Space;401543
Key Up;A;401655
Key Down;A;402399
Key Up;A;402559
Key Down;D;403911
Key Up;D;404015
Key Down;Left Shift;404351
Key Up;Left Shift;404495
Key Down;Space;407247
Key Up;Space;407463
Key Down;Space;407679
Key Up;Space;407871
Key Down;Left Shift;408071
Key Up;Left Shift;408247
Key Up;W;408263
Key Down;S;408471
Key Up;S;408663
Key Down;W;408767
Key Up;W;409087
Key Down;S;409175
Key Up;S;409431
Key Down;W;409599
Key Up;W;409751
Key Down;S;409847
Key Up;S;410031
Key Down;W;410143
Key Up;W;410327
Key Down;W;410752
Key Down;Space;410815
Key Up;Space;410999
Key Down;Space;411327
Key Up;Space;411479
Key Down;Left Shift;411679
Key Up;Left Shift;411815
Key Down;A;412007
Key Up;A;412175
Key Down;Space;412839
Key Up;Space;413015
Key Down;Space;413263
Key Up;Space;413455
Key Down;Left Shift;413639
Key Up;Left Shift;413807
Key Down;D;414032
Key Up;D;414175
Key Down;Space;414271
Key Up;Space;414463
Key Down;Left Shift;414711
Key Up;Left Shift;414855
Key Down;Space;415111
Key Up;Space;415263
Key Down;D;415655
Key Up;D;415775
Key Down;A;416055
Key Up;A;416183
Key Down;A;416511
Key Up;A;416639
Key Down;Space;416783
Key Up;Space;416911
Key Down;Left Shift;417303
Key Up;Left Shift;417455
Key Down;Space;417967
Key Up;Space;418079
Key Up;W;418303
Key Down;W;418807
Key Down;A;419424
Key Up;W;419575
Key Up;A;419599
Key Down;W;419719
Key Down;D;419743
Key Up;W;419783
Key Up;D;419911
Key Down;A;419927
Key Up;A;420039
Key Down;D;420071
Key Down;W;420151
Key Up;W;420255
Key Up;D;420335
Key Down;A;420415
Key Up;A;420447
Key Down;D;420479
Key Down;W;420544
Key Up;D;420671
Key Down;A;421095
Key Up;A;421223
Key Down;A;421767
Key Up;W;421903
Key Up;A;421943
Key Down;D;422087
Key Down;W;422095
Key Up;D;422135
Key Up;W;422263
Key Down;S;422607
Key Up;S;422767
Key Down;W;422863
Key Down;D;422927
Key Up;D;423135
Key Down;Left Shift;423703
Key Up;Left Shift;423847
Key Down;A;425055
Key Up;W;425071
Key Down;D;425135
Key Up;A;425159
Key Up;D;425471
Key Down;W;425551
Key Down;A;425591
Key Up;A;426071
Key Down;A;429871
Key Up;W;429991
Key Down;Space;430279
Key Down;W;430455
Key Up;A;430511
Key Up;Space;430511
Key Down;A;430823
Key Up;W;431175
Key Down;S;431712
Key Up;A;431735
Key Down;A;431847
Key Up;S;432063
Key Down;Space;432167
Key Down;W;432239
Key Up;Space;432295
Key Up;A;432823
Key Down;Space;432903
Key Down;A;432983
Key Up;Space;433040
Key Up;A;433887
Key Down;A;433999
Key Up;W;434583
Key Down;W;435007
Key Up;A;435127
Key Down;D;435215
Key Up;D;435647
Key Down;Space;436183
Key Up;Space;436887
Key Down;Space;437079
Key Up;Space;437271
Key Down;Left Shift;437527
Key Up;Left Shift;437687
Key Down;A;437999
Key Up;A;438463
Key Down;A;438759
Key Up;A;438919
Key Down;Space;439136
Key Up;Space;439303
Key Down;Space;439807
Key Down;A;439855
Key Up;Space;439975
Key Up;W;440135
Key Down;S;440528
Key Up;A;440919
Key Down;D;441096
Key Up;S;441223
Key Down;W;441431
Key Up;D;441695
Key Down;A;441879
Key Up;A;442015
Key Down;D;442095
Key Up;D;442543
Key Down;D;442791
Key Up;D;442919
Key Down;D;443463
Key Down;Space;443504
Key Up;Space;443623
Key Down;A;443663
Key Up;D;443679
Key Up;W;443727
Key Down;S;443831
Key Up;A;444031
Key Down;D;444087
Key Up;S;444287
Key Down;S;444575
Key Up;S;444703
Key Down;W;445175
Key Up;W;445623
Key Up;D;445767
Key Down;W;445839
Key Up;W;445959
Key Down;A;445999
Key Down;W;446127
Key Up;A;446343
Key Down;Left Shift;446743
Key Up;Left Shift;446879
Key Down;D;446951
Key Up;D;447007
Key Down;Space;447191
Key Up;Space;447375
Key Down;Left Shift;447751
Key Up;Left Shift;447975
Key Down;Space;449759
Key Up;Space;449847
Key Down;D;450039
Key Up;W;450047
Key Down;S;450143
Key Up;S;450327
Key Up;D;450343
Key Down;W;450423
Key Down;Left Shift;450879
Key Up;Left Shift;450967
Key Down;A;451151
Key Up;A;451271
Key Up;W;452143
Key Down;W;452247
Key Down;S;452255
Key Up;W;452367
Key Up;S;452543
Key Down;A;452552
Key Up;A;452623
Key Down;W;452736
Key Down;D;453107
Key Up;D;453407
Key Down;A;453423
Key Up;A;453855
Key Down;A;455951
Key Up;A;456087
Key Down;Left Shift;457736
Key Up;Left Shift;457903
Key Up;W;458231
Key Down;S;458303
Key Down;D;458367
Key Down;Space;458639
Key Up;Space;458759
Key Up;D;458799
Key Up;S;458991
Key Down;S;459223
Key Up;S;459335
Key Down;W;459495
Key Up;W;459591
Key Down;W;460263
Key Down;Space;460335
Key Up;Space;460535
Key Down;Space;461343
Key Up;Space;461551
Key Down;Left Shift;462415
Key Up;Left Shift;462583
Key Down;A;463039
Key Up;A;463183
Key Down;Left Shift;464655
Key Up;Left Shift;464831
Key Down;Left Shift;465199
Key Up;Left Shift;465311
Key Up;W;465695
Key Down;Left Alt;468639
Key Down;Tab;468711
Key Up;Tab;468871
Key Down;Tab;469863
Key Up;Tab;469983
Key Up;Left Alt;469991
