Event;Key;Time
Key Down;Left Alt;205
Key Down;Tab;261
Key Up;Tab;413
Key Down;Tab;837
Key Up;Tab;965
Key Up;Left Alt;1325
Key Down;A;2285
Key Down;W;2293
Key Up;W;2765
Key Up;A;2773
Key Down;V;3845
Key Up;V;3901
Key Down;V;4165
Key Up;V;4309
Key Down;C;4525
Key Up;C;4645
Key Down;Tab;5709
Key Up;Tab;7701
Key Down;Tab;8005
Key Up;Tab;9621
Key Down;W;11189
Key Down;Left Shift;11909
Key Up;Left Shift;13717
Key Up;W;14061
Key Down;E;14221
Key Up;E;15045
Key Down;D;15245
Key Down;W;15389
Key Up;W;15645
Key Down;W;15853
Key Up;W;16229
Key Down;W;16373
Key Up;D;16469
Key Down;Left Shift;16501
Key Up;Left Shift;16837
Key Down;D;17077
Key Up;W;17141
Key Down;W;17309
Key Down;Left Shift;17429
Key Up;D;17461
Key Up;Left Shift;48245
Key Down;D;48357
Key Up;D;48893
Key Down;D;49269
Key Up;D;50045
Key Down;D;50094
Key Up;D;50253
Key Down;D;50445
Key Up;D;50589
Key Down;A;51069
Key Up;A;51173
Key Up;W;51181
Key Down;D;51325
Key Down;W;51437
Key Up;D;51589
Key Up;W;51997
Key Down;S;52189
Key Down;D;52381
Key Up;S;52453
Key Down;S;52485
Key Up;D;52525
Key Down;A;52629
Key Up;A;52893
Key Down;A;53069
Key Up;S;53397
Key Down;S;53581
Key Up;S;54085
Key Down;W;54333
Key Down;3;54701
Key Up;3;54821
Key Up;W;55085
Key Up;A;55109
Key Down;D;55165
Key Up;D;55309
Key Down;A;55381
Key Down;D;55397
Key Up;A;55421
Key Down;A;55565
Key Up;D;55613
Key Down;D;55637
Key Down;S;55653
Key Up;D;55685
Key Up;S;55725
Key Down;D;55765
Key Up;A;55781
Key Down;A;55821
Key Down;W;55853
Key Up;D;55861
Key Up;A;56525
Key Down;A;56853
Key Up;A;57909
Key Down;A;57997
Key Up;A;58269
Key Down;A;58373
Key Up;A;58629
Key Down;D;58693
Key Up;W;58997
Key Down;S;59501
Key Down;A;59853
Key Up;D;59869
Key Up;S;59893
Key Down;W;59973
Key Up;W;60301
Key Down;S;60669
Key Up;S;60861
Key Down;W;60925
Key Up;A;60965
Key Down;Left Shift;61013
Key Down;D;61517
Key Up;D;61557
Key Up;Left Shift;63061
Key Down;A;63077
Key Up;W;63269
Key Down;S;63445
Key Up;S;63637
Key Down;W;63717
Key Up;A;64077
Key Down;A;64173
Key Up;W;64365
Key Down;S;64437
Key Up;A;64869
Key Down;D;64893
Key Up;S;65213
Key Down;W;65421
Key Up;D;65501
Key Down;A;65917
Key Up;W;65965
Key Down;D;66221
Key Up;A;66245
Key Down;W;66293
Key Up;D;66453
Key Down;A;66637
Key Up;W;66829
Key Down;S;66973
Key Up;A;67989
Key Down;A;68173
Key Up;A;68293
Key Up;S;68389
Key Down;Tab;68909
Key Up;Tab;70469
Key Down;W;79085
Key Down;A;79229
Key Up;A;79325
Key Down;Left Shift;79389
Key Up;Left Shift;82405
Key Up;W;82757
Key Down;E;82797
Key Up;E;82973
Key Down;D;83717
Key Down;W;83870
Key Down;Left Shift;84045
Key Up;D;84069
Key Up;Left Shift;90677
Key Down;Tab;90829
Key Up;Tab;91765
Key Down;Left Shift;91877
Key Down;D;111037
Key Up;D;111221
Key Up;Left Shift;112277
Key Down;Tab;112381
Key Up;Tab;113053
Key Down;D;113693
Key Up;D;114013
Key Down;Left Shift;114061
Key Down;D;117285
Key Up;Left Shift;117357
Key Up;W;117453
Key Down;W;117813
Key Down;Left Shift;117917
Key Up;D;117925
Key Up;W;131325
Key Down;D;131341
Key Down;W;131365
Key Up;D;131413
Key Up;Left Shift;131445
Key Down;A;131693
Key Up;A;132189
Key Down;A;132269
Key Up;A;132525
Key Down;Left Shift;132805
Key Down;A;133205
Key Up;Left Shift;133213
Key Up;A;134413
Key Down;A;134525
Key Up;A;134789
Key Down;Left Shift;134941
Key Up;Left Shift;136533
Key Down;2;136997
Key Up;2;137197
Key Down;Left Shift;137637
Key Down;A;139414
Key Up;Left Shift;139445
Key Up;W;139509
Key Down;W;140013
Key Up;W;140293
Key Down;W;140653
Key Down;Left Shift;140733
Key Up;A;140757
Key Up;Left Shift;142437
Key Down;A;142453
Key Up;W;142517
Key Down;W;143573
Key Up;A;146221
Key Down;A;146485
Key Up;A;146885
Key Down;A;147661
Key Up;A;148157
Key Down;A;148237
Key Up;A;148773
Key Down;A;148949
Key Up;W;149189
Key Up;A;149269
Key Down;A;149589
Key Down;W;149645
Key Up;W;150021
Key Down;S;150165
Key Up;A;150237
Key Down;A;150645
Key Up;A;150965
Key Down;A;151109
Key Up;A;151221
Key Down;D;151357
Key Up;D;151557
Key Down;D;151677
Key Up;D;151781
Key Up;S;151869
Key Down;W;152365
Key Up;W;153381
Key Down;W;153565
Key Up;W;154221
Key Down;S;154309
Key Down;D;154365
Key Up;D;154573
Key Up;S;154797
Key Down;D;154861
Key Down;W;154877
Key Up;D;154917
Key Up;W;155341
Key Down;S;155405
Key Up;S;155549
Key Down;W;155605
Key Up;W;156013
Key Down;S;156093
Key Down;A;156125
Key Up;A;156285
Key Down;D;156453
Key Up;S;156709
Key Up;D;157165
Key Down;A;157237
Key Down;D;157325
Key Up;A;157365
Key Up;D;157605
Key Down;W;157829
Key Down;A;157861
Key Up;A;158325
Key Down;Left Shift;158661
Key Up;W;158981
Key Up;Left Shift;158997
Key Down;S;159077
Key Up;S;159325
Key Down;D;160221
Key Down;W;160229
Key Up;D;160693
Key Down;D;161117
Key Up;D;161317
Key Up;W;161461
Key Down;W;161829
Key Down;D;162229
Key Up;D;162341
Key Down;A;164165
Key Up;W;164941
Key Down;S;165389
Key Up;A;165469
Key Up;S;165677
Key Down;D;166013
Key Down;W;166085
Key Up;W;166517
Key Up;D;166533
Key Down;A;166605
Key Down;D;166701
Key Up;A;166733
Key Up;D;166805
Key Down;W;167149
Key Down;Left Shift;167397
Key Up;Left Shift;169037
Key Up;W;169069
Key Down;A;169229
Key Down;W;169357
Key Up;A;169941
Key Down;D;169949
Key Up;W;169997
Key Down;W;170077
Key Up;D;170605
Key Down;Left Shift;170653
Key Up;Left Shift;171829
Key Down;A;172005
Key Up;A;172397
Key Down;3;172453
Key Up;3;172565
Key Down;A;172653
Key Up;A;172893
Key Down;D;173253
Key Up;W;173309
Key Down;S;173485
Key Up;S;173749
Key Down;W;173813
Key Up;D;173869
Key Up;W;173957
Key Down;A;173965
Key Down;S;174029
Key Up;A;174125
Key Down;D;174229
Key Up;D;174781
Key Down;D;175053
Key Up;D;175101
Key Down;D;175213
Key Up;D;175301
Key Down;A;175685
Key Up;A;175869
Key Down;A;176141
Key Up;A;176365
Key Down;A;176469
Key Up;S;177277
Key Down;D;177381
Key Up;A;177405
Key Down;S;177517
Key Down;A;177749
Key Up;D;177805
Key Down;D;177885
Key Up;A;177893
Key Up;S;177981
Key Down;S;178277
Key Down;A;178389
Key Up;D;178413
Key Up;A;178501
Key Up;S;178645
Key Down;Tab;178805
Key Up;Tab;181117
Key Down;W;181725
Key Down;Left Shift;181845
Key Up;Left Shift;188741
Key Down;Tab;188917
Key Up;Tab;189813
Key Down;A;189957
Key Up;W;190157
Key Down;S;190277
Key Up;A;190365
Key Down;D;190933
Key Up;D;191085
Key Up;S;191469
Key Down;A;191501
Key Down;W;191573
Key Up;A;191733
Key Up;W;191757
Key Down;E;191821
Key Up;E;192493
Key Down;E;192549
Key Up;E;193438
Key Down;W;193717
Key Down;Left Shift;193861
Key Up;Left Shift;195877
Key Down;A;195965
Key Up;A;196005
Key Down;Left Shift;196165
Key Down;A;196205
Key Up;A;196285
Key Up;Left Shift;197053
Key Down;A;197957
Key Up;W;197989
Key Down;W;198125
Key Up;A;198205
Key Down;A;198445
Key Up;A;198533
Key Down;D;198573
Key Up;D;198861
Key Down;D;199909
Key Up;W;200053
Key Down;S;200253
Key Up;S;200685
Key Down;W;200845
Key Up;D;200917
Key Down;D;201213
Key Up;W;201341
Key Down;S;201933
Key Up;D;202061
Key Down;A;202069
Key Up;S;202685
Key Down;W;202837
Key Up;A;203253
Key Down;D;203917
Key Up;W;204085
Key Down;W;204181
Key Up;D;204245
Key Down;A;204461
Key Up;W;204597
Key Down;S;204661
Key Up;A;204725
Key Down;D;205037
Key Up;D;205429
Key Up;S;205501
Key Down;W;205557
Key Down;D;205725
Key Up;W;205805
Key Down;S;205917
Key Up;D;206109
Key Down;D;206261
Key Up;D;206549
Key Down;D;206654
Key Up;D;207645
Key Down;D;207813
Key Up;D;207973
Key Down;D;208005
Key Up;D;208293
Key Down;D;208533
Key Up;S;208645
Key Down;W;208717
Key Up;D;209285
Key Down;D;209333
Key Up;W;209357
Key Down;S;209501
Key Up;D;209637
Key Down;D;210269
Key Up;D;210405
Key Down;D;210621
Key Up;S;210781
Key Down;W;210877
Key Up;W;211909
Key Down;S;211981
Key Up;D;212165
Key Up;S;212397
Key Down;Tab;214533
Key Up;Tab;216077
Key Down;W;221693
Key Down;Left Shift;222005
Key Up;Left Shift;228485
Key Up;W;229261
Key Down;E;229293
Key Up;E;229941
Key Down;E;229997
Key Up;E;230853
Key Down;A;230861
Key Down;W;231133
Key Up;A;231269
Key Down;Left Shift;231277
Key Up;Left Shift;234165
Key Up;W;234669
Key Down;F1;234893
Key Up;F1;235061
Key Down;W;235349
Key Down;Left Shift;235805
Key Up;Left Shift;235861
Key Down;Left Shift;236286
Key Up;Left Shift;239245
Key Down;D;240277
Key Up;W;240597
Key Down;A;240605
Key Up;D;240629
Key Down;S;240669
Key Up;A;240757
Key Down;D;241085
Key Up;D;241133
Key Down;D;241413
Key Down;A;241589
Key Up;D;241605
Key Up;A;241957
Key Down;D;242069
Key Up;D;242221
Key Up;S;242301
Key Down;W;242373
Key Down;A;242469
Key Up;W;243125
Key Down;S;243205
Key Up;A;243981
Key Up;S;244189
Key Down;A;244205
Key Down;W;244253
Key Up;A;244309
Key Down;A;244325
Key Up;W;244405
Key Down;S;244501
Key Up;A;244821
Key Down;D;244853
Key Up;D;245309
Key Down;A;245517
Key Up;A;245773
Key Up;S;245805
Key Down;Tab;246133
Key Up;Tab;247645
Key Down;Tab;249781
Key Up;Tab;250525
Key Down;W;250605
Key Down;Left Shift;250781
Key Down;D;262245
Key Up;Left Shift;262301
Key Up;W;262349
Key Down;S;262501
Key Up;D;262997
Key Down;D;263021
Key Up;S;263125
Key Down;W;263229
Key Up;D;263301
Key Down;Left Shift;263493
Key Down;A;264342
Key Up;A;264477
Key Up;Left Shift;268141
Key Down;A;268181
Key Up;W;268293
Key Down;W;268349
Key Up;W;268453
Key Down;D;268533
Key Down;S;268605
Key Up;A;268645
Key Up;D;268813
Key Up;S;269101
Key Down;S;269133
Key Up;S;269269
Key Down;Tab;271045
Key Up;Tab;274557
Key Down;Tab;276341
Key Down;Left Alt;276437
Key Up;Tab;276517
Key Up;Left Alt;276533
Key Down;Left Alt;276893
Key Down;Tab;276957
Key Up;Tab;277109
Key Down;Tab;277533
Key Up;Tab;277693
Key Down;Tab;277829
Key Up;Tab;277933
Key Down;Tab;278005
Key Up;Tab;278117
Key Down;Tab;278157
Key Up;Tab;278285
Key Up;Left Alt;278373
Key Down;Left Alt;278773
Key Down;Tab;278829
Key Up;Tab;278973
Key Down;Tab;279157
Key Up;Tab;279309
Key Up;Left Alt;279629
Key Down;W;279949
Key Down;Left Shift;280101
Key Up;Left Shift;304765
Key Down;D;305021
Key Up;W;305077
Key Down;W;305757
Key Up;W;306861
Key Down;S;307093
Key Up;S;307317
Key Down;W;307445
Key Up;D;307605
Key Down;D;307853
Key Up;D;308173
Key Down;A;309405
Key Up;A;309501
Key Down;Left Shift;309789
Key Down;Space;312629
Key Up;Space;312837
Key Down;A;313205
Key Up;Left Shift;313221
Key Up;A;313517
Key Down;A;314822
Key Up;W;314869
Key Down;S;314973
Key Up;A;315069
Key Down;A;315397
Key Up;A;315573
Key Down;D;315613
Key Up;S;316141
Key Down;A;316301
Key Down;S;316365
Key Up;D;316437
Key Up;A;316549
Key Up;S;316597
Key Down;S;317005
Key Up;S;317589
Key Down;Tab;319165
Key Up;Tab;319581
Key Down;Tab;319837
Key Up;Tab;321045
Key Down;W;322677
Key Up;W;323245
Key Down;Tab;323301
Key Up;Tab;324413
Key Down;W;325405
Key Down;Left Shift;325597
Key Up;Left Shift;326605
Key Down;Left Shift;326701
Key Up;Left Shift;332573
Key Down;A;332789
Key Up;A;333381
Key Up;W;333397
Key Down;E;333421
Key Up;E;334149
Key Down;E;334293
Key Up;E;334389
Key Down;E;334949
Key Down;A;335053
Key Up;E;335077
Key Down;W;335197
Key Down;Left Shift;335333
Key Up;A;335341
Key Up;Left Shift;347533
Key Down;A;347573
Key Up;W;347869
Key Down;S;348125
Key Up;A;348301
Key Down;A;348637
Key Up;S;349069
Key Down;D;349277
Key Up;A;349325
Key Down;W;349541
Key Up;D;349597
Key Down;A;349669
Key Up;W;350109
Key Down;S;350197
Key Up;A;350309
Key Up;S;350789
Key Down;W;350845
Key Down;Left Shift;351045
Key Down;D;352813
Key Up;W;352877
Key Up;Left Shift;352885
Key Down;S;353021
Key Up;S;353669
Key Down;W;353797
Key Up;D;353893
Key Down;Left Shift;353902
Key Down;C;355749
Key Up;C;355917
Key Up;Left Shift;359749
Key Down;A;360021
Key Down;Left Shift;360877
Key Up;A;361269
Key Up;Left Shift;363469
Key Down;D;363653
Key Up;D;364197
Key Up;W;364213
Key Down;S;364349
Key Down;A;364685
Key Up;S;364965
Key Down;W;365269
Key Up;A;365725
Key Down;A;365757
Key Up;A;365893
Key Down;Left Shift;365997
Key Up;Left Shift;366645
Key Down;A;366653
Key Up;W;366741
Key Down;S;366893
Key Up;S;367365
Key Down;W;368613
Key Up;W;369061
Key Down;S;369309
Key Up;S;369485
Key Down;W;369653
Key Down;Left Shift;370061
Key Up;A;370109
Key Up;Left Shift;370941
Key Down;A;371541
Key Up;W;371773
Key Down;S;372261
Key Up;A;372333
Key Down;D;372405
Key Up;S;372621
Key Down;W;372813
Key Up;D;373029
Key Down;E;373141
Key Up;W;373237
Key Up;E;373461
Key Down;D;373557
Key Up;D;374957
Key Down;W;375061
Key Down;A;375077
Key Up;W;375253
Key Up;A;375317
Key Down;D;375461
Key Down;S;375717
Key Up;D;375837
Key Up;S;375965
Key Down;A;376237
Key Down;W;376453
Key Up;A;376677
Key Up;W;377069
Key Down;A;377253
Key Up;A;377381
Key Down;W;377397
Key Up;W;377549
Key Down;W;377853
Key Up;W;378045
Key Down;S;378341
Key Down;D;378557
Key Up;S;378669
Key Down;W;378845
Key Down;A;379221
Key Up;D;379237
Key Up;A;379933
Key Down;A;380653
Key Up;W;381197
Key Up;A;381565
Key Down;D;381573
Key Down;A;381973
Key Up;D;381989
Key Down;W;382109
Key Up;W;382437
Key Up;A;382469
Key Down;D;382557
Key Up;D;382741
Key Down;A;382853
Key Down;S;383045
Key Up;S;383381
Key Down;W;383805
Key Up;W;384461
Key Down;S;384973
Key Up;A;385029
Key Up;S;385405
Key Down;W;385477
Key Down;D;385613
Key Up;D;385733
Key Down;A;385805
Key Up;W;385845
Key Down;S;385917
Key Up;A;385973
Key Down;A;386317
Key Up;S;386333
Key Up;A;386381
Key Down;W;386389
Key Down;A;386661
Key Up;W;386997
Key Down;S;387093
Key Up;A;387285
Key Down;D;387405
Key Up;S;387629
Key Down;A;387901
Key Up;D;387933
Key Down;D;388021
Key Up;A;388061
Key Down;S;388461
Key Up;D;388533
Key Down;A;388573
Key Up;A;388765
Key Down;D;388853
Key Up;D;388941
Key Down;D;389261
Key Up;D;389357
Key Down;D;389533
Key Up;D;389837
Key Down;D;390061
Key Up;S;390213
Key Up;D;390293
Key Down;W;390293
Key Down;A;390509
Key Up;W;390709
Key Down;S;390805
Key Up;S;391381
Key Down;S;391461
Key Up;A;391517
Key Up;S;391533
Key Down;D;391605
Key Down;W;391685
Key Up;W;392413
Key Up;D;392461
Key Down;C;392565
Key Up;C;394541
Key Down;D;394709
Key Down;W;396053
Key Up;D;396197
Key Down;Left Shift;396205
Key Up;Left Shift;397149
Key Down;D;397229
Key Up;W;397350
Key Down;S;397629
Key Up;D;398413
Key Down;A;398437
Key Up;S;398501
Key Down;W;399309
Key Up;W;399573
Key Up;A;399581
Key Down;D;399589
Key Down;W;401149
Key Up;D;401485
Key Down;A;402133
Key Up;W;402165
Key Down;S;402261
Key Up;A;402333
Key Down;D;403045
Key Up;D;403245
Key Up;S;403253
Key Down;W;403341
Key Up;W;403709
Key Down;A;403869
Key Down;S;403973
Key Up;S;404133
Key Down;S;404245
Key Up;A;404357
Key Up;S;404365
Key Down;A;404429
Key Up;A;404597
Key Down;S;404637
Key Down;A;404685
Key Up;S;404741
Key Up;A;404765
Key Down;S;404797
Key Down;D;404893
Key Up;D;405509
Key Up;S;405597
Key Down;W;405701
Key Up;W;406165
Key Down;W;406173
Key Up;W;406261
Key Down;A;406285
Key Down;W;406349
Key Up;W;406405
Key Down;S;406525
Key Up;A;406589
Key Down;D;406605
Key Up;D;407253
Key Down;A;407301
Key Up;A;407349
Key Down;A;407461
Key Up;S;408069
Key Up;A;408133
Key Down;W;408141
Key Down;A;408389
Key Up;A;408469
Key Up;W;408541
Key Down;D;408581
Key Down;W;408701
Key Up;D;408741
Key Down;D;409005
Key Up;W;409037
Key Down;A;409293
Key Up;D;409325
Key Down;W;409493
Key Up;A;409621
Key Up;W;410549
Key Down;A;410637
Key Down;S;410645
Key Up;A;410709
Key Down;A;411189
Key Up;A;411941
Key Up;S;412045
Key Down;C;412141
Key Up;C;413845
Key Down;C;414909
Key Up;C;416245
Key Down;W;416813
Key Down;D;416949
Key Up;W;417093
Key Down;W;417765
Key Up;D;417797
Key Down;A;417877
Key Up;W;418277
Key Down;W;419157
Key Up;A;420461
Key Up;W;420503
Key Down;D;420933
Key Up;D;421077
Key Down;D;421221
Key Up;D;421493
Key Down;Space;422221
Key Up;Space;422613
Key Down;Space;423117
Key Up;Space;423405
Key Down;D;423693
Key Up;D;424805
Key Down;3;424917
Key Up;3;425053
Key Down;D;425261
Key Down;W;425981
Key Up;D;427405
Key Down;D;427621
Key Up;D;428149
Key Down;D;428381
Key Up;D;428557
Key Down;A;429565
Key Up;W;429605
Key Down;D;429733
Key Up;A;429789
Key Down;W;429885
Key Up;D;430053
Key Up;W;430229
Key Down;A;430325
Key Down;S;430341
Key Up;A;430397
Key Down;D;430485
Key Up;S;430669
Key Down;W;430741
Key Up;D;430869
Key Up;W;431269
Key Down;S;431349
Key Down;A;431389
Key Up;S;432165
Key Down;W;432333
Key Up;A;432533
Key Down;A;432629
Key Up;W;432917
Key Down;D;432917
Key Up;A;432965
Key Down;A;433149
Key Up;A;433189
Key Down;S;433189
Key Up;S;433461
Key Down;A;433477
Key Up;D;433493
Key Down;W;433501
Key Up;W;433645
Key Down;S;433789
Key Up;A;434061
Key Up;S;434333
Key Down;A;434341
Key Down;W;434421
Key Up;A;434429
Key Down;A;434525
Key Up;W;434559
Key Down;S;434637
Key Up;S;435037
Key Down;W;435085
Key Up;A;435133
Key Down;A;435421
Key Up;W;435437
Key Down;S;435597
Key Up;A;436013
Key Down;D;436181
Key Up;D;436325
Key Down;D;436461
Key Up;D;436709
Key Up;S;436973
Key Down;W;437053
Key Down;A;437181
Key Up;W;437285
Key Down;S;437341
Key Up;A;437373
Key Up;S;437781
Key Down;S;437821
Key Down;D;437941
Key Up;S;438005
Key Down;W;438413
Key Up;D;438469
Key Up;W;438997
Key Down;S;439069
Key Up;S;440261
Key Down;W;440341
Key Up;W;440541
Key Down;D;440653
Key Down;S;440733
Key Up;D;440757
Key Up;S;440805
Key Down;D;440869
Key Down;W;440997
Key Up;W;441213
Key Up;D;441309
Key Down;A;441317
Key Down;S;441357
Key Up;A;441581
Key Up;S;441669
Key Down;S;441685
Key Up;S;441773
Key Down;A;441789
Key Down;W;441861
Key Up;A;442013
Key Down;D;442109
Key Up;D;442693
Key Down;D;442837
Key Up;D;443150
Key Down;D;443589
Key Up;W;443765
Key Down;S;443981
Key Up;D;444061
Key Down;A;444341
Key Up;S;445517
Key Down;S;445917
Key Down;D;445925
Key Up;A;446005
Key Up;D;446013
Key Up;S;446037
Key Down;T;446069
Key Up;T;446189
Key Down;N;446309
Key Up;N;446365
Key Down;O;446389
Key Up;O;446477
Key Down;O;446525
Key Up;O;446629
Key Down;Space;446957
Key Down;S;447093
Key Up;Space;447101
Key Down;O;447181
Key Up;S;447205
Key Up;O;447269
Key Down;R;447269
Key Up;R;447365
Key Down;U;447621
Key Up;U;447733
Key Down;X;447765
Key Up;X;447853
Key Down;Backspace;448117
Key Up;Backspace;448197
Key Down;Backspace;448253
Key Up;Backspace;448349
Key Down;R;448853
Key Up;R;448957
Key Down;Y;449053
Key Up;Y;449149
Key Down;Enter;449645
Key Up;Enter;449733
Key Down;A;449797
Key Down;S;450173
Key Up;S;450485
Key Down;W;450925
Key Up;W;451701
Key Down;S;451877
Key Up;S;452789
Key Down;W;452925
Key Up;W;453213
Key Down;S;453525
Key Up;S;453757
Key Up;A;454373
Key Down;D;454869
Key Up;D;455805
Key Down;C;456069
Key Up;C;456997
Key Down;Tab;457101
Key Up;Tab;458789
Key Down;D;458837
Key Down;Tab;461341
Key Up;D;461349
Key Up;Tab;462077
Key Down;D;462085
Key Up;D;462501
Key Down;C;463645
Key Up;C;464925
Key Down;S;465701
Key Down;A;465821
Key Up;S;465997
Key Down;S;466133
Key Up;A;466309
Key Up;S;466685
Key Down;D;467501
Key Down;W;467525
Key Up;D;468221
Key Up;W;468725
Key Down;W;468749
Key Up;W;468893
Key Down;S;469221
Key Up;S;469461
Key Down;Left Shift;469885
Key Up;Left Shift;470365
Key Down;Tab;472173
Key Up;Tab;473125
Key Down;W;473669
Key Down;A;473853
Key Up;A;473989
Key Up;W;474005
Key Down;W;474365
Key Up;W;474597
Key Down;W;475133
Key Up;W;475589
Key Down;W;480869
Key Down;A;480917
Key Up;W;480925
Key Down;S;480989
Key Up;A;481053
Key Down;A;481125
Key Up;A;481309
Key Down;A;481349
Key Up;S;481405
Key Down;W;481517
Key Up;A;481781
Key Down;A;481960
Key Up;W;482005
Key Down;S;482117
Key Up;A;482245
Key Down;D;482525
Key Up;D;482693
Key Up;S;482725
Key Down;W;482765
Key Up;W;483005
Key Down;A;483133
Key Down;S;483141
Key Up;A;483189
Key Up;S;483645
Key Down;W;483701
Key Down;A;483909
Key Up;A;484013
Key Up;W;484701
Key Down;A;484709
Key Up;A;484773
Key Down;S;484781
Key Up;S;485493
Key Down;W;485821
Key Up;W;485909
Key Down;D;485949
Key Down;W;486061
Key Up;D;486109
Key Up;W;486549
Key Down;A;486573
Key Down;S;486709
Key Up;A;486821
Key Down;A;487237
Key Up;S;487429
Key Up;A;487493
Key Down;W;487517
Key Down;A;488821
Key Up;W;488829
Key Down;S;488901
Key Up;A;488981
Key Down;A;488997
Key Up;A;489069
Key Down;D;489261
Key Up;D;489765
Key Up;S;489965
Key Down;W;490549
Key Up;W;490701
Key Down;W;490861
Key Down;Q;491517
Key Up;Q;491733
Key Down;D;492109
Key Up;W;492173
Key Down;A;492173
Key Up;D;492205
Key Down;S;492333
Key Up;A;492725
Key Down;D;492885
Key Up;D;493349
Key Up;S;494093
Key Down;Q;494221
Key Up;Q;494381
Key Down;E;494429
Key Down;S;494437
Key Down;W;494445
Key Down;D;494517
Key Up;D;494557
Key Up;E;494581
Key Up;W;494613
Key Down;A;494757
Key Up;A;494909
Key Down;A;495101
Key Up;S;495237
Key Down;W;495349
Key Up;W;495429
Key Down;W;495477
Key Up;W;495957
Key Up;A;496005
Key Down;W;496037
Key Up;W;496197
Key Down;S;496749
Key Up;S;496821
Key Down;A;496933
Key Down;S;496941
Key Up;A;496989
Key Down;A;497045
Key Up;S;497493
Key Down;W;497589
Key Up;A;497653
Key Down;A;498301
Key Up;W;498373
Key Down;S;498517
Key Up;A;498709
Key Down;A;499253
Key Up;A;499461
Key Up;S;499741
Key Down;W;500397
Key Up;W;500613
Key Down;S;500805
Key Down;A;501029
Key Up;A;501261
Key Down;A;501701
Key Up;S;501805
Key Down;W;501869
Key Up;A;501909
Key Down;A;501973
Key Up;A;502037
Key Up;W;502757
Key Down;A;502773
Key Up;A;502821
Key Down;S;502861
Key Down;A;502869
Key Up;A;502901
Key Up;S;503493
Key Down;W;503597
Key Up;W;503861
Key Down;W;503901
Key Up;W;503981
Key Down;W;504165
Key Up;W;504525
Key Down;A;504549
Key Down;S;504589
Key Up;A;504749
Key Down;A;505709
Key Up;A;505909
Key Up;S;506181
Key Down;C;506213
Key Up;C;508189
Key Down;C;508637
Key Up;C;509757
Key Down;S;510429
Key Down;A;510741
Key Up;A;511117
Key Down;A;511469
Key Up;A;511741
Key Up;S;511757
Key Down;C;511941
Key Up;C;513909
Key Down;T;514397
Key Up;T;514533
Key Down;Left Shift;515901
Key Down;I;515941
Key Up;I;516029
Key Up;Left Shift;516109
Key Down;Space;516245
Key Up;Space;516365
Key Down;N;516677
Key Up;N;516773
Key Down;E;516781
Key Up;E;516885
Key Down;E;516933
Key Up;E;517013
Key Down;D;517117
Key Down;Space;517189
Key Up;D;517237
Key Up;Space;517333
Key Down;Space;517789
Key Up;Space;517845
Key Down;Backspace;518133
Key Up;Backspace;518245
Key Down;Q;518317
Key Down;Space;518421
Key Up;Q;518461
Key Up;Space;518525
Key Down;Backspace;519413
Key Up;Backspace;519501
Key Down;Backspace;519557
Key Up;Backspace;519637
Key Down;A;519757
Key Down;N;519861
Key Up;A;519877
Key Up;N;519949
Key Down;Space;520029
Key Up;Space;520109
Key Down;A;520269
Key Down;L;520333
Key Up;A;520357
Key Up;L;520413
Key Down;L;520461
Key Up;L;520533
Key Down;Y;520981
Key Up;Y;521101
Key Down;Enter;521461
Key Up;Enter;521581
Key Down;D;521829
Key Down;W;521973
Key Up;D;522253
Key Up;W;522269
Key Down;C;522557
Key Up;C;525061
Key Down;A;525349
Key Up;A;526085
Key Down;C;526221
Key Up;C;527357
Key Down;Tab;528493
Key Up;Tab;529381
Key Down;W;529621
Key Down;D;530141
Key Up;D;530333
Key Up;W;530429
Key Down;D;530765
Key Up;D;530973
Key Down;A;531005
Key Down;W;531485
Key Up;W;531725
Key Up;A;531765
Key Down;A;531885
Key Down;W;532213
Key Up;A;532437
Key Up;W;532485
Key Down;D;532581
Key Down;W;532693
Key Up;D;532749
Key Down;D;532909
Key Up;W;533093
Key Up;D;533157
Key Down;D;533181
Key Up;D;533485
Key Down;D;533741
Key Down;W;533869
Key Up;D;533973
Key Up;W;534109
Key Down;D;534485
Key Down;W;534573
Key Up;D;534821
Key Up;W;535013
Key Down;W;535309
Key Up;W;535493
Key Down;S;535757
Key Down;A;535821
Key Up;S;536357
Key Up;A;536797
Key Down;D;536973
Key Up;D;537261
Key Down;A;537477
Key Down;W;537741
Key Up;A;537917
Key Down;D;538133
Key Up;D;538701
Key Down;D;538877
Key Up;D;539165
Key Down;Left Shift;539333
Key Up;Left Shift;539533
Key Down;Left Shift;540053
Key Down;D;543893
Key Up;Left Shift;543901
Key Up;W;543941
Key Down;W;544293
Key Up;W;544701
Key Up;D;544813
Key Down;D;544933
Key Up;D;545637
Key Down;A;545637
Key Down;W;545917
Key Up;A;546037
Key Down;Left Shift;546077
Key Up;Left Shift;548157
Key Up;W;548293
Key Down;S;548365
Key Up;S;549421
Key Down;A;549541
Key Up;A;549613
Key Down;S;549693
Key Up;S;550421
Key Down;W;550477
Key Up;W;550597
Key Down;W;550645
Key Up;W;550717
Key Down;S;550789
Key Up;S;551861
Key Down;W;551925
Key Up;W;552437
Key Down;S;552525
Key Down;D;554005
Key Up;S;554173
Key Down;W;554325
Key Up;D;554853
Key Down;D;554949
Key Up;W;555205
Key Up;D;555565
Key Down;D;555741
Key Down;W;555861
Key Up;D;555965
Key Up;W;556117
Key Down;C;556293
Key Up;C;557989
Key Down;D;558317
Key Up;D;558877
Key Down;W;558909
Key Down;A;559221
Key Up;A;559365
Key Down;Left Shift;559405
Key Down;D;562269
Key Up;Left Shift;562301
Key Up;D;562565
Key Down;A;562605
Key Up;A;563093
Key Down;Left Shift;563141
Key Up;Left Shift;567381
Key Down;Left Shift;568189
Key Up;Left Shift;571349
Key Up;W;571509
Key Down;A;571509
Key Down;S;571605
Key Up;A;571693
Key Down;D;572021
Key Up;S;572085
Key Down;A;572101
Key Up;D;572109
Key Down;S;573109
Key Up;S;573301
Key Down;W;573437
Key Up;A;573741
Key Down;D;573829
Key Up;W;574029
Key Down;W;574149
Key Down;Left Shift;574197
Key Up;D;574221
Key Up;Left Shift;576205
Key Up;W;576277
Key Down;E;578045
Key Up;E;578397
Key Down;E;578749
Key Up;E;579005
Key Down;E;579341
Key Up;E;579557
Key Down;E;579653
Key Up;E;579805
Key Down;C;583301
Key Up;C;584501
Key Down;Insert;591381
Key Up;Insert;591485
Key Down;W;598453
Key Down;D;598661
Key Up;D;599653
Key Down;D;599925
Key Up;D;600237
Key Down;A;600565
Key Up;A;600869
Key Down;Left Shift;601013
Key Down;A;602389
Key Up;Left Shift;602413
Key Up;A;602629
Key Down;A;603021
Key Up;W;603101
Key Down;S;603213
Key Up;A;603597
Key Down;A;603789
Key Up;S;603941
Key Down;W;604045
Key Up;A;604421
Key Down;A;605773
Key Up;W;605781
Key Down;W;605893
Key Down;S;605893
Key Up;W;606053
Key Up;A;606397
Key Down;A;606517
Key Up;S;606701
Key Down;D;607645
Key Up;A;607669
Key Up;D;608149
Key Down;3;608245
Key Down;A;608333
Key Up;3;608349
Key Down;S;608469
Key Up;A;609021
Key Up;S;609101
Key Down;W;609229
Key Up;W;609717
Key Down;W;609797
Key Up;W;610093
Key Down;S;610221
Key Down;A;610885
Key Up;A;611013
Key Up;S;611341
Key Down;Tab;611525
Key Up;Tab;614005
Key Down;A;618077
Key Up;A;618621
Key Down;D;618925
Key Up;D;619205
Key Down;Insert;619701
Key Up;Insert;619789
Key Down;D;619997
Key Down;W;620037
Key Up;W;620189
Key Up;D;620197
Key Down;A;620397
Key Up;A;620829
Key Down;W;621413
Key Down;D;622037
Key Up;D;622453
Key Down;Left Shift;623021
Key Up;W;632365
Key Down;W;632733
Key Up;Left Shift;649149
Key Up;W;649181
Key Down;A;649205
Key Down;S;649301
Key Up;A;649429
Key Down;D;649685
Key Up;D;649853
Key Down;D;649885
Key Up;S;650069
Key Down;W;650149
Key Up;D;650189
Key Up;W;650261
Key Down;D;650277
Key Up;D;650333
Key Down;W;650333
Key Up;W;650821
Key Down;S;650949
Key Up;S;652069
Key Down;A;652229
Key Down;W;652261
Key Up;A;652285
Key Down;A;652317
Key Up;A;652501
Key Down;A;652565
Key Up;A;652669
Key Down;A;653245
Key Up;A;653389
Key Down;D;653469
Key Up;D;653749
Key Down;A;653909
Key Up;A;654141
Key Down;D;654165
Key Up;W;654309
Key Down;W;654365
Key Up;D;654509
Key Down;A;654517
Key Up;A;654933
Key Down;A;655133
Key Up;A;655381
Key Down;A;655733
Key Up;W;655797
Key Down;S;655909
Key Up;A;656029
Key Down;A;656293
Key Up;S;656397
Key Down;W;656525
Key Up;A;656669
Key Down;Left Shift;656829
Key Down;A;666597
Key Up;Left Shift;666605
Key Up;W;666813
Key Down;S;666973
Key Up;A;667037
Key Up;S;667061
Key Down;3;667253
Key Up;3;667373
Key Down;S;667789
Key Up;S;668005
Key Down;S;668421
Key Up;S;668565
Key Down;T;670725
Key Up;T;670885
Key Down;S;671398
Key Up;S;671493
Key Down;O;671541
Key Up;O;671629
Key Down;E;671685
Key Up;E;671781
Key Down;Semicolon;671789
Key Up;Semicolon;671885
Key Down;O;671965
Key Up;O;672061
Key Down;Backspace;672293
Key Up;Backspace;672373
Key Down;Backspace;672429
Key Up;Backspace;672533
Key Down;Backspace;672797
Key Up;Backspace;672893
Key Down;M;673077
Key Up;M;673189
Key Down;O;673573
Key Up;O;673677
Key Down;N;673797
Key Up;N;673885
Key Down;E;674317
Key Up;E;674429
Key Down;Backspace;674517
Key Up;Backspace;674613
Key Down;Backspace;674669
Key Up;Backspace;674757
Key Down;Backspace;674805
Key Up;Backspace;674877
Key Down;E;674893
Key Up;E;674997
Key Down;O;675045
Key Up;O;675133
Key Down;N;675229
Key Up;N;675269
Key Down;E;675357
Key Down;Space;675445
Key Up;E;675517
Key Up;Space;675549
Key Down;A;675725
Key Up;A;675829
Key Down;T;675917
Key Down;Y;675933
Key Up;Y;675965
Key Up;T;675989
Key Down;Backspace;676405
Key Up;Backspace;676485
Key Down;Space;676725
Key Up;Space;676813
Key Down;3;676989
Key Up;3;677109
Key Down;Enter;677605
Key Up;Enter;677693
Key Down;S;691525
Key Down;D;691949
Key Up;D;692165
Key Down;D;692581
Key Up;D;692669
Key Up;S;693133
Key Down;S;693349
Key Down;D;693741
Key Up;D;694125
Key Down;D;694357
Key Up;D;694509
Key Down;D;695069
Key Up;D;695253
Key Down;D;695749
Key Up;D;696509
Key Down;D;697829
Key Up;D;698101
Key Down;A;698229
Key Up;A;698277
Key Down;D;698286
Key Up;D;698381
Key Down;D;698533
Key Up;D;699253
Key Down;D;699941
Key Up;D;700149
Key Down;D;700165
Key Up;D;700293
Key Down;A;700405
Key Up;A;700629
Key Down;A;700838
Key Up;A;701069
Key Down;D;701206
Key Up;D;701581
Key Down;A;701669
Key Up;A;701885
Key Up;S;702397
Key Down;Tab;706317
Key Up;Tab;707645
Key Down;W;708549
Key Down;Left Shift;709477
Key Up;Left Shift;713869
Key Down;Tab;713997
Key Up;Tab;714693
Key Down;Left Shift;714837
Key Down;A;719317
Key Up;Left Shift;719461
Key Up;A;719653
Key Down;A;719853
Key Up;W;720141
Key Down;S;720253
Key Up;A;720637
Key Down;A;720861
Key Up;A;721109
Key Down;A;721829
Key Up;A;722077
Key Down;A;722461
Key Up;S;723117
Key Up;A;723381
Key Down;C;723445
Key Up;C;724805
Key Down;A;724877
Key Down;S;724877
Key Up;A;725029
Key Down;A;726277
Key Up;A;726461
Key Down;A;726509
Key Up;A;726885
Key Down;D;727005
Key Up;D;727109
Key Down;A;727117
Key Up;A;727261
Key Up;S;727365
Key Down;A;727421
Key Down;W;727429
Key Up;W;727757
Key Down;W;728005
Key Up;A;728349
Key Down;A;728469
Key Up;W;729229
Key Down;S;729405
Key Up;S;729709
Key Down;W;729821
Key Up;A;730213
Key Down;A;730661
Key Up;W;730717
Key Down;W;730989
Key Up;W;731173
Key Down;S;731261
Key Up;A;731917
Key Up;S;732061
Key Down;C;732221
Key Up;C;732757
Key Down;C;732845
Key Up;C;734645
Key Down;D;735053
Key Down;W;735517
Key Up;D;735661
Key Down;Left Shift;735669
Key Up;Left Shift;737477
Key Down;Left Shift;738373
Key Up;Left Shift;740749
Key Down;Left Shift;741517
Key Up;Left Shift;742285
Key Down;A;742389
Key Up;A;742693
Key Down;Left Shift;742805
Key Down;C;748991
Key Up;C;749181
Key Up;Left Shift;754237
Key Up;W;755381
Key Down;W;755581
Key Up;W;755997
Key Down;S;756069
Key Down;D;756341
Key Up;D;756461
Key Down;A;757493
Key Up;A;757637
Key Down;A;757861
Key Up;S;757957
Key Up;A;757965
Key Down;S;758165
Key Up;S;758525
Key Down;F;758533
Key Down;W;758637
Key Up;F;758645
Key Down;F;758709
Key Up;W;758733
Key Up;F;758773
Key Down;W;758845
Key Up;W;758925
Key Down;W;758941
Key Up;W;759101
Key Down;F;759293
Key Up;F;759397
Key Down;W;759589
Key Down;A;760333
Key Up;W;760381
Key Down;S;760509
Key Up;S;761533
Key Down;S;761813
Key Up;A;762269
Key Down;A;762285
Key Up;A;762613
Key Down;A;762693
Key Up;S;763501
Key Down;W;763597
Key Up;W;763893
Key Down;S;764021
Key Up;A;764549
Key Down;D;764741
Key Up;S;765285
Key Down;S;765533
Key Up;D;765797
Key Down;D;765997
Key Up;D;766045
Key Down;D;766125
Key Up;S;766285
Key Down;W;766333
Key Up;D;766357
Key Down;A;766533
Key Up;W;766581
Key Down;S;766717
Key Up;A;767349
Key Down;D;767349
Key Up;S;767797
Key Down;S;767989
Key Up;D;768133
Key Down;D;768309
Key Up;S;768565
Key Down;W;768645
Key Up;D;768925
Key Down;A;768933
Key Up;W;768949
Key Down;S;769061
Key Up;A;769309
Key Down;D;769605
Key Up;D;769893
Key Down;D;770349
Key Up;S;770389
Key Down;W;770469
Key Up;D;770501
Key Down;A;770517
Key Up;W;770525
Key Up;A;770573
Key Down;F;770853
Key Up;F;770949
Key Down;F;771005
Key Up;F;771077
Key Down;F;771421
Key Up;F;771533
Key Down;F;771981
Key Up;F;772109
Key Down;F;772461
Key Up;F;772517
Key Down;W;772757
Key Down;D;772797
Key Up;W;772837
Key Down;S;772957
Key Up;S;773381
Key Down;W;773509
Key Up;W;773741
Key Down;S;773829
Key Up;D;774565
Key Up;S;774613
Key Down;Tab;774773
Key Up;Tab;777029
Key Down;Tab;777269
Key Up;Tab;778525
Key Down;W;779221
Key Down;D;779925
Key Up;W;780165
Key Down;S;780677
Key Up;D;781117
Key Down;D;781285
Key Up;S;781589
Key Down;W;781853
Key Up;W;782037
Key Down;S;782213
Key Up;D;782293
Key Down;A;782365
Key Up;S;782981
Key Down;W;783221
Key Up;A;783397
Key Down;Left Shift;783589
Key Up;Left Shift;802453
Key Down;A;802605
Key Up;W;803029
Key Down;S;803173
Key Up;A;803269
Key Down;D;803597
Key Up;D;803701
Key Down;A;803813
Key Up;A;803973
Key Down;A;804341
Key Up;S;804373
Key Down;W;804453
Key Up;A;804493
Key Down;D;804597
Key Up;W;805477
Key Down;W;805997
Key Up;D;806621
Key Down;Left Shift;806741
Key Up;Left Shift;809253
Key Down;A;809525
Key Up;W;809605
Key Down;S;809917
Key Up;A;810085
Key Down;A;810245
Key Up;A;810621
Key Up;S;811365
Key Down;W;811421
Key Down;A;812237
Key Up;W;812549
Key Down;S;812733
Key Up;A;812805
Key Down;D;812829
Key Up;D;812901
Key Down;A;812901
Key Up;S;813061
Key Down;W;813165
Key Up;W;813477
Key Down;W;814053
Key Up;A;814197
Key Down;Left Shift;814205
Key Up;Left Shift;815165
Key Up;W;815221
Key Down;A;815229
Key Down;D;815357
Key Up;A;815381
Key Down;W;815525
Key Up;W;815765
Key Down;S;815925
Key Down;A;816317
Key Up;D;816333
Key Up;S;816525
Key Down;D;816549
Key Up;A;816589
Key Down;A;816837
Key Up;D;816893
Key Down;W;816941
Key Up;W;817077
Key Down;S;817189
Key Up;A;817357
Key Down;A;817373
Key Up;S;817469
Key Down;S;817493
Key Up;A;817565
Key Down;D;817573
Key Up;D;817717
Key Up;S;817741
Key Down;W;817805
Key Down;D;817949
Key Up;D;818021
Key Up;W;818173
Key Down;S;818229
Key Down;A;818333
Key Down;D;818469
Key Up;A;818477
Key Up;S;818517
Key Down;W;818629
Key Up;W;819245
Key Down;W;819621
Key Up;W;819749
Key Down;S;819869
Key Up;D;820005
Key Down;A;820429
Key Up;S;820613
Key Up;A;820613
Key Down;D;820621
Key Down;S;820965
Key Down;A;820981
Key Up;D;821029
Key Up;S;821245
Key Down;W;821445
Key Up;A;821637
Key Down;A;821677
Key Up;W;821765
Key Down;W;821813
Key Up;W;822213
Key Down;S;822341
Key Up;A;822445
Key Down;D;822613
Key Up;S;822701
Key Down;W;822813
Key Up;W;822909
Key Up;D;823053
Key Down;D;823085
Key Down;W;823133
Key Up;D;823157
Key Down;D;823525
Key Up;D;823661
Key Down;D;823933
Key Up;D;824037
Key Down;A;824157
Key Up;A;824229
Key Down;D;824285
Key Up;W;824333
Key Up;D;824509
Key Down;Tab;826469
Key Up;Tab;827213
Key Down;Tab;828013
Key Up;Tab;832413
Key Down;W;836293
Key Down;Left Shift;836413
Key Down;D;855613
Key Up;Left Shift;855661
Key Up;W;855685
Key Down;W;856133
Key Up;W;856453
Key Down;W;856781
Key Down;Left Shift;856925
Key Up;D;856925
Key Up;Left Shift;864797
Key Down;A;864869
Key Down;D;865045
Key Up;A;865085
Key Up;W;865373
Key Down;S;865597
Key Down;A;865829
Key Up;D;865845
Key Up;S;866165
Key Down;W;866373
Key Down;Left Shift;866485
Key Up;A;866533
Key Up;Left Shift;867085
Key Down;D;867365
Key Up;W;868197
Key Down;A;868413
Key Up;D;868453
Key Down;W;868565
Key Down;Left Shift;868685
Key Up;A;868725
Key Up;Left Shift;871605
Key Down;A;871669
Key Up;W;871773
Key Down;S;872061
Key Up;A;872445
Key Up;S;873701
Key Down;T;873757
Key Up;T;873877
Key Down;S;873973
Key Up;S;874101
Key Down;O;875013
Key Up;O;875109
Key Down;Escape;876077
Key Up;Escape;876173
Key Down;A;876357
Key Down;W;876517
Key Down;Left Shift;876669
Key Up;A;876709
Key Down;A;879213
Key Up;Left Shift;879221
Key Up;W;879317
Key Up;A;879461
Key Down;D;879621
Key Up;D;879781
Key Down;S;879813
Key Down;A;879853
Key Up;S;879997
Key Up;A;880045
Key Down;C;880237
Key Up;C;880469
Key Down;C;886141
Key Up;C;886413
Key Down;Tab;887597
Key Up;Tab;888749
Key Down;Delete;902015
Key Up;Delete;902109
Key Down;D;902197
Key Down;W;902469
Key Up;W;902637
Key Down;W;903157
Key Down;Left Shift;903373
Key Up;D;903565
Key Down;Space;904453
Key Up;Space;904733
Key Up;Left Shift;916381
Key Down;A;916557
Key Up;A;917045
Key Up;W;917381
Key Down;W;917717
Key Up;W;917909
Key Down;S;918093
Key Down;A;918349
Key Up;A;918573
Key Down;D;918861
Key Up;D;919133
Key Down;A;919197
Key Up;S;919349
Key Down;W;919477
Key Up;A;919565
Key Down;Left Shift;919774
Key Up;Left Shift;920333
Key Up;W;920365
Key Down;D;920365
Key Down;S;920749
Key Down;A;920965
Key Up;D;920989
Key Up;A;921245
Key Down;D;921333
Key Up;S;921461
Key Down;W;921541
Key Up;D;921621
Key Up;W;921869
Key Down;A;921877
Key Down;S;921949
Key Up;A;922029
Key Up;S;922357
Key Down;W;922421
Key Down;D;922877
Key Up;W;923045
Key Down;S;923205
Key Up;D;923413
Key Down;D;923765
Key Up;S;923917
Key Down;W;924005
Key Down;A;924005
Key Up;D;924013
Key Up;A;924085
Key Down;Left Shift;924117
Key Up;Left Shift;928429
Key Down;D;928469
Key Up;D;928605
Key Down;Left Shift;928661
Key Down;Space;931285
Key Up;Space;931445
Key Down;C;933773
Key Up;C;933877
Key Up;Left Shift;939053
Key Down;A;939157
Key Up;A;939805
Key Down;C;939805
Key Up;W;939837
Key Up;C;940797
Key Down;W;941365
Key Down;A;942629
Key Up;A;943909
Key Down;Left Shift;944013
Key Up;Left Shift;948405
Key Up;W;948469
Key Down;A;948493
Key Down;S;948613
Key Up;A;948773
Key Down;D;948917
Key Down;A;949189
Key Up;D;949213
Key Up;A;949389
Key Down;A;949621
Key Up;S;949725
Key Down;W;949813
Key Up;A;949853
Key Down;D;950133
Key Up;D;950453
Key Down;D;950501
Key Up;D;950661
Key Up;W;950797
Key Down;A;950805
Key Down;D;950893
Key Down;S;950893
Key Up;A;950933
Key Up;D;951517
Key Down;D;951693
Key Up;S;952133
Key Down;S;952405
Key Up;S;952637
Key Up;D;952909
Key Down;Tab;954789
Key Up;Tab;958845
Key Down;W;960045
Key Up;W;961045
Key Down;Tab;961125
Key Up;Tab;962101
Key Down;W;962693
Key Up;W;963285
Key Down;W;963469
Key Up;W;964717
Key Down;W;964789
Key Down;Left Shift;964893
Key Up;Left Shift;965917
Key Down;Left Shift;966029
Key Up;Left Shift;986045
Key Down;A;986301
Key Up;W;986317
Key Down;S;986437
Key Up;A;986493
Key Down;A;986557
Key Up;S;986853
Key Down;W;986949
Key Down;D;987093
Key Up;A;987165
Key Up;W;987189
Key Down;S;987493
Key Up;D;987645
Key Down;D;987813
Key Up;S;988029
Key Down;W;988157
Key Down;A;988197
Key Up;D;988221
Key Up;W;988221
Key Down;D;988277
Key Up;D;988373
Key Down;W;988413
Key Up;A;988421
Key Down;A;988885
Key Up;W;988965
Key Down;W;989157
Key Up;W;989405
Key Down;S;989605
Key Up;A;989773
Key Down;A;990037
Key Up;A;990269
Key Up;S;990957
Key Down;W;991021
Key Up;W;991389
Key Down;A;991413
Key Down;D;991565
Key Up;A;991573
Key Down;S;991709
Key Up;D;991765
Key Down;D;991805
Key Up;D;992069
Key Down;A;992173
Key Up;A;992373
Key Down;D;992453
Key Up;S;992581
Key Down;W;992645
Key Up;D;992685
Key Down;A;992733
Key Up;A;992901
Key Down;D;992901
Key Up;D;993013
Key Down;A;993061
Key Up;W;993413
Key Down;S;993509
Key Up;A;993629
Key Down;D;993909
Key Up;D;994301
Key Down;3;994557
Key Up;3;994701
Key Down;D;994925
Key Up;D;995085
Key Down;D;995509
Key Up;S;995917
Key Up;D;995917
Key Down;W;995997
Key Up;W;996453
Key Down;A;996469
Key Up;A;996533
Key Down;S;996581
Key Down;D;996677
Key Up;D;996781
Key Down;D;996861
Key Up;S;997245
Key Up;D;997325
Key Down;W;997365
Key Down;A;997381
Key Up;A;997725
Key Up;W;997925
Key Down;S;997997
Key Down;D;998085
Key Down;Left Control;998438
Key Up;D;998477
Key Up;S;998501
Key Down;S;998733
Key Down;D;998861
Key Up;S;999133
Key Down;S;999189
Key Up;S;999237
Key Up;D;999293
Key Down;S;999677
Key Up;S;999741
Key Up;Left Control;1001661
Key Down;C;1002093
Key Down;V;1002109
Key Up;V;1002205
Key Up;C;1002365
Key Down;A;1003885
Key Down;W;1004021
Key Up;A;1004765
Key Down;A;1004837
Key Up;A;1007157
Key Down;A;1007285
Key Up;A;1007989
Key Down;D;1008109
Key Up;W;1008437
Key Down;S;1008693
Key Up;S;1009181
Key Down;A;1009309
Key Up;D;1009349
Key Down;S;1009981
Key Down;D;1010061
Key Up;A;1010093
Key Up;S;1010421
Key Down;Left Shift;1010509
Key Down;W;1010517
Key Up;D;1010565
Key Down;D;1012773
Key Up;Left Shift;1012813
Key Up;W;1012845
Key Down;S;1013029
Key Up;D;1013597
Key Down;D;1013909
Key Up;D;1014141
Key Up;S;1014213
Key Down;C;1014301
Key Up;C;1016613
Key Down;D;1017053
Key Down;S;1017197
Key Up;S;1017277
Key Up;D;1017293
Key Down;C;1017461
Key Up;C;1019661
Key Down;S;1021645
Key Down;D;1021741
Key Up;D;1021909
Key Up;S;1021933
Key Down;C;1022797
Key Up;C;1023525
Key Down;W;1023653
Key Down;A;1023717
Key Up;W;1024557
Key Up;A;1024789
Key Down;A;1025021
Key Up;A;1025181
Key Down;D;1025493
Key Up;D;1025565
Key Down;W;1025629
Key Up;W;1025933
Key Down;W;1026437
Key Up;W;1026685
Key Down;A;1026693
Key Up;A;1026797
Key Down;S;1026829
Key Down;A;1027021
Key Up;S;1027197
Key Up;A;1027245
Key Down;W;1027269
Key Down;A;1027557
Key Up;A;1027917
Key Down;D;1028037
Key Up;W;1028085
Key Down;A;1028133
Key Down;S;1028157
Key Up;D;1028205
Key Up;A;1028213
Key Down;D;1028501
Key Up;S;1028733
Key Up;D;1028749
Key Down;D;1028933
Key Down;W;1029133
Key Up;D;1029285
Key Down;A;1029405
Key Up;A;1029645
Key Up;W;1029693
Key Down;A;1029981
Key Down;W;1030149
Key Up;W;1030485
Key Up;A;1031053
Key Down;D;1031109
Key Up;D;1031165
Key Down;W;1031181
Key Down;Left Shift;1031357
Key Up;Left Shift;1037653
Key Down;A;1037669
Key Up;W;1038101
Key Down;W;1038189
Key Up;A;1038325
Key Down;Left Shift;1038381
Key Down;A;1041213
Key Up;Left Shift;1041269
Key Up;W;1041325
Key Down;S;1041453
Key Up;A;1041741
Key Down;A;1041893
Key Up;A;1042125
Key Up;S;1042269
Key Down;W;1043773
Key Down;Left Shift;1043885
Key Up;Left Shift;1045117
Key Up;W;1045126
Key Down;D;1045126
Key Down;S;1045205
Key Down;A;1045253
Key Up;D;1045261
Key Up;S;1045357
Key Down;W;1045461
Key Up;A;1045565
Key Down;Left Shift;1045573
Key Down;A;1046717
Key Up;Left Shift;1046757
Key Up;W;1046893
Key Down;S;1047005
Key Up;A;1047045
Key Up;S;1047173
Key Down;S;1047437
Key Up;S;1047557
Key Down;D;1048517
Key Up;D;1048661
Key Down;W;1049117
Key Down;D;1049133
Key Up;W;1049309
Key Down;S;1049421
Key Down;A;1049829
Key Up;D;1049861
Key Up;A;1050141
Key Down;A;1050157
Key Up;A;1050245
Key Up;S;1050309
Key Down;Tab;1051101
Key Up;Tab;1052301
Key Down;W;1056517
Key Down;Left Shift;1056893
Key Up;Left Shift;1059149
Key Down;Left Shift;1059253
Key Up;Left Shift;1062221
Key Down;Tab;1062333
Key Up;Tab;1062901
Key Down;Left Shift;1063021
Key Up;Left Shift;1077949
Key Down;A;1078109
Key Up;A;1078325
Key Down;Left Shift;1078726
Key Down;A;1079869
Key Up;Left Shift;1079917
Key Up;W;1080005
Key Down;S;1080141
Key Up;A;1080317
Key Down;A;1080421
Key Up;A;1080829
Key Down;D;1081189
Key Up;S;1081197
Key Down;W;1081269
Key Up;W;1081341
Key Down;A;1081413
Key Down;S;1081461
Key Up;D;1081501
Key Up;A;1081509
Key Down;A;1081597
Key Up;A;1081677
Key Down;D;1081765
Key Up;S;1081997
Key Down;A;1082077
Key Up;D;1082125
Key Down;S;1082229
Key Up;S;1082437
Key Down;W;1082557
Key Up;W;1082709
Key Down;S;1082805
Key Up;A;1082925
Key Down;D;1083069
Key Up;S;1083317
Key Down;W;1083477
Key Up;D;1083557
Key Down;D;1083749
Key Down;A;1083909
Key Up;W;1083925
Key Up;D;1083973
Key Down;S;1084077
Key Up;A;1084301
Key Down;D;1084365
Key Down;A;1084549
Key Up;D;1084581
Key Down;D;1084621
Key Up;A;1084653
Key Up;S;1084741
Key Down;S;1085221
Key Up;D;1085637
Key Down;A;1085661
Key Up;A;1085781
Key Down;A;1085853
Key Down;D;1085877
Key Up;A;1085909
Key Down;A;1086061
Key Up;D;1086101
Key Down;D;1086181
Key Up;A;1086197
Key Down;A;1086253
Key Up;D;1086269
Key Up;A;1086789
Key Down;D;1086909
Key Up;D;1087165
Key Down;A;1087173
Key Up;A;1087349
Key Up;S;1087421
Key Down;Tab;1087589
Key Up;Tab;1089709
Key Down;Tab;1090461
Key Up;Tab;1093541
Key Down;W;1093693
Key Down;Left Shift;1093869
Key Down;A;1120213
Key Up;Left Shift;1120261
Key Up;W;1120301
Key Down;S;1120405
Key Up;A;1120757
Key Down;A;1120949
Key Up;S;1121037
Key Down;W;1121125
Key Up;A;1121381
Key Down;Left Shift;1121646
Key Up;Left Shift;1122117
Key Up;W;1122501
Key Down;W;1124733
Key Down;Left Shift;1124997
Key Down;A;1135261
Key Up;Left Shift;1135309
Key Up;W;1135557
Key Down;W;1135773
Key Up;A;1136229
Key Down;Left Shift;1136421
Key Down;A;1141709
Key Up;Left Shift;1141726
Key Up;A;1141805
Key Down;A;1142125
Key Up;W;1142341
Key Down;W;1142405
Key Up;W;1142485
Key Down;D;1142533
Key Up;A;1142541
Key Down;W;1142725
Key Up;D;1143373
Key Down;Left Shift;1143445
Key Down;A;1144973
Key Up;Left Shift;1145061
Key Up;A;1145133
Key Down;D;1145189
Key Up;D;1145285
Key Down;D;1145373
Key Up;D;1145757
Key Down;D;1145845
Key Up;W;1145949
Key Down;A;1146101
Key Up;D;1146109
Key Down;W;1146261
Key Up;A;1146685
Key Down;Left Shift;1146798
Key Down;A;1151101
Key Up;Left Shift;1151133
Key Up;A;1151933
Key Down;Left Shift;1152077
Key Up;Left Shift;1153781
Key Down;A;1153797
Key Up;A;1154037
Key Down;A;1154229
Key Up;W;1154669
Key Down;S;1154821
Key Up;A;1155109
Key Down;A;1155125
Key Up;S;1155253
Key Down;W;1155421
Key Down;S;1155421
Key Up;W;1155453
Key Up;A;1155541
Key Down;A;1156069
Key Up;S;1156205
Key Down;D;1156317
Key Up;A;1156333
Key Down;W;1156557
Key Up;D;1156829
Key Down;A;1156829
Key Up;W;1156845
Key Down;D;1156973
Key Down;S;1157149
Key Up;D;1157205
Key Up;A;1157653
Key Down;D;1157797
Key Up;D;1158029
Key Down;A;1158037
Key Up;S;1158149
Key Up;A;1158165
Key Down;W;1158221
Key Down;D;1158221
Key Up;D;1158269
Key Down;D;1158381
Key Up;W;1158565
Key Up;D;1158605
Key Down;S;1158661
Key Down;D;1159141
Key Up;S;1159333
Key Down;A;1159341
Key Up;D;1159349
Key Down;D;1159557
Key Up;A;1159605
Key Down;S;1159877
Key Down;A;1159901
Key Up;D;1159949
Key Up;A;1160485
Key Down;A;1160629
Key Up;S;1160645
Key Down;D;1160845
Key Down;S;1160901
Key Up;A;1160965
Key Up;D;1161053
Key Down;A;1161134
Key Up;A;1161205
Key Down;D;1161229
Key Up;S;1161629
Key Down;S;1161717
Key Up;S;1161757
Key Down;S;1162493
Key Up;S;1162693
Key Down;S;1163077
Key Up;D;1163197
Key Down;A;1163413
Key Up;A;1164269
Key Up;S;1164325
Key Down;Tab;1164501
Key Up;Tab;1165845
Key Down;Tab;1166629
Key Up;Tab;1167341
Key Down;W;1167429
Key Down;Left Shift;1167662
Key Up;W;1182589
Key Up;Left Shift;1182645
Key Down;S;1182693
Key Up;S;1183061
Key Down;W;1183117
Key Down;D;1183789
Key Up;D;1183989
Key Down;D;1184141
Key Up;W;1184221
Key Down;S;1184325
Key Up;D;1184413
Key Down;A;1184861
Key Up;A;1185533
Key Up;S;1185549
Key Down;W;1185605
Key Down;D;1185757
Key Up;D;1185901
Key Up;W;1185941
Key Down;A;1186005
Key Down;D;1186149
Key Up;A;1186157
Key Down;W;1186317
Key Up;D;1186381
Key Down;D;1186461
Key Up;D;1186661
Key Down;D;1186845
Key Up;D;1186949
Key Up;W;1187117
Key Down;W;1187205
Key Up;W;1187701
Key Down;S;1187797
Key Down;A;1188117
Key Up;S;1188405
Key Down;W;1188517
Key Up;W;1188661
Key Down;W;1188757
Key Up;W;1188837
Key Down;W;1189005
Key Down;S;1189013
Key Up;W;1189149
Key Up;S;1189293
Key Down;D;1189317
Key Up;A;1189357
Key Up;D;1189485
Key Down;A;1189501
Key Up;A;1189621
Key Down;Tab;1191373
Key Up;Tab;1193397
Key Down;W;1193549
Key Down;Left Shift;1193717
Key Up;Left Shift;1207214
Key Down;D;1207214
Key Up;W;1207317
Key Up;D;1207413
Key Down;S;1207573
Key Up;S;1208013
Key Down;W;1208061
Key Up;W;1208309
Key Down;S;1208397
Key Up;S;1208805
Key Down;W;1208893
Key Up;W;1209341
Key Down;A;1209373
Key Down;W;1209509
Key Up;A;1209525
Key Up;W;1209653
Key Down;D;1210349
Key Up;D;1210709
Key Down;S;1210813
Key Up;S;1211725
Key Down;C;1211941
Key Up;C;1212205
Key Down;S;1214165
Key Down;A;1215013
Key Up;S;1215133
Key Down;W;1215221
Key Up;A;1215293
Key Down;A;1215381
Key Up;W;1215453
Key Down;W;1215573
Key Up;A;1215677
Key Down;Left Shift;1215685
Key Up;Left Shift;1215749
Key Down;Tab;1215853
Key Up;Tab;1216013
Key Down;Left Shift;1216197
Key Up;Left Shift;1217094
Key Down;D;1217101
Key Up;W;1217181
Key Down;S;1217261
Key Up;D;1217333
Key Down;A;1217341
Key Up;A;1217701
Key Down;D;1217709
Key Up;D;1218109
Key Up;S;1218149
Key Down;Tab;1218477
Key Up;Tab;1219421
Key Down;Tab;1221125
Key Up;Tab;1229253
Key Down;Left Alt;1230661
Key Down;Tab;1230749
Key Up;Left Alt;1230861
Key Up;Tab;1230909
