Event;Key;Time
Key Down;Left Shift;5609
Key Down;L;5673
Key Up;L;5761
Key Up;Left Shift;5777
Key Down;O;5889
Key Up;O;6001
Key Down;Left Shift;7281
Key Down;L;7473
Key Up;Left Shift;7600
Key Up;L;7616
Key Down;O;7697
Key Up;O;7809
Key Down;A;8241
Key Up;A;8321
Key Down;Retour arrière;8585
Key Down;M;8657
Key Up;Retour arrière;8673
Key Up;M;8777
Key Down;A;8785
Key Up;A;8897
Key Down;D;8913
Key Up;D;9001
Key Down;R;9088
Key Down;I;9168
Key Up;R;9184
Key Down;E;9225
Key Up;I;9273
Key Down;L;9321
Key Up;E;9337
Key Up;L;9433
Key Down;Entrée;9505
Key Up;Entrée;9585
Key Down;Point-virgule;108993
Key Down;Left Shift;112264
Key Up;Left Shift;113424
Key Up;Point-virgule;113720
Key Down;Point-virgule;114552
Key Up;Point-virgule;115361
Key Down;Point-virgule;116232
Key Up;Point-virgule;116768
Key Down;U;117016
Key Up;U;117353
Key Down;Point-virgule;118432
Key Up;Point-virgule;118721
Key Down;E;119265
Key Up;E;119393
Key Down;E;120304
Key Up;E;120440
Key Down;U;120497
Key Down;E;120577
Key Up;U;120593
Key Up;E;120673
Key Down;E;120904
Key Up;E;121688
Key Down;E;122569
Key Up;E;122704
Key Down;E;122848
Key Up;E;122936
Key Down;Virgule;123145
Key Down;E;123145
Key Up;Virgule;123209
Key Up;E;123209
Key Down;Virgule;123369
Key Up;Virgule;123713
Key Down;E;123993
Key Up;E;124136
Key Down;Left Alt;124360
Key Down;Tab;124432
Key Up;Left Alt;124592
Key Up;Tab;124594
Key Up;Left Control;128351
Key Down;Z;130873
Key Up;Z;131049
Key Down;S;131272
Key Up;S;131649
Key Down;G;131817
Key Up;G;131912
Key Down;F;132208
Key Up;F;132393
Key Down;F;132552
Key Up;F;132680
Key Down;F;132776
Key Up;F;132872
Key Down;F;132953
Key Up;F;133057
Key Down;F;133136
Key Up;F;133232
Key Down;F;133312
Key Up;F;133408
Key Down;F;133488
Key Up;F;133593
Key Down;F;133681
Key Up;F;135248
Key Down;Z;136928
Key Down;Left Shift;137240
Key Up;Left Shift;137808
Key Down;Left Shift;138576
Key Up;Left Shift;142953
Key Down;Espace;143865
Key Up;Espace;144064
Key Down;Espace;144569
Key Up;Espace;144785
Key Down;Espace;145032
Key Up;Espace;145240
Key Down;Espace;145393
Key Up;Espace;145840
Key Up;Z;145904
Key Down;Z;146056
Key Down;Espace;146128
Key Up;Z;146289
Key Up;Espace;146313
Key Down;S;146472
Key Down;Espace;146568
Key Up;Espace;146728
Key Down;Espace;146880
Key Up;Espace;147016
Key Down;Espace;147136
Key Up;Espace;147264
Key Up;S;147296
Key Down;Z;147656
Key Up;Z;147768
Key Down;Z;147848
Key Up;Z;147945
Key Down;Left Shift;148336
Key Up;Left Shift;148520
Key Down;Z;148968
Key Down;Left Shift;150169
Key Up;Left Shift;156393
Key Up;Z;157072
Key Down;Espace;160561
Key Up;Espace;160688
Key Down;Echap;161096
Key Up;Echap;161224
Key Down;Droite;162633
Key Up;Droite;162768
Key Down;Entrée;162856
Key Up;Entrée;162936
Key Down;Z;163480
Key Down;Left Shift;163641
Key Up;Left Shift;163776
Key Down;Left Shift;164032
Key Up;Left Shift;164176
Key Down;Left Shift;164321
Key Down;Espace;164584
Key Up;Espace;164713
Key Down;Espace;165032
Key Up;Espace;165136
Key Down;Espace;165305
Key Up;Espace;165440
Key Down;Espace;166128
Key Up;Espace;166280
Key Down;Espace;166800
Key Up;Espace;166944
Key Up;Left Shift;167352
Key Down;Left Shift;167832
Key Down;Espace;168816
Key Up;Espace;168912
Key Up;Left Shift;172872
Key Down;Left Shift;173032
Key Up;Left Shift;176417
Key Up;Z;177576
Key Down;S;177849
Key Up;S;178976
Key Down;Z;179185
Key Up;Z;179488
Key Down;Z;179993
Key Down;Left Shift;183656
Key Down;Espace;184344
Key Up;Espace;184480
Key Down;Espace;185009
Key Up;Espace;185113
Key Up;Left Shift;186128
Key Down;Left Shift;189816
Key Down;Espace;189952
Key Up;Espace;190089
Key Down;Espace;190336
Key Up;Espace;190480
Key Down;Espace;190840
Key Up;Espace;190976
Key Up;Left Shift;191480
Key Up;Z;191816
Key Down;Z;193136
Key Down;Left Shift;193713
Key Up;Left Shift;194625
Key Down;Left Shift;195888
Key Down;Espace;195944
Key Up;Espace;196064
Key Down;Espace;196232
Key Up;Espace;196368
Key Down;Espace;196520
Key Up;Espace;196656
Key Down;Espace;196961
Key Up;Espace;197113
Key Down;Espace;197344
Key Up;Espace;197520
Key Down;Espace;197720
Key Up;Espace;197872
Key Up;Left Shift;198360
Key Down;Left Shift;199096
Key Down;Espace;199264
Key Up;Espace;199376
Key Down;Espace;199584
Key Up;Espace;199673
Key Up;Left Shift;199880
Key Down;Espace;200304
Key Up;Espace;200464
Key Down;Espace;200649
Key Up;Espace;200768
Key Down;Left Shift;201641
Key Down;Espace;201736
Key Up;Espace;201864
Key Down;Espace;202401
Key Up;Espace;202512
Key Down;Espace;202753
Key Up;Espace;202880
Key Up;Left Shift;203144
Key Down;Left Shift;208657
Key Up;Left Shift;209040
Key Up;Z;209088
Key Down;Z;209496
Key Up;Z;209712
Key Down;Z;210496
Key Up;Z;211112
Key Down;F;211216
Key Up;F;213128
Key Down;Z;213785
Key Down;Left Shift;214457
Key Down;Espace;214656
Key Up;Espace;214864
Key Up;Left Shift;215128
Key Down;Q;215368
Key Up;Z;215609
Key Down;Z;216432
Key Up;Q;216625
Key Down;Left Shift;217152
Key Up;Left Shift;219129
Key Up;Z;220176
Key Down;Z;220568
Key Down;D;220976
Key Up;Z;221112
Key Down;Z;222280
Key Up;D;222592
Key Down;Left Shift;222792
Key Down;Espace;222920
Key Up;Espace;223064
Key Up;Left Shift;223393
Key Down;Left Shift;224128
Key Down;Espace;224288
Key Up;Espace;224481
Key Up;Left Shift;224824
Key Up;Z;224936
Key Down;D;225152
Key Down;S;225472
Key Up;D;225656
Key Down;D;226344
Key Up;S;226928
Key Down;Z;227088
Key Up;Z;228136
Key Up;D;228160
Key Down;S;228337
Key Down;Espace;230984
Key Down;Left Shift;231048
Key Up;Espace;231192
Key Up;Left Shift;232009
Key Up;S;232569
Key Down;Q;232632
Key Down;S;232640
Key Up;Q;232688
Key Up;S;232816
Key Down;S;234856
Key Down;Q;235312
Key Up;S;235448
Key Down;S;235840
Key Up;Q;235984
Key Down;Espace;236080
Key Up;Espace;236232
Key Up;S;237368
Key Down;Z;237648
Key Down;Espace;237944
Key Up;Espace;238088
Key Up;Z;238504
Key Down;Q;239768
Key Down;Z;239912
Key Down;Espace;240081
Key Up;Espace;240185
Key Down;Espace;240488
Key Up;Espace;240640
Key Up;Q;240904
Key Down;Espace;242304
Key Up;Espace;242440
Key Down;Espace;242792
Key Up;Espace;242880
Key Down;Espace;243112
Key Up;Espace;243256
Key Down;Espace;243408
Key Up;Espace;243544
Key Down;Espace;243704
Key Up;Espace;243864
Key Down;Espace;244808
Key Up;Espace;244896
Key Down;Left Shift;245288
Key Up;Left Shift;247120
Key Down;D;248128
Key Up;D;248600
Key Down;D;248824
Key Down;Q;251320
Key Up;D;251360
Key Up;Q;252472
Key Down;Left Shift;252744
Key Down;Espace;253464
Key Up;Espace;253560
Key Down;Espace;253984
Key Up;Espace;254120
Key Up;Left Shift;254424
Key Up;Z;256072
Key Down;F;256328
Key Down;S;258712
Key Up;F;258856
Key Up;S;259152
Key Down;F;259336
Key Up;F;260760
Key Down;Echap;261880
Key Up;Echap;261968
Key Down;Z;262344
Key Down;Left Shift;262608
Key Up;Left Shift;266072
Key Up;Z;266176
Key Down;D;266256
Key Down;Q;268408
Key Up;D;268424
Key Down;S;270360
Key Up;Q;270592
Key Down;Espace;272752
Key Up;Espace;272879
Key Up;S;273824
Key Down;S;273872
Key Down;Q;274128
Key Up;S;274160
Key Down;S;274688
Key Down;Espace;274800
Key Up;Espace;274944
Key Up;Q;275424
Key Up;S;275568
Key Down;S;275888
Key Down;Espace;277936
Key Up;Espace;278040
Key Down;D;279944
Key Up;D;280888
Key Up;S;281696
Key Down;Z;281816
Key Up;Z;282184
Key Down;S;282344
Key Up;S;284248
Key Down;Z;285312
Key Down;Left Shift;286968
Key Up;Left Shift;287184
Key Down;Left Shift;287944
Key Up;Left Shift;288960
Key Down;Left Shift;289760
Key Down;Espace;292368
Key Up;Espace;292464
Key Down;Espace;293263
Key Up;Espace;293384
Key Down;Espace;293816
Key Up;Espace;293936
Key Down;Espace;294248
Key Up;Espace;294352
Key Up;Left Shift;294560
Key Down;Q;295416
Key Up;Z;295584
Key Down;Z;296160
Key Up;Q;296455
Key Down;Left Shift;296600
Key Down;Espace;296632
Key Up;Espace;296744
Key Down;Espace;296985
Key Up;Espace;297120
Key Up;Left Shift;297432
Key Down;Left Shift;297744
Key Up;Left Shift;298320
Key Down;Left Shift;299624
Key Up;Left Shift;305360
Key Down;Q;305976
Key Up;Q;306344
Key Down;Left Shift;306432
Key Up;Left Shift;306592
Key Down;Q;307280
Key Down;Left Shift;308000
Key Down;Espace;308040
Key Up;Espace;308160
Key Up;Left Shift;308568
Key Up;Q;308584
Key Down;Left Shift;309080
Key Down;Espace;309776
Key Up;Espace;309896
Key Down;Espace;310216
Key Up;Espace;310320
Key Up;Left Shift;310823
Key Down;Left Shift;312088
Key Up;Left Shift;312664
Key Down;F;312920
Key Up;Z;312936
Key Up;F;313063
Key Down;Z;313192
Key Down;Left Shift;314088
Key Up;Left Shift;319207
Key Up;Z;319240
Key Down;Z;319488
Key Down;Q;319616
Key Up;Q;320335
Key Up;Z;321528
Key Down;Z;323096
Key Up;Z;323431
Key Down;D;323591
Key Down;Z;325455
Key Up;D;326280
Key Down;Q;326415
Key Up;Z;326527
Key Down;Espace;327072
Key Up;Espace;327160
Key Down;D;328128
Key Up;Q;328144
Key Down;Espace;328336
Key Up;Espace;328472
Key Up;D;328944
Key Down;Q;328984
Key Down;Espace;329264
Key Up;Espace;329392
Key Up;Q;329712
Key Down;D;330144
Key Down;Espace;330375
Key Up;Espace;330519
Key Up;D;330647
Key Down;S;330840
Key Down;Espace;331616
Key Up;Espace;331704
Key Down;Espace;334384
Key Up;Espace;334487
Key Up;S;335736
Key Down;Z;335968
Key Up;Z;337048
Key Down;Z;337335
Key Down;Left Shift;337559
Key Down;Espace;337712
Key Up;Espace;337816
Key Up;Left Shift;338112
Key Down;Left Shift;338840
Key Down;Espace;338864
Key Up;Espace;338968
Key Down;Espace;339559
Key Up;Espace;339671
Key Down;Espace;340064
Key Up;Espace;340192
Key Up;Left Shift;340647
Key Down;Left Shift;341303
Key Up;Left Shift;341456
Key Down;Left Shift;341879
Key Up;Left Shift;342888
Key Down;Left Shift;343752
Key Up;Left Shift;344543
Key Down;Left Shift;345247
Key Up;Left Shift;346832
Key Down;Left Shift;347408
Key Down;C;348799
Key Up;C;349232
Key Down;V;350288
Key Up;V;350496
Key Up;Left Shift;351440
Key Down;Left Shift;353247
Key Down;V;354235
Key Up;V;354352
Key Up;Left Shift;354784
Key Up;Z;355591
Key Down;C;367080
Key Up;C;367224
Key Down;C;368096
Key Up;C;368175
Key Down;S;384664
Key Up;S;385159
Key Down;Z;389272
Key Down;Left Shift;389519
Key Down;Espace;390872
Key Up;Espace;390968
Key Down;Espace;391567
Key Up;Espace;391663
Key Up;Left Shift;392176
Key Up;Z;392896
Key Down;Z;393280
Key Down;Left Shift;393368
Key Down;Espace;393519
Key Up;Espace;393623
Key Down;Espace;394007
Key Up;Espace;394127
Key Up;Left Shift;394928
Key Down;Left Shift;395008
Key Up;Left Shift;395200
Key Down;Left Shift;395456
Key Up;Left Shift;396408
Key Up;Z;396720
Key Down;S;397032
Key Down;D;397832
Key Up;S;398000
Key Up;D;399535
Key Down;Q;399551
Key Down;Espace;400056
Key Up;Espace;400136
Key Down;Z;400808
Key Up;Q;401168
Key Down;Espace;401184
Key Up;Espace;401287
Key Down;Q;402503
Key Down;Espace;402648
Key Up;Espace;402752
Key Up;Q;403424
Key Up;Z;403456
Key Down;D;403496
Key Down;Z;403576
Key Down;Espace;403768
Key Up;Espace;403928
Key Up;Z;404263
Key Up;D;404311
Key Down;S;404472
Key Down;Espace;404536
Key Up;Espace;404776
Key Down;D;404872
Key Down;Espace;404991
Key Up;Espace;405160
Key Up;S;405408
Key Up;D;405424
Key Down;Q;405543
Key Up;Q;406136
Key Down;S;406224
Key Down;Espace;407312
Key Up;Espace;407416
Key Up;S;408120
Key Down;D;408224
Key Up;D;409024
Key Down;Z;409696
Key Up;Z;410151
Key Down;Q;411408
Key Down;Z;411663
Key Down;Espace;411832
Key Up;Espace;411976
Key Down;Espace;412624
Key Up;Espace;412735
Key Down;Espace;414127
Key Up;Espace;414248
Key Down;Espace;415503
Key Up;Espace;415615
Key Up;Q;416223
Key Up;Z;416319
Key Down;Z;416616
Key Down;Left Shift;417151
Key Up;Left Shift;417303
Key Down;Left Shift;418296
Key Down;Espace;420968
Key Up;Espace;421088
Key Down;Espace;421759
Key Up;Espace;421872
Key Up;Left Shift;423191
Key Down;Q;423607
Key Up;Q;424536
Key Down;D;424895
Key Up;D;425031
Key Up;Z;425336
Key Down;Q;427199
Key Down;Z;427343
Key Up;Q;428600
Key Down;D;428680
Key Down;Espace;429240
Key Up;Espace;429352
Key Up;D;429472
Key Up;Z;429655
Key Down;Q;430024
Key Up;Q;430447
Key Down;S;431431
Key Down;Espace;431615
Key Up;Espace;431751
Key Up;S;432304
Key Down;S;433879
Key Down;Espace;433919
Key Up;Espace;434055
Key Up;S;435175
Key Down;Z;435464
Key Down;Espace;435727
Key Up;Espace;435808
Key Down;Q;436383
Key Down;Espace;436440
Key Up;Espace;436576
Key Up;Q;437287
Key Down;Q;437799
Key Down;Espace;438007
Key Up;Espace;438152
Key Down;Espace;438599
Key Up;Espace;438720
Key Down;Espace;439192
Key Up;Espace;439335
Key Up;Q;439815
Key Down;Left Shift;439991
Key Up;Left Shift;440424
Key Up;Z;440600
Key Down;S;440959
Key Down;Espace;441207
Key Up;Espace;441320
Key Down;Q;442175
Key Down;Espace;442271
Key Up;Espace;442367
Key Up;S;442616
Key Up;Q;442632
Key Down;D;442864
Key Down;Espace;443271
Key Up;Espace;443423
Key Down;S;443760
Key Up;D;443792
Key Down;Espace;443912
Key Up;Espace;444095
Key Down;Q;444383
Key Down;Espace;444440
Key Up;Espace;444568
Key Up;Q;444880
Key Down;Espace;446287
Key Up;Espace;446423
Key Down;Q;449768
Key Up;S;449792
Key Up;Q;451824
Key Down;D;451936
Key Down;Q;453216
Key Up;D;453224
Key Down;Z;453679
Key Down;Espace;454360
Key Up;Espace;454512
Key Down;Espace;455552
Key Up;Espace;455711
Key Down;Espace;456464
Key Up;Espace;456681
Key Up;Q;459639
Key Down;Espace;459896
Key Up;Espace;460015
Key Down;Left Shift;461303
Key Up;Left Shift;462847
Key Up;Z;464087
Key Down;S;464367
Key Down;Espace;464479
Key Down;Q;464544
Key Up;Espace;464608
Key Up;Q;464920
Key Up;S;464935
Key Down;Q;465375
Key Down;Espace;465487
Key Up;Espace;465616
Key Up;Q;465968
Key Down;D;466223
Key Down;Espace;466327
Key Up;Espace;466511
Key Up;D;466847
Key Down;D;467367
Key Down;Espace;467736
Key Up;Espace;467911
Key Down;Z;468175
Key Up;D;468319
Key Down;D;470015
Key Up;D;471463
Key Up;Z;471511
Key Down;Q;472567
Key Down;Espace;472631
Key Up;Espace;472760
Key Up;Q;474159
Key Down;D;474719
Key Down;Espace;474943
Key Up;Espace;475159
Key Up;D;476551
Key Down;D;476583
Key Down;Z;476703
Key Up;D;476743
Key Down;Espace;477240
Key Up;Espace;477408
Key Up;Z;477751
Key Down;Echap;477967
Key Up;Echap;478079
Key Down;Volume Down;481232
Key Up;Volume Down;481360
Key Down;Volume Down;481439
Key Up;Volume Down;481519
Key Down;Volume Down;481600
Key Up;Volume Down;481624
Key Down;Mute;481992
Key Up;Mute;482072
Key Down;Left Alt;482871
Key Down;Tab;482911
Key Up;Tab;483190
