Event;Key;Time
Key Down;Escape;1764
Key Up;Escape;1899
Key Down;W;2403
Key Up;W;2467
Key Down;D;2851
Key Up;D;3043
Key Down;D;3659
Key Up;D;3827
Key Down;D;4051
Key Up;D;4187
Key Down;W;4379
Key Down;D;4531
Key Up;D;4779
Key Up;W;6115
Key Down;W;8404
Key Up;W;8531
Key Down;S;8939
Key Up;S;9067
Key Down;W;9867
Key Down;Space;10155
Key Up;Space;10787
Key Down;Space;11163
Key Up;Space;11827
Key Down;Left Shift;12220
Key Up;Left Shift;12419
Key Down;Left Shift;12683
Key Up;Left Shift;12787
Key Up;W;12915
Key Down;D;13243
Key Down;W;13483
Key Up;D;13531
Key Down;R;13667
Key Up;R;13883
Key Up;W;14163
Key Down;W;14291
Key Up;W;14587
Key Down;W;15403
Key Down;A;15747
Key Up;A;15851
Key Up;W;15867
Key Down;W;16331
Key Down;A;16755
Key Up;A;16979
Key Down;D;17267
Key Up;D;17395
Key Up;W;17547
Key Down;A;17699
Key Up;A;17827
Key Down;W;18155
Key Up;W;18291
Key Down;W;18604
Key Down;Space;18651
Key Up;W;18795
Key Up;Space;18827
Key Down;A;19627
Key Up;A;19731
Key Down;D;19756
Key Up;D;19915
Key Down;D;20003
Key Down;W;20107
Key Up;D;20355
Key Down;D;20836
Key Down;Space;21092
Key Up;Space;21283
Key Up;D;21379
Key Down;D;21579
Key Up;D;21811
Key Up;W;22019
Key Down;W;22235
Key Down;D;22491
Key Up;D;22619
Key Up;W;22787
Key Down;W;23723
Key Up;W;23827
Key Down;R;24780
Key Up;R;24979
Key Down;W;25483
Key Down;D;25780
Key Up;D;26019
Key Down;D;26262
Key Up;D;26483
Key Up;W;27131
Key Down;W;27347
Key Up;W;27611
Key Down;W;27819
Key Down;D;27893
Key Up;W;28187
Key Up;D;28187
Key Down;S;28955
Key Up;S;29083
Key Down;W;29339
Key Down;Space;29651
Key Up;Space;30891
Key Down;Space;32660
Key Up;Space;32987
Key Down;D;34603
Key Up;D;34787
Key Down;D;35059
Key Up;W;35131
Key Up;D;35227
Key Down;D;35731
Key Up;D;35979
Key Down;D;36212
Key Down;W;36355
Key Up;D;36404
Key Down;D;36612
Key Up;W;36883
Key Up;D;37027
Key Down;W;37220
Key Down;D;37387
Key Up;D;37691
Key Down;Space;38220
Key Up;Space;38667
Key Down;Space;39211
Key Up;Space;39387
Key Up;W;39467
Key Down;D;39699
Key Up;D;39811
Key Down;D;39964
Key Down;W;40107
Key Up;D;40171
Key Down;A;40171
Key Up;A;40587
Key Up;W;40611
Key Down;D;40620
Key Up;D;40747
Key Down;W;40819
Key Down;A;41035
Key Down;Space;41075
Key Up;A;41211
Key Up;Space;41307
Key Down;D;41315
Key Down;Space;41491
Key Up;Space;41627
Key Up;D;41859
Key Up;W;41923
Key Down;D;42059
Key Down;W;42100
Key Up;D;42171
Key Down;A;42276
Key Down;D;42475
Key Up;A;42483
Key Up;D;42563
Key Down;D;42756
Key Up;W;42827
Key Up;D;42939
Key Down;D;43139
Key Up;D;43251
Key Down;W;43427
Key Down;Space;43603
Key Up;Space;43835
Key Down;Space;44139
Key Down;A;44275
Key Up;Space;44291
Key Up;W;44507
Key Up;A;44579
Key Down;A;45051
Key Down;Space;45148
Key Down;W;45179
Key Up;A;45355
Key Down;D;45587
Key Up;Space;45603
Key Down;Space;45683
Key Up;Space;46011
Key Up;D;46099
Key Up;W;46147
Key Down;W;47716
Key Down;Space;48539
Key Up;Space;49043
Key Down;Space;49227
Key Up;Space;49347
Key Down;D;49707
Key Up;D;49843
Key Up;W;49947
Key Down;W;50027
Key Up;W;50187
Key Down;W;50531
Key Down;Space;50867
Key Down;D;50971
Key Up;Space;51027
Key Up;D;51619
Key Down;A;51707
Key Up;A;51891
Key Down;Space;52131
Key Up;Space;52419
Key Down;D;52419
Key Up;W;52587
Key Up;D;52587
Key Down;W;53251
Key Down;A;53611
Key Down;Space;53644
Key Up;A;53699
Key Down;A;53803
Key Up;Space;53844
Key Up;W;54115
Key Down;S;54619
Key Up;A;54708
Key Up;S;54723
Key Down;W;54835
Key Down;D;54956
Key Up;W;55011
Key Up;D;55251
Key Down;D;55459
Key Up;D;55651
Key Down;W;58164
Key Down;D;58171
Key Up;D;58339
Key Up;W;58499
Key Down;D;58787
Key Up;D;58915
Key Down;D;59371
Key Up;D;59571
Key Down;D;60444
Key Up;D;60603
Key Down;A;61772
Key Up;A;61867
Key Down;W;62699
Key Up;W;62843
Key Down;W;64555
Key Up;W;64907
Key Down;W;65211
Key Down;D;65211
Key Up;D;65451
Key Down;A;65563
Key Up;A;65755
Key Up;W;65763
Key Down;W;66067
Key Up;W;66203
Key Down;W;66963
Key Down;A;67011
Key Up;A;67203
Key Down;Space;67371
Key Up;Space;67635
Key Down;D;68059
Key Up;D;68347
Key Down;A;68611
Key Down;Space;68811
Key Up;A;68883
Key Up;Space;69139
Key Down;A;69156
Key Up;A;69819
Key Down;D;70075
Key Down;Space;70307
Key Up;D;70411
Key Up;Space;70483
Key Down;Space;70779
Key Up;Space;70931
Key Up;W;70947
Key Down;W;71443
Key Down;D;71675
Key Up;D;71772
Key Up;W;71787
Key Down;W;71963
Key Down;A;71995
Key Up;W;72043
Key Up;A;72115
Key Down;S;72211
Key Up;S;72323
Key Down;W;73131
Key Down;Space;73396
Key Up;Space;73587
Key Down;D;73595
Key Up;D;74403
Key Down;A;74611
Key Up;A;74755
Key Down;Space;74843
Key Up;Space;75179
Key Down;Space;75451
Key Up;Space;75595
Key Up;W;75699
Key Down;D;75907
Key Up;D;75979
Key Down;W;76059
Key Up;W;76379
Key Down;W;78028
Key Down;D;78163
Key Up;D;78387
Key Up;W;78411
Key Down;A;78571
Key Down;W;78595
Key Up;A;78667
Key Up;W;78747
Key Down;D;78764
Key Up;D;78899
Key Down;W;79019
Key Up;W;80243
Key Down;D;80691
Key Up;D;80771
Key Down;Space;80828
Key Up;Space;81051
Key Down;W;81460
Key Down;Left Shift;81635
Key Up;Left Shift;81779
Key Up;W;81859
Key Down;S;81987
Key Down;D;82107
Key Up;S;82339
Key Up;D;82651
Key Down;W;82899
Key Down;D;82979
Key Up;W;83259
Key Down;W;83315
Key Up;D;83403
Key Down;A;84523
Key Up;A;84739
Key Down;Space;85467
Key Up;Space;85867
Key Down;Left Shift;86371
Key Up;Left Shift;86515
Key Down;Space;87203
Key Up;Space;87363
Key Up;W;87531
Key Down;W;87683
Key Up;W;88843
Key Down;W;89291
Key Up;W;89611
Key Down;S;89891
Key Up;S;89963
Key Down;W;90083
Key Up;W;90211
Key Down;Space;91235
Key Down;W;91523
Key Up;Space;91539
Key Up;W;91867
Key Down;R;92075
Key Up;R;92187
Key Down;W;93547
Key Up;W;93891
Key Down;S;94427
Key Up;S;94907
Key Down;D;95363
Key Up;D;95507
Key Down;W;96059
Key Down;A;96195
Key Up;W;96251
Key Up;A;96331
Key Down;W;96531
Key Up;W;96699
Key Down;S;96979
Key Up;S;97203
Key Down;W;97347
Key Down;Space;97763
Key Up;Space;98259
Key Down;Space;99067
Key Up;Space;99315
Key Down;Left Shift;99379
Key Up;Left Shift;99571
Key Down;Space;101627
Key Up;Space;101723
Key Up;W;102051
Key Down;W;103075
Key Down;A;103515
Key Up;A;103811
Key Down;D;104139
Key Up;D;104403
Key Down;Space;104619
Key Up;Space;104875
Key Down;Space;104987
Key Up;Space;105227
Key Down;D;105339
Key Up;D;105547
Key Down;A;105595
Key Up;W;105787
Key Up;A;105947
Key Down;Space;106307
Key Down;W;106547
Key Up;Space;106555
Key Down;D;106787
Key Up;D;107019
Key Down;D;107323
Key Up;D;107459
Key Up;W;107587
Key Down;W;108467
Key Down;D;108556
Key Up;D;108723
Key Down;Space;108971
Key Up;Space;109243
Key Down;Space;109459
Key Up;Space;109611
Key Down;D;109667
Key Up;D;109763
Key Down;Left Shift;110675
Key Up;Left Shift;110859
Key Up;W;111075
Key Down;W;111259
Key Down;D;111388
Key Up;D;111829
Key Down;Space;112427
Key Up;Space;112604
Key Down;D;112756
Key Up;D;113115
Key Down;Left Shift;113307
Key Up;Left Shift;113515
Key Down;D;114291
Key Up;D;114475
Key Down;D;115076
Key Up;W;115163
Key Up;D;115179
Key Down;A;116027
Key Up;A;116243
Key Down;D;116515
Key Down;W;116627
Key Up;D;116715
Key Up;W;116867
Key Down;W;116971
Key Down;Space;117547
Key Up;Space;117787
Key Down;Left Shift;117907
Key Up;Left Shift;118075
Key Down;D;118347
Key Up;D;118515
Key Down;Space;118748
Key Up;Space;118859
Key Up;W;119019
Key Down;W;119931
Key Down;D;120155
Key Up;W;120267
Key Up;D;120331
Key Down;A;120667
Key Down;D;120675
Key Up;A;120755
Key Up;D;121003
Key Down;S;121067
Key Up;S;121203
Key Down;D;121635
Key Up;D;121843
Key Down;D;122019
Key Down;W;122083
Key Up;D;122243
Key Down;Space;122339
Key Up;Space;122571
Key Down;Space;122715
Key Up;Space;123051
Key Down;D;123515
Key Up;D;123699
Key Down;Space;124619
Key Up;Space;124779
Key Down;D;124787
Key Up;D;125211
Key Down;Left Shift;125556
Key Up;Left Shift;125732
Key Down;D;126331
Key Up;D;127075
Key Down;Space;127708
Key Down;D;127803
Key Up;Space;127859
Key Up;D;128179
Key Down;Left Shift;128547
Key Up;Left Shift;128627
Key Down;A;128947
Key Up;W;129051
Key Down;W;129163
Key Down;Left Shift;129452
Key Up;A;129523
Key Up;Left Shift;129555
Key Down;D;129771
Key Up;W;129835
Key Down;W;130067
Key Up;D;130107
Key Down;A;130179
Key Up;A;130459
Key Down;A;130603
Key Up;A;130739
Key Down;D;130763
Key Up;D;131067
Key Down;D;131179
Key Up;D;131483
Key Down;Left Shift;131572
Key Up;Left Shift;131755
Key Down;D;132027
Key Down;Left Shift;132827
Key Up;D;132867
Key Up;Left Shift;133011
Key Down;Left Shift;133411
Key Up;Left Shift;133635
Key Down;Left Shift;134235
Key Up;Left Shift;134363
Key Down;Space;134899
Key Up;Space;135059
Key Down;Left Shift;135419
Key Up;Left Shift;135547
Key Down;D;136627
Key Up;W;136931
Key Down;W;137627
Key Down;Space;137651
Key Up;Space;137867
Key Down;Space;138019
Key Up;Space;138275
Key Up;D;138603
Key Down;Space;139404
Key Up;Space;139579
Key Down;D;139907
Key Down;Left Shift;139995
Key Up;D;140059
Key Up;Left Shift;140179
Key Down;D;141083
Key Up;D;141171
Key Down;D;141379
Key Up;D;141739
Key Down;Space;142339
Key Up;Space;142507
Key Down;Left Shift;143315
Key Up;Left Shift;143523
Key Down;Space;144020
Key Up;Space;144171
Key Down;D;144195
Key Up;D;144339
Key Down;D;145043
Key Up;D;145507
Key Up;W;145859
Key Down;W;146147
Key Down;Space;146419
Key Up;Space;146707
Key Down;Space;146979
Key Up;Space;147307
Key Down;Left Shift;147955
Key Up;Left Shift;148115
Key Up;W;148387
Key Down;A;148459
Key Up;A;148635
Key Down;D;148755
Key Down;W;148820
Key Up;D;149299
Key Down;D;150643
Key Up;D;150747
Key Down;A;151067
Key Up;A;151259
Key Down;D;151364
Key Up;D;151763
Key Down;Space;151779
Key Up;Space;152027
Key Down;Left Shift;152859
Key Up;Left Shift;153019
Key Up;W;153219
Key Down;A;153331
Key Down;W;153443
Key Up;A;153835
Key Down;D;153875
Key Up;D;154043
Key Down;A;154387
Key Up;W;154483
Key Down;W;154619
Key Up;A;154683
Key Down;Left Shift;154755
Key Up;Left Shift;154915
Key Down;A;155364
Key Up;W;155387
Key Down;W;155435
Key Up;A;155683
Key Down;Space;155883
Key Up;Space;156299
Key Down;Left Shift;156411
Key Up;Left Shift;156651
Key Down;D;156795
Key Up;D;157291
Key Down;A;157331
Key Up;A;157787
Key Up;W;157971
Key Down;W;158227
Key Up;W;158971
Key Down;D;159235
Key Down;W;159356
Key Up;D;159507
Key Down;D;159931
Key Down;Space;160339
Key Up;D;160347
Key Up;Space;160635
Key Down;D;161147
Key Up;D;161259
Key Up;W;161291
Key Down;Space;161459
Key Down;W;161643
Key Up;Space;161699
Key Down;D;161787
Key Up;D;162027
Key Up;W;162235
Key Down;W;162380
Key Down;Space;162755
Key Up;Space;162939
Key Down;Left Shift;163291
Key Up;Left Shift;163451
Key Down;Space;164003
Key Up;Space;164139
Key Down;D;164883
Key Up;D;165459
Key Down;Space;166403
Key Up;Space;166563
Key Down;D;166595
Key Up;D;166939
Key Down;Space;166989
Key Up;Space;167203
Key Down;Left Shift;168068
Key Up;Left Shift;168235
Key Up;W;168555
Key Down;A;168571
Key Down;W;168748
Key Up;A;168803
Key Down;D;168923
Key Up;D;169147
Key Down;Space;169595
Key Up;Space;170083
Key Down;Space;170315
Key Up;Space;170491
Key Down;Left Shift;171315
Key Up;Left Shift;171445
Key Up;W;171787
Key Down;A;171851
Key Up;A;171907
Key Down;W;171955
Key Down;D;172019
Key Up;D;172443
Key Down;D;172571
Key Up;D;172699
Key Down;D;173139
Key Up;D;173283
Key Down;A;173427
Key Up;A;173539
Key Down;D;173931
Key Up;D;174387
Key Down;D;174508
Key Up;D;174779
Key Down;Space;175412
Key Down;D;175715
Key Up;Space;175755
Key Up;D;176043
Key Up;W;176171
Key Down;W;176291
Key Down;D;177363
Key Up;D;177899
Key Down;Space;178315
Key Up;Space;178723
Key Down;Left Shift;178947
Key Up;Left Shift;179115
Key Down;Left Shift;179843
Key Up;Left Shift;180091
Key Down;D;181059
Key Up;D;181227
Key Down;D;181507
Key Up;W;181843
Key Down;S;182163
Key Up;D;182203
Key Down;A;182219
Key Up;S;182339
Key Up;A;182347
Key Down;S;182923
Key Down;D;183027
Key Up;S;183171
Key Up;D;183187
Key Down;W;183827
Key Up;W;183947
Key Down;W;184452
Key Down;Space;185315
Key Up;Space;185771
Key Down;Space;185859
Key Up;Space;186043
Key Down;Left Shift;186896
Key Up;Left Shift;187035
Key Up;W;187379
Key Down;D;187507
Key Down;W;187515
Key Up;D;188099
Key Down;Space;190043
Key Up;Space;190251
Key Down;D;190395
Key Up;D;190515
Key Down;D;190667
Key Up;D;191075
Key Down;Space;192707
Key Up;Space;193035
Key Down;Left Shift;193195
Key Up;Left Shift;193395
Key Down;A;193588
Key Up;A;193747
Key Up;W;193763
Key Down;W;193947
Key Down;D;194036
Key Down;A;194139
Key Up;D;194147
Key Up;A;194259
Key Down;D;194371
Key Up;D;194515
Key Up;W;195003
Key Down;D;195603
Key Up;D;195723
Key Down;S;196291
Key Down;A;196339
Key Up;S;196443
Key Up;A;196467
Key Down;W;198283
Key Down;Space;198595
Key Up;Space;198827
Key Up;W;199603
Key Down;W;199907
Key Up;W;200395
Key Down;W;202331
Key Down;Space;202635
Key Up;Space;202795
Key Up;W;203171
Key Down;S;203283
Key Down;A;203323
Key Up;S;203371
Key Up;A;203555
Key Down;D;203579
Key Up;D;203723
Key Down;W;203779
Key Down;Space;203828
Key Down;A;204043
Key Up;Space;204203
Key Up;W;204403
Key Up;A;204499
Key Down;D;204611
Key Up;D;204763
Key Down;W;205035
Key Down;A;205163
Key Up;A;205267
Key Down;Space;205843
Key Down;Left Shift;205939
Key Up;Space;205963
Key Up;Left Shift;206131
Key Up;W;206547
Key Down;W;208099
Key Down;Left Shift;208532
Key Up;Left Shift;208731
Key Down;D;209204
Key Up;D;210043
Key Down;Space;210907
Key Up;Space;211171
Key Down;Left Shift;211404
Key Up;Left Shift;211507
Key Up;W;211891
Key Down;W;212051
Key Down;D;212187
Key Up;D;212243
Key Up;W;212571
Key Down;W;213468
Key Down;Left Shift;213948
Key Up;Left Shift;214131
Key Down;A;214403
Key Up;A;214659
Key Up;W;214739
Key Down;A;215187
Key Up;A;215363
Key Down;W;215804
Key Down;Left Shift;216012
Key Up;Left Shift;216099
Key Up;W;216171
Key Down;W;216307
Key Down;A;216707
Key Up;W;216731
Key Down;Space;216915
Key Up;A;216955
Key Down;W;217091
Key Up;Space;217283
Key Up;W;217419
Key Down;W;220443
Key Down;A;220723
Key Up;W;220915
Key Up;A;221083
Key Down;S;221179
Key Up;S;221427
Key Down;W;221651
Key Up;W;221803
Key Down;W;222355
Key Up;W;222651
Key Down;W;222956
Key Up;W;223060
Key Down;S;223148
Key Down;A;223523
Key Up;A;223619
Key Up;S;223643
Key Down;W;225571
Key Down;D;225595
Key Up;D;225739
Key Down;D;225971
Key Up;D;226219
Key Down;Left Shift;226411
Key Up;Left Shift;226555
Key Up;W;227347
Key Down;W;229820
Key Up;W;229971
Key Down;W;230379
Key Down;Left Shift;230563
Key Up;Left Shift;230755
Key Down;D;231204
Key Up;D;231515
Key Down;D;231707
Key Up;D;232267
Key Down;Space;233180
Key Up;Space;233427
Key Down;Left Shift;233820
Key Up;Left Shift;233972
Key Down;Space;234548
Key Up;Space;234715
Key Up;W;234763
Key Down;D;234827
Key Up;D;235003
Key Down;W;235156
Key Down;D;235163
Key Up;D;235219
Key Down;D;235251
Key Up;W;235387
Key Up;D;235411
Key Down;W;235532
Key Down;D;235571
Key Up;D;235763
Key Down;Space;236731
Key Up;Space;237083
Key Down;Left Shift;237195
Key Up;Left Shift;237427
Key Up;W;237659
Key Down;W;239099
Key Down;D;239243
Key Up;D;239427
Key Down;D;239796
Key Up;D;240003
Key Down;D;240643
Key Up;D;240963
Key Up;W;241267
Key Down;A;242259
Key Up;A;242331
Key Down;W;243099
Key Down;D;243755
Key Up;D;243859
Key Up;W;243899
Key Down;W;244172
Key Down;A;244307
Key Up;A;244571
Key Down;A;244755
Key Up;A;245043
Key Up;W;245099
Key Down;W;245291
Key Down;A;245348
Key Up;A;245563
Key Up;W;245653
Key Down;A;246115
Key Down;W;246211
Key Up;A;246483
Key Up;W;246491
Key Down;W;246595
Key Down;D;246691
Key Up;D;246907
Key Down;A;246923
Key Up;W;247059
Key Up;A;247059
Key Down;W;247196
Key Up;W;247355
Key Down;D;247667
Key Up;D;247827
Key Down;W;248459
Key Up;W;248683
Key Down;W;254875
Key Down;Space;255547
Key Down;D;255771
Key Up;D;255851
Key Up;Space;255867
Key Down;Space;256051
Key Up;Space;256395
Key Down;A;256907
Key Up;A;257171
Key Down;A;257644
Key Up;A;257795
Key Up;W;258769
Key Down;W;259179
Key Down;Space;259363
Key Up;Space;259571
Key Down;Left Shift;259795
Key Up;Left Shift;259931
Key Down;Space;261731
Key Up;Space;261971
Key Down;Left Shift;262091
Key Up;Left Shift;262235
Key Down;Space;262908
Key Up;Space;263235
Key Up;W;263683
Key Down;W;264083
Key Down;Space;265123
Key Up;Space;265283
Key Down;Left Shift;265355
Key Up;Left Shift;265515
Key Down;Left Shift;265691
Key Up;Left Shift;265859
Key Down;Left Shift;266115
Key Up;Left Shift;266331
Key Down;Space;266555
Key Up;Space;266723
Key Down;A;268091
Key Up;W;268299
Key Down;W;268452
Key Up;A;268547
Key Down;Space;269139
Key Up;Space;270004
Key Down;Space;270491
Key Down;A;270707
Key Up;Space;270899
Key Up;W;271123
Key Up;A;271611
Key Down;W;272035
Key Down;Space;272147
Key Up;Space;272483
Key Down;A;272611
Key Up;W;272795
Key Up;A;272867
Key Down;W;274203
Key Up;W;274731
Key Down;W;274987
Key Up;W;275155
Key Down;W;276084
Key Down;Space;276787
Key Up;Space;277067
Key Down;Left Shift;277164
Key Up;Left Shift;277267
Key Down;Space;277819
Key Up;Space;278035
Key Down;Space;278147
Key Up;Space;278499
Key Down;Left Shift;278516
Key Up;Left Shift;278747
Key Down;D;280627
Key Up;D;280771
Key Down;Space;281036
Key Up;Space;281459
Key Down;Space;281579
Key Up;Space;281835
Key Down;Left Shift;281915
Key Up;Left Shift;282099
Key Up;W;282459
Key Down;S;282627
Key Up;S;283035
Key Down;W;283452
Key Up;W;283643
Key Down;W;284123
Key Down;A;284443
Key Up;A;284675
Key Down;A;284939
Key Up;A;285027
Key Down;Space;285924
Key Up;Space;286211
Key Down;Space;286283
Key Up;Space;286491
Key Down;Left Shift;286587
Key Up;Left Shift;286803
Key Down;Left Shift;287459
Key Up;Left Shift;287611
Key Up;W;288347
Key Down;W;290123
Key Down;D;291179
Key Down;Space;291331
Key Up;D;291379
Key Up;Space;291587
Key Down;Left Shift;291740
Key Up;Left Shift;291915
Key Down;A;292443
Key Up;A;292715
Key Up;W;292907
Key Down;A;293643
Key Down;W;293691
Key Up;A;293827
Key Down;D;294235
Key Up;D;294371
Key Down;A;295083
Key Up;A;295171
Key Down;Space;295355
Key Up;Space;295635
Key Down;Space;295883
Key Up;Space;296283
Key Down;Left Shift;296347
Key Up;Left Shift;296515
Key Down;Left Shift;296851
Key Up;Left Shift;297043
Key Up;W;297891
Key Down;W;299275
Key Down;Space;300187
Key Up;Space;300603
Key Down;Space;300748
Key Up;Space;301099
Key Down;Left Shift;301356
Key Up;Left Shift;301444
Key Up;W;302059
Key Down;W;302180
Key Down;A;302291
Key Up;A;302339
Key Down;A;302467
Key Up;A;302587
Key Down;Space;303571
Key Up;Space;303851
Key Down;Space;303955
Key Up;Space;304163
Key Down;Left Shift;304284
Key Up;Left Shift;304467
Key Down;Space;305387
Key Up;Space;305531
Key Down;Left Shift;305547
Key Up;Left Shift;305731
Key Up;W;306371
Key Down;W;307819
Key Down;Space;308555
Key Up;Space;308803
Key Down;Space;308947
Key Up;Space;309115
Key Down;Left Shift;309203
Key Up;Left Shift;309395
Key Down;A;309699
Key Up;W;310507
Key Up;A;310507
Key Down;W;310979
Key Down;D;311187
Key Up;D;311339
Key Down;Space;312331
Key Up;Space;312667
Key Down;Space;312859
Key Up;Space;313067
Key Down;Left Shift;313179
Key Up;Left Shift;313403
Key Down;Left Shift;314436
Key Down;Space;314563
Key Up;Left Shift;314611
Key Up;Space;314612
Key Up;W;315875
Key Down;W;316387
Key Down;Space;316747
Key Up;Space;317051
Key Up;W;317859
Key Down;W;318468
Key Up;W;318739
Key Down;D;318963
Key Down;W;319004
Key Up;D;319099
Key Down;A;319131
Key Up;W;319171
Key Up;A;319203
Key Down;W;319395
Key Down;Space;320107
Key Up;Space;320355
Key Down;Left Shift;320867
Key Up;Left Shift;321035
Key Down;Left Shift;322587
Key Up;Left Shift;322747
Key Up;W;322995
Key Down;W;323363
Key Up;W;324707
Key Down;Left Shift;328171
Key Up;Left Shift;328395
Key Down;Space;331051
Key Down;Left Shift;331155
Key Up;Left Shift;331403
Key Up;Space;331627
Key Down;Left Shift;332171
Key Down;Space;332275
Key Up;Space;332427
Key Up;Left Shift;332603
Key Down;A;332851
Key Down;W;332891
Key Up;W;333019
Key Down;W;333043
Key Down;Space;333051
Key Up;W;333131
Key Up;Space;333395
Key Down;W;333571
Key Up;A;333773
Key Down;D;334027
Key Up;W;334187
Key Down;W;334452
Key Up;D;334563
Key Down;Space;334715
Key Up;Space;334899
Key Down;Space;335059
Key Up;Space;335275
Key Down;Space;335859
Key Up;W;335915
Key Up;Space;335947
Key Down;Space;336019
Key Up;Space;336083
Key Down;Space;336531
Key Up;Space;337291
Key Down;Space;337339
Key Up;Space;337419
Key Down;Space;337459
Key Up;Space;337560
Key Down;Space;337747
Key Up;Space;337867
Key Down;Space;337883
Key Up;Space;337980
Key Down;Space;338019
Key Up;Space;338099
Key Down;Space;338139
Key Up;Space;338227
Key Down;Space;338275
Key Up;Space;338363
Key Down;Space;338411
Key Up;Space;338491
Key Down;Space;338523
Key Up;Space;338635
Key Down;Space;339115
Key Up;Space;339627
Key Down;Escape;340099
Key Up;Escape;340283
Key Down;Escape;346235
Key Up;Escape;346387
Key Down;Escape;356723
Key Up;Escape;356891
Key Down;Escape;357955
Key Up;Escape;358123
Key Down;A;359043
Key Down;W;359099
Key Up;A;359323
Key Down;Space;360043
Key Up;Space;360331
Key Down;Space;360443
Key Up;Space;360891
Key Down;D;361819
Key Up;D;361987
Key Down;Space;362139
Key Up;Space;362675
Key Down;Space;362899
Key Up;Space;363307
Key Down;Left Shift;363371
Key Up;Left Shift;363683
Key Down;Space;363723
Key Up;Space;364043
Key Down;Left Shift;364051
Key Down;Space;364140
Key Up;Space;364379
Key Up;Left Shift;364411
Key Down;Space;364507
Key Down;Left Shift;364923
Key Up;Space;364931
Key Down;Space;365099
Key Up;Space;365691
Key Up;Left Shift;365811
Key Up;W;365955
Key Down;R;365955
Key Up;R;366115
Key Down;W;366555
Key Up;W;366899
Key Down;W;367859
Key Down;Space;368627
Key Up;Space;369035
Key Down;Space;369228
Key Up;Space;369494
Key Down;Left Shift;369611
Key Up;Left Shift;369821
Key Down;A;369947
Key Up;A;370083
Key Up;W;370267
Key Down;W;370283
Key Down;D;370339
Key Up;D;370555
Key Down;A;370963
Key Up;A;371187
Key Down;Space;371763
Key Up;Space;372115
Key Down;Space;372187
Key Up;Space;372459
Key Down;Left Shift;372564
Key Up;Left Shift;372811
Key Down;D;373188
Key Up;D;373283
Key Down;Left Shift;373523
Key Up;Left Shift;373787
Key Up;W;374627
Key Down;W;375579
Key Down;Space;376763
Key Up;Space;377163
Key Down;Space;377339
Key Up;Space;377515
Key Down;Left Shift;377539
Key Up;Left Shift;377699
Key Up;W;378051
Key Down;W;379035
Key Down;A;379331
Key Up;A;379475
Key Down;Space;380619
Key Up;Space;380899
Key Down;Space;381011
Key Up;Space;381267
Key Down;Left Shift;381371
Key Up;Left Shift;381547
Key Down;Space;382435
Key Up;Space;382539
Key Down;Left Shift;382563
Key Up;Left Shift;382739
Key Down;Space;384227
Key Up;Space;384475
Key Down;D;385987
Key Up;W;386035
Key Down;W;386091
Key Up;D;386307
Key Down;A;386435
Key Up;A;386595
Key Down;D;386619
Key Up;D;386787
Key Down;A;386931
Key Up;W;387227
Key Down;W;387595
Key Up;A;387779
Key Down;D;387811
Key Up;W;387907
Key Up;D;388099
Key Down;W;388435
Key Up;W;388635
Key Down;Space;388875
Key Down;W;388995
Key Up;Space;389307
Key Up;W;389443
Key Down;D;389819
Key Up;D;390035
Key Down;W;390739
Key Down;Space;390819
Key Down;D;391059
Key Up;Space;391107
Key Up;D;391443
Key Up;W;391595
Key Down;E;392267
Key Up;E;392459
Key Down;Q;392739
Key Up;Q;392963
Key Down;E;393035
Key Up;E;393299
Key Down;W;393483
Key Down;E;393595
Key Down;Space;393819
Key Up;E;393907
Key Up;Space;394083
Key Down;E;394235
Key Up;E;394443
Key Down;A;394507
Key Up;W;394923
Key Up;A;395403
Key Down;D;395691
Key Up;D;395955
Key Down;E;397164
Key Down;W;397171
Key Up;E;397419
Key Down;Space;397843
Key Up;Space;398163
Key Down;Space;398283
Key Up;Space;398843
Key Down;D;399204
Key Up;D;399787
Key Down;D;400451
Key Up;D;400867
Key Up;W;400899
Key Down;W;401083
Key Down;D;401139
Key Up;D;401171
Key Up;W;401475
Key Down;A;401660
Key Down;S;401675
Key Up;S;401811
Key Up;A;401827
Key Down;D;402235
Key Up;D;402379
Key Down;A;402654
Key Up;A;402771
Key Down;W;404099
Key Down;Left Shift;404163
Key Up;Left Shift;404411
Key Up;W;404443
Key Down;W;405395
Key Down;Space;406523
Key Up;Space;406867
Key Up;W;407003
Key Down;W;407435
Key Up;W;407691
Key Down;S;408468
Key Up;S;408819
Key Down;W;409092
Key Down;Left Shift;412523
Key Up;Left Shift;412699
Key Down;Space;416947
Key Up;Space;417099
Key Up;W;417427
Key Down;W;417499
Key Down;Left Shift;417884
Key Up;Left Shift;418019
Key Up;W;418347
Key Down;S;418531
Key Up;S;418764
Key Down;A;419675
Key Up;A;419875
Key Down;A;420051
Key Up;A;420307
Key Down;A;420884
Key Up;A;421195
Key Down;W;421444
Key Up;W;421699
Key Down;W;421763
Key Up;W;422451
Key Down;S;422547
Key Down;D;422699
Key Up;S;422819
Key Down;W;423219
Key Up;D;423427
Key Up;W;423451
Key Down;D;423611
Key Up;D;423811
Key Down;D;424315
Key Down;W;424347
Key Up;D;424443
Key Up;W;424491
Key Down;A;424635
Key Up;A;424835
Key Down;D;424996
Key Down;W;425083
Key Up;D;425187
Key Up;W;425435
Key Down;W;425571
Key Down;Space;425668
Key Up;Space;425819
Key Down;A;426070
Key Up;W;426083
Key Up;A;426227
Key Down;W;426347
Key Down;A;426707
Key Up;A;426891
Key Up;W;427011
Key Down;A;427467
Key Up;A;427595
Key Down;W;428267
Key Down;A;428485
Key Up;A;428587
Key Up;W;428619
Key Down;W;428731
Key Down;A;429139
Key Up;A;429371
Key Down;A;429603
Key Up;A;429691
Key Down;A;429724
Key Up;A;429915
Key Up;W;430091
Key Down;W;430420
Key Down;A;430572
Key Up;W;430947
Key Up;A;431043
Key Down;D;431275
Key Down;W;431619
Key Up;D;431683
Key Down;Space;432075
Key Up;Space;432579
Key Down;Space;432731
Key Up;Space;433579
Key Down;Space;434244
Key Up;Space;434523
Key Down;Space;434620
Key Up;Space;434819
Key Down;Space;434883
Key Up;Space;435123
Key Up;W;436355
Key Down;D;436547
Key Up;D;436651
Key Down;A;436700
Key Up;A;436843
Key Down;W;436939
Key Down;Space;437099
Key Down;A;437187
Key Up;Space;437219
Key Up;A;437859
Key Up;W;437939
Key Down;D;437979
Key Down;W;438132
Key Up;D;438323
Key Down;Space;438483
Key Up;Space;438883
Key Down;D;439179
Key Up;D;439419
Key Down;A;439667
Key Down;Space;439859
Key Up;Space;440019
Key Up;A;440187
Key Up;W;440203
Key Down;W;440403
Key Up;W;440587
Key Down;W;440875
Key Up;W;441035
Key Down;W;441979
Key Down;Space;442139
Key Up;Space;442339
Key Down;Left Shift;442531
Key Up;Left Shift;442675
Key Up;W;443147
Key Down;D;443540
Key Down;W;443627
Key Up;D;443971
Key Down;Space;444187
Key Up;Space;444379
Key Down;D;444412
Key Up;W;445107
Key Up;D;445467
Key Down;W;446683
Key Up;W;447411
Key Down;A;447603
Key Up;A;447707
Key Down;W;448283
Key Up;W;448587
Key Down;W;449091
Key Up;W;449211
Key Down;D;452491
Key Down;W;452659
Key Up;D;452763
Key Up;W;452819
Key Down;D;453123
Key Up;D;453243
Key Down;W;453307
Key Down;D;453603
Key Up;D;453739
Key Up;W;453811
Key Down;W;453979
Key Up;W;454123
Key Down;W;458548
Key Down;Space;458739
Key Up;Space;459011
Key Down;Space;459131
Key Up;W;459139
Key Down;A;459244
Key Up;Space;459411
Key Down;W;459419
Key Up;A;459531
Key Up;W;459579
Key Down;A;459931
Key Down;W;459947
Key Up;A;460291
Key Down;A;460339
Key Up;A;460555
Key Down;D;460731
Key Up;D;460923
Key Down;A;460996
Key Up;W;461827
Key Up;A;461987
Key Down;W;462484
Key Up;W;463003
Key Down;Space;468355
Key Down;W;468452
Key Up;W;468835
Key Up;Space;468859
Key Down;Space;468963
Key Up;Space;469339
Key Down;A;469347
Key Up;A;469500
Key Down;D;469683
Key Up;D;469875
Key Down;S;470147
Key Up;S;470187
Key Down;S;470524
Key Up;S;470707
Key Down;W;470996
Key Down;Space;471163
Key Down;A;471371
Key Up;W;471419
Key Up;Space;471587
Key Up;A;471611
Key Down;A;471747
Key Down;W;472011
Key Up;A;472251
Key Up;W;472275
Key Down;D;472452
Key Up;D;472555
Key Down;S;472604
Key Up;S;472731
Key Down;W;474299
Key Up;W;474427
Key Down;S;474715
Key Up;S;474883
Key Down;W;475148
Key Up;W;475715
Key Down;S;475875
Key Down;D;475931
Key Up;S;476027
Key Up;D;476195
Key Down;A;476284
Key Up;A;476467
Key Down;D;476669
Key Up;D;476859
Key Down;A;477100
Key Up;A;477587
Key Down;W;477923
Key Up;W;477987
Key Down;W;478028
Key Down;D;478115
Key Up;W;478291
Key Up;D;478307
Key Down;W;478523
Key Up;W;478635
Key Down;A;478795
Key Down;W;478852
Key Up;A;478923
Key Up;W;478963
Key Down;W;481395
Key Up;W;481515
Key Down;S;483219
Key Up;S;483460
Key Down;S;485835
Key Down;A;485899
Key Up;S;486147
Key Up;A;486147
Key Down;A;486612
Key Up;A;486827
Key Down;W;487323
Key Down;A;489132
Key Up;A;489243
Key Down;A;489539
Key Up;A;489787
Key Up;W;489835
Key Down;W;490395
Key Down;D;490427
Key Up;D;490603
Key Down;Space;490875
Key Up;Space;491307
Key Down;Space;491579
Key Down;D;491939
Key Up;Space;492059
Key Up;W;492371
Key Up;D;492547
Key Down;W;492659
Key Up;W;492875
Key Down;D;492931
Key Down;W;492988
Key Up;D;493035
Key Up;W;493083
Key Down;W;493427
Key Up;W;493539
Key Down;W;493988
Key Down;D;494011
Key Up;D;494139
Key Up;W;494267
Key Down;W;494811
Key Up;W;494971
Key Down;W;498531
Key Down;A;498619
Key Up;W;498667
Key Up;A;498771
Key Down;D;500019
Key Up;D;500123
Key Down;W;501595
Key Down;Space;501715
Key Up;Space;501931
Key Up;W;501971
Key Down;A;502059
Key Up;A;502323
Key Down;D;502420
Key Up;D;502619
Key Down;A;502724
Key Up;A;502875
Key Down;D;503595
Key Down;W;503707
Key Up;D;503931
Key Up;W;503947
Key Down;W;504483
Key Up;W;504643
Key Down;D;504843
Key Down;W;504971
Key Up;D;505027
Key Down;D;505188
Key Down;Space;505267
Key Up;Space;505483
Key Up;D;505611
Key Down;D;505996
Key Up;W;506155
Key Down;W;506267
Key Up;D;506459
Key Down;D;506803
Key Down;Space;507899
Key Up;Space;508131
Key Up;W;509411
Key Down;W;509779
Key Down;Space;510076
Key Up;D;510187
Key Up;Space;510235
Key Down;Left Shift;510419
Key Up;Left Shift;510579
Key Down;A;510979
Key Up;W;510995
Key Down;W;511171
Key Up;A;511467
Key Down;A;511596
Key Up;A;511883
Key Down;Space;512300
Key Up;Space;512483
Key Down;Space;512707
Key Down;A;512779
Key Up;Space;512979
Key Up;A;513035
Key Down;D;513227
Key Up;D;513355
Key Down;A;513995
Key Up;A;514187
Key Up;W;514243
Key Down;W;514684
Key Down;A;514955
Key Up;A;515203
Key Down;Space;516147
Key Up;Space;516276
Key Down;Left Shift;516419
Key Up;Left Shift;516515
Key Up;W;516747
Key Down;S;516867
Key Down;A;517100
Key Up;S;517211
Key Up;A;517251
Key Down;W;517291
Key Down;Space;517908
Key Up;Space;518115
Key Down;Left Shift;518236
Key Up;Left Shift;518379
Key Up;W;518723
Key Down;D;518867
Key Down;S;518875
Key Up;D;518995
Key Up;S;519012
Key Down;A;519051
Key Down;W;519115
Key Up;A;519387
Key Up;W;519395
Key Down;W;520507
Key Up;W;520747
Key Down;W;521413
Key Down;Space;521835
Key Down;Left Shift;522195
Key Up;Space;522196
Key Up;Left Shift;522387
Key Up;W;522652
Key Down;A;522733
Key Up;A;522908
Key Down;D;522955
Key Down;W;523091
Key Up;D;523619
Key Down;A;523619
Key Up;A;524028
Key Down;A;524435
Key Up;A;524747
Key Down;Space;525027
Key Up;Space;525307
Key Down;Left Shift;525339
Key Up;Left Shift;525595
Key Down;Space;526051
Key Up;Space;526275
Key Up;W;526371
Key Down;W;529604
Key Down;Space;529963
Key Up;W;530115
Key Up;Space;530155
Key Down;D;530180
Key Down;W;530435
Key Up;D;530795
Key Up;W;530851
Key Down;A;531043
Key Down;D;531155
Key Up;A;531163
Key Up;D;531387
Key Down;D;532776
Key Down;W;532779
Key Up;D;532923
Key Down;Space;533084
Key Up;Space;533411
Key Down;Left Shift;533443
Key Up;Left Shift;533643
Key Down;Left Shift;535852
Key Up;Left Shift;536027
Key Down;A;539139
Key Up;A;539411
Key Down;Space;540219
Key Up;Space;540795
Key Down;Space;540987
Key Up;Space;542427
Key Down;Left Shift;542483
Key Up;Left Shift;542795
Key Down;Left Shift;543827
Key Up;Left Shift;544099
Key Down;D;544931
Key Up;D;545291
Key Down;D;545404
Key Up;D;546243
Key Down;A;546340
Key Up;A;546427
Key Down;D;546747
Key Up;D;547243
Key Up;W;547355
Key Down;W;548947
Key Down;Space;549883
Key Up;Space;550811
Key Down;D;551372
Key Up;D;552283
Key Down;Space;552476
Key Up;Space;553107
Key Down;A;553116
Key Down;Space;553323
Key Up;A;553379
Key Up;Space;553595
Key Down;Left Shift;554020
Key Up;Left Shift;554243
Key Up;W;556851
Key Down;W;557796
Key Up;W;557995
Key Down;W;558723
Key Up;W;558907
Key Down;W;559211
Key Down;D;559363
Key Up;D;559507
Key Down;Space;559987
Key Up;Space;560355
Key Up;W;560931
Key Down;W;560995
Key Up;W;561171
Key Down;Space;561443
Key Down;W;561459
Key Up;Space;561776
Key Down;Space;562075
Key Up;Space;562203
Key Down;D;562347
Key Up;D;562483
Key Down;Space;562548
Key Down;A;562659
Key Up;Space;562779
Key Up;A;562923
Key Down;A;563348
Key Up;A;563780
Key Down;Space;563947
Key Up;Space;564355
Key Down;Space;565235
Key Up;Space;565499
Key Down;Left Shift;565547
Key Up;Left Shift;565699
Key Down;D;565899
Key Up;D;566035
Key Up;W;567243
Key Down;S;567387
Key Up;S;567667
Key Down;W;568156
Key Down;Left Shift;568371
Key Up;Left Shift;568499
Key Up;W;568875
Key Down;W;570148
Key Down;Space;570963
Key Up;Space;571324
Key Down;Left Shift;571499
Key Up;Left Shift;571675
Key Down;Space;572212
Key Down;A;572475
Key Up;Space;572603
Key Up;A;572963
Key Down;Space;573076
Key Down;A;573275
Key Up;Space;573355
Key Down;R;573539
Key Up;A;573547
Key Up;W;573587
Key Up;R;573691
Key Down;W;573781
Key Down;Space;574635
Key Up;Space;574924
Key Down;A;575131
Key Up;A;575411
Key Up;W;575547
Key Down;W;575715
Key Down;D;575843
Key Up;D;576011
Key Down;Space;576091
Key Down;A;576251
Key Up;Space;576299
Key Up;A;576643
Key Up;W;577107
Key Down;W;577307
Key Down;A;577340
Key Up;A;577571
Key Down;Space;577659
Key Up;Space;577987
Key Down;A;578212
Key Down;Left Shift;578219
Key Up;A;578323
Key Up;Left Shift;578435
Key Up;W;578595
Key Down;S;578659
Key Down;D;578803
Key Down;Space;579044
Key Up;D;579051
Key Up;S;579115
Key Down;W;579203
Key Up;Space;579563
Key Down;R;580267
Key Up;R;580547
Key Down;Space;581276
Key Down;A;581403
Key Up;Space;581459
Key Up;A;581892
Key Up;W;581947
Key Down;W;582123
Key Down;D;582332
Key Up;D;582483
Key Down;Space;582668
Key Up;Space;582995
Key Down;A;583051
Key Up;A;583363
Key Up;W;583715
Key Down;A;583773
Key Down;W;583851
Key Up;A;583972
Key Down;Space;584163
Key Up;Space;584339
Key Down;A;584555
Key Up;A;584715
Key Up;W;584923
Key Down;W;585139
Key Down;Space;585531
Key Up;Space;585707
Key Down;A;586004
Key Up;A;586299
Key Up;W;586396
Key Down;W;586588
Key Down;Space;586891
Key Up;Space;587155
Key Down;D;589467
Key Up;D;589611
Key Down;A;589715
Key Up;A;589875
Key Down;Left Shift;590387
Key Up;Left Shift;590571
Key Up;W;591139
Key Down;R;594444
Key Up;R;594603
Key Down;W;595691
Key Down;Space;596547
Key Up;Space;596763
Key Up;W;597275
Key Down;W;597508
Key Down;A;597515
Key Up;A;597643
Key Up;W;597747
Key Down;W;597908
Key Down;Space;598116
Key Up;Space;598379
Key Down;A;598524
Key Up;A;598724
Key Up;W;598795
Key Down;W;598980
Key Down;A;599067
Key Up;A;599171
Key Down;Space;599459
Key Down;A;599596
Key Up;Space;599620
Key Up;A;599795
Key Down;A;600012
Key Up;A;600195
Key Up;W;600459
Key Down;W;600507
Key Down;A;600635
Key Up;A;600907
Key Down;Space;600931
Key Up;Space;601187
Key Down;A;601555
Key Up;A;601875
Key Up;W;601883
Key Down;W;602811
Key Down;Space;603035
Key Up;Space;603723
Key Down;Left Shift;606523
Key Up;Left Shift;606683
Key Down;Space;607220
Key Up;Space;607403
Key Down;Space;608084
Key Down;D;608227
Key Up;Space;608323
Key Down;Left Shift;608339
Key Up;D;608395
Key Up;Left Shift;608547
Key Up;W;608980
Key Down;S;609092
Key Down;A;609108
Key Up;S;609268
Key Up;A;609268
Key Down;W;609603
Key Down;D;609611
Key Up;D;609723
Key Up;W;609755
Key Down;W;610099
Key Down;D;610116
Key Up;W;610235
Key Up;D;610259
Key Down;W;611027
Key Up;W;611179
Key Down;W;611595
Key Down;Space;612139
Key Up;Space;612419
Key Up;W;613571
Key Down;W;613788
Key Down;Space;614203
Key Up;Space;614395
Key Down;Left Shift;614547
Key Up;Left Shift;614715
Key Down;Space;615813
Key Up;Space;615987
Key Down;Left Shift;615995
Key Up;Left Shift;616155
Key Up;W;617051
Key Down;W;617780
Key Down;Space;618315
Key Up;Space;618803
Key Down;Space;621507
Key Up;Space;621907
Key Down;Left Shift;621963
Key Up;Left Shift;622124
Key Up;W;623259
Key Down;W;623403
Key Down;Space;623524
Key Up;Space;623915
Key Up;W;624123
Key Down;S;624252
Key Up;S;624371
Key Down;W;624467
Key Up;W;625067
Key Down;W;625923
Key Down;D;625947
Key Up;D;626267
Key Up;W;626379
Key Down;W;626788
Key Down;D;626820
Key Up;W;627043
Key Up;D;627067
Key Down;D;628388
Key Down;W;628435
Key Up;D;628611
Key Down;Space;628635
Key Up;Space;629019
Key Down;Space;629099
Key Down;D;629820
Key Up;Space;629915
Key Down;Space;630235
Key Up;D;630275
Key Up;Space;630515
Key Down;Space;630619
Key Up;Space;631147
Key Up;W;631211
Key Down;Space;631803
Key Up;Space;632131
Key Down;W;632188
Key Down;D;632188
Key Down;Space;632276
Key Up;D;632395
Key Down;A;632851
Key Up;Space;632988
Key Up;A;633147
Key Down;D;633235
Key Down;Space;633587
Key Up;D;633651
Key Up;Space;633843
Key Down;Space;633947
Key Down;D;634179
Key Up;Space;634211
Key Down;Space;634331
Key Up;D;634507
Key Up;Space;634691
Key Up;W;634987
Key Down;D;635115
Key Up;D;635211
Key Down;Space;635651
Key Up;Space;635987
Key Down;Space;636075
Key Down;D;636363
Key Down;W;636371
Key Up;Space;636443
Key Up;W;636491
Key Down;W;636627
Key Down;A;636691
Key Up;D;636731
Key Up;A;636915
Key Up;W;636947
Key Down;W;637773
Key Down;A;637915
Key Up;A;638203
Key Up;W;638451
Key Down;Space;638851
Key Up;Space;639203
Key Down;W;639371
Key Down;Left Shift;639475
Key Up;Left Shift;639699
Key Down;A;639995
Key Up;A;640099
Key Up;W;640211
Key Down;W;641547
Key Down;A;643603
Key Up;A;644083
Key Up;W;644555
Key Down;W;644851
Key Up;W;644955
Key Down;A;645276
Key Down;W;645339
Key Up;A;645452
Key Up;W;645483
Key Down;D;645627
Key Up;D;645723
Key Down;W;645900
Key Up;W;646059
Key Down;A;646348
Key Up;A;646451
Key Down;D;646548
Key Up;D;646635
Key Down;Space;646939
Key Up;Space;647275
Key Down;Space;647348
Key Down;W;647523
Key Up;W;647683
Key Up;Space;647691
Key Down;D;648291
Key Down;W;648339
Key Up;D;648483
Key Up;W;648531
Key Down;Space;648579
Key Up;Space;648867
Key Down;Space;648955
Key Down;A;649139
Key Down;W;649179
Key Up;Space;649267
Key Up;A;649403
Key Down;A;649915
Key Up;W;650099
Key Up;A;650147
Key Down;W;650267
Key Up;W;650531
Key Down;D;650779
Key Up;D;650859
Key Down;D;651147
Key Up;D;651403
Key Down;D;651963
Key Up;D;652203
Key Down;D;652675
Key Down;W;652723
Key Up;D;652859
Key Down;D;653107
Key Down;Space;653283
Key Up;D;653491
Key Up;Space;653499
Key Up;W;653643
Key Down;A;653732
Key Up;A;653803
Key Down;Space;654483
Key Down;W;654627
Key Up;Space;654811
Key Down;Space;654940
Key Down;D;655155
Key Up;Space;655220
Key Up;D;655323
Key Up;W;655459
Key Down;W;656044
Key Down;Space;656115
Key Down;D;656307
Key Up;Space;656395
Key Down;Space;656492
Key Up;W;656611
Key Up;Space;656691
Key Up;D;656771
Key Down;W;656819
Key Up;W;656987
Key Down;D;657124
Key Up;D;657267
Key Down;S;657347
Key Up;S;657499
Key Down;W;657899
Key Down;Space;658131
Key Up;Space;658435
Key Down;Left Shift;658532
Key Up;Left Shift;658683
Key Up;W;658899
Key Down;D;658979
Key Down;S;659003
Key Up;D;659211
Key Up;S;659227
Key Down;W;659323
Key Down;A;659324
Key Up;A;659451
Key Up;W;659651
Key Down;W;660116
Key Up;W;660283
Key Down;W;660755
Key Down;A;660779
Key Up;A;661083
Key Down;R;661139
Key Up;R;661315
Key Down;A;661387
Key Up;A;661499
Key Up;W;661571
Key Down;D;662043
Key Up;D;662235
Key Down;S;662531
Key Up;S;662635
Key Down;W;662779
Key Down;Space;663107
Key Up;Space;663763
Key Down;Left Shift;664739
Key Up;Left Shift;664907
Key Down;Space;665363
Key Up;Space;665523
Key Up;W;666203
Key Down;W;667163
Key Down;Left Shift;671171
Key Up;Left Shift;671324
Key Up;W;672411
Key Down;W;672812
Key Down;Space;673307
Key Up;Space;674075
Key Down;Left Shift;675091
Key Up;Left Shift;675211
Key Down;Space;677027
Key Up;Space;677947
Key Down;Left Shift;678355
Key Up;Left Shift;678491
Key Up;W;680284
Key Down;S;680571
Key Up;S;680915
Key Down;W;680995
Key Down;Space;681180
Key Up;Space;681403
Key Down;Left Shift;681443
Key Up;Left Shift;681579
Key Up;W;683339
Key Down;D;684460
Key Up;D;684603
Key Down;W;685804
Key Down;D;685811
Key Up;D;686059
Key Down;Space;686372
Key Up;Space;686731
Key Down;Space;686923
Key Up;Space;687467
Key Up;W;687595
Key Down;D;687635
Key Up;D;687779
Key Down;Space;688155
Key Down;W;688315
Key Up;Space;688420
Key Down;Space;688572
Key Up;Space;689155
Key Up;W;689283
Key Down;Space;689763
Key Down;W;689939
Key Up;Space;690123
Key Down;Space;690363
Key Down;A;690715
Key Up;Space;690739
Key Up;A;691003
Key Down;Space;691411
Key Up;Space;691628
Key Down;Space;691780
Key Up;Space;691971
Key Down;D;691971
Key Down;Space;692108
Key Up;Space;692299
Key Up;W;692387
Key Up;D;692579
Key Down;W;693059
Key Down;Space;693251
Key Down;A;693516
Key Up;Space;693539
Key Up;A;693940
Key Down;Space;694555
Key Up;Space;694819
Key Down;Left Shift;694996
Key Up;Left Shift;695123
Key Up;W;695467
Key Down;W;696099
Key Down;D;696715
Key Up;D;696851
Key Down;Left Shift;697619
Key Up;Left Shift;697787
Key Up;W;698171
Key Down;W;698212
Key Up;W;698483
Key Down;W;699651
Key Down;Space;700203
Key Up;Space;700715
Key Down;Left Shift;701772
Key Up;Left Shift;701963
Key Down;Space;704147
Key Up;Space;704547
Key Up;W;706507
Key Down;D;706604
Key Down;W;706651
Key Up;D;707307
Key Down;D;707443
Key Up;D;707747
Key Down;D;707860
Key Down;Space;708163
Key Up;Space;708379
Key Up;D;708691
Key Down;D;709203
Key Up;W;709291
Key Down;Space;709507
Key Up;D;709515
Key Down;W;709523
Key Up;Space;709723
Key Down;Space;709900
Key Up;Space;710219
Key Down;Left Shift;710612
Key Up;Left Shift;710763
Key Down;A;710845
Key Up;A;711323
Key Down;Space;711532
Key Down;D;711651
Key Up;Space;711699
Key Up;D;711859
Key Up;W;711979
Key Down;W;712195
Key Down;Space;712547
Key Down;A;712619
Key Up;W;712691
Key Up;Space;712891
Key Down;W;712924
Key Up;A;712987
Key Down;Space;713012
Key Up;Space;713211
Key Down;D;713244
Key Up;W;713387
Key Up;D;713427
Key Down;W;713811
Key Down;A;713875
Key Up;A;714101
Key Down;Space;714539
Key Up;Space;714859
Key Down;Left Shift;715156
Key Up;Left Shift;715291
Key Down;A;715763
Key Up;A;715899
Key Down;D;716611
Key Up;D;716715
Key Down;Left Shift;717780
Key Up;Left Shift;718003
Key Up;W;718363
Key Down;A;718371
Key Down;W;718444
Key Down;S;718451
Key Up;W;718507
Key Up;A;718667
Key Up;S;718813
Key Down;W;719020
Key Down;Space;719060
Key Up;Space;719347
Key Down;Space;719427
Key Down;D;719699
Key Up;Space;719763
Key Up;W;719883
Key Up;D;719915
Key Down;Space;720484
Key Up;Space;720755
Key Down;W;720811
Key Down;Space;720907
Key Up;Space;721219
Key Up;W;721355
Key Down;W;721723
Key Down;A;721813
Key Up;A;721971
Key Down;Space;722283
Key Up;Space;722635
Key Down;Left Shift;723875
Key Up;Left Shift;724036
Key Up;W;724563
Key Down;W;725603
Key Down;Space;726091
Key Up;Space;726467
Key Down;Left Shift;727731
Key Up;Left Shift;727900
Key Up;W;728659
Key Down;W;728739
Key Down;Space;728779
Key Up;Space;728987
Key Up;W;729867
Key Down;W;730643
Key Down;Space;731171
Key Up;Space;731659
Key Down;Left Shift;732891
Key Up;Left Shift;733027
Key Down;Space;734595
Key Up;Space;735467
Key Down;Space;736499
Key Up;Space;737563
Key Up;W;737827
Key Down;W;738395
Key Down;Space;738835
Key Up;Space;739395
Key Down;Space;741411
Key Up;Space;742283
Key Down;Space;743259
Key Up;Space;744387
Key Down;Space;745867
Key Up;Space;747163
Key Down;Space;747875
Key Up;Space;748707
Key Down;Space;749755
Key Up;Space;750395
Key Up;W;751771
Key Down;W;752355
Key Down;Space;752771
Key Up;Space;753483
Key Down;Space;754355
Key Up;Space;754843
Key Up;W;754907
Key Down;W;755411
Key Down;Space;756611
Key Up;Space;757262
Key Down;Space;759939
Key Up;Space;760715
Key Down;Space;762659
Key Up;Space;763075
Key Up;W;763643
Key Down;W;763995
Key Up;W;764627
Key Down;S;764755
Key Up;S;764963
Key Down;Space;765035
Key Up;Space;765275
Key Down;W;765307
Key Down;Left Shift;765379
Key Up;Left Shift;765563
Key Up;W;766043
Key Down;W;766299
Key Down;Space;766587
Key Up;Space;766827
Key Down;Left Shift;766931
Key Up;Left Shift;767091
Key Up;W;767619
Key Down;W;767900
Key Down;Space;767987
Key Up;Space;768275
Key Up;W;768779
Key Down;W;769060
Key Up;W;769659
Key Down;D;770619
Key Up;D;770813
Key Down;D;771523
Key Down;S;771531
Key Up;D;771675
Key Up;S;771699
Key Down;D;771819
Key Down;W;771939
Key Up;D;772067
Key Up;W;772219
Key Down;A;772220
Key Up;A;772443
Key Down;W;773515
Key Down;A;773980
Key Up;A;774043
Key Down;A;774107
Key Up;A;774195
Key Down;A;774412
Key Up;A;774603
Key Down;A;774715
Key Up;A;775035
Key Down;D;775075
Key Up;D;775484
Key Down;Left Shift;777292
Key Up;Left Shift;777419
Key Up;W;777539
Key Down;S;777675
Key Up;S;777899
Key Down;W;777979
Key Down;Space;778356
Key Up;Space;778579
Key Up;W;778611
Key Down;D;778860
Key Up;D;778995
Key Down;A;779324
Key Up;A;779435
Key Down;D;779555
Key Down;W;779675
Key Up;D;779747
Key Up;W;779828
Key Down;W;779980
Key Up;W;780155
Key Down;W;780252
Key Down;Space;780356
Key Down;A;780380
Key Up;Space;780675
Key Up;A;780739
Key Down;Space;780787
Key Up;Space;781091
Key Down;A;781155
Key Up;W;781411
Key Up;A;781412
Key Down;D;781915
Key Down;W;781948
Key Up;D;782043
Key Up;W;782131
Key Down;A;782475
Key Up;A;782619
Key Down;W;784452
Key Up;W;784683
Key Down;W;789364
Key Up;W;789571
Key Down;W;789907
Key Down;Space;790059
Key Up;Space;790451
Key Down;D;790459
Key Up;D;790875
Key Up;W;791003
Key Down;W;791211
Key Up;W;791411
Key Down;A;791476
Key Down;Space;791508
Key Down;W;791579
Key Up;A;791643
Key Up;Space;791819
Key Down;A;792221
Key Up;A;792451
Key Up;W;792739
Key Down;W;792940
Key Down;Space;792972
Key Up;Space;793251
Key Up;W;793859
Key Down;W;794091
Key Down;Space;794323
Key Up;Space;794851
Key Down;Space;795131
Key Up;Space;796163
Key Up;W;796299
Key Down;W;797348
Key Down;D;797844
Key Up;D;798059
Key Down;Space;798115
Key Up;Space;798323
Key Down;Left Shift;798483
Key Up;Left Shift;798627
Key Up;W;798851
Key Down;Space;799323
Key Down;A;799443
Key Down;W;799468
Key Up;Space;799531
Key Up;A;799819
Key Down;Space;799867
Key Down;A;799883
Key Up;W;800035
Key Up;Space;800059
Key Up;A;800075
Key Down;W;800387
Key Down;D;800427
Key Up;W;800547
Key Up;D;800588
Key Down;W;800861
Key Down;Space;801180
Key Up;Space;801467
Key Down;Space;801611
Key Up;Space;802075
Key Down;A;802171
Key Up;A;802315
Key Down;D;802363
Key Up;W;802419
Key Up;D;802691
Key Down;W;802739
Key Down;Space;802916
Key Up;Space;803235
Key Down;D;803380
Key Down;Space;803516
Key Up;D;803619
Key Up;Space;803675
Key Up;W;803700
Key Down;D;803947
Key Down;W;804099
Key Down;A;804131
Key Up;D;804147
Key Down;Space;804155
Key Up;W;804243
Key Up;Space;804355
Key Up;A;804411
Key Down;D;804723
Key Down;W;804787
Key Up;D;805251
Key Up;W;805339
Key Down;A;805555
Key Down;W;805588
Key Up;A;805707
Key Down;D;805795
Key Up;D;806035
Key Down;A;806091
Key Down;Space;806123
Key Up;A;806387
Key Up;Space;806435
Key Up;W;806611
Key Down;W;806883
Key Up;W;806995
Key Down;W;807603
Key Down;Space;807707
Key Up;Space;807907
Key Down;Left Shift;807988
Key Up;Left Shift;808155
Key Down;A;809323
Key Up;A;809484
Key Up;W;809571
Key Down;W;811236
Key Down;D;811611
Key Up;D;811779
Key Down;Space;811787
Key Up;Space;811995
Key Down;A;812107
Key Up;W;812243
Key Up;A;812299
Key Down;W;812995
Key Down;Space;813139
Key Up;Space;813411
Key Down;Space;813619
Key Down;A;813781
Key Up;Space;813835
Key Up;A;814035
Key Up;W;814139
Key Down;Space;814787
Key Up;Space;815043
Key Down;W;815059
Key Down;A;815099
Key Down;Space;815123
Key Up;A;815259
Key Up;Space;815443
Key Down;A;815468
Key Up;A;815723
Key Up;W;815843
Key Down;A;816188
Key Up;A;816283
Key Down;Space;816907
Key Down;W;816915
Key Up;Space;817059
Key Up;W;819256
Key Down;W;819451
Key Up;W;819571
Key Down;D;822172
Key Down;Space;822484
Key Down;W;822571
Key Up;Space;822683
Key Down;Space;822803
Key Up;Space;823155
Key Up;D;823363
Key Down;D;823595
Key Up;D;823691
Key Down;A;823835
Key Down;Space;823859
Key Up;A;824099
Key Up;Space;824123
Key Down;Space;824268
Key Up;Space;824539
Key Down;A;824723
Key Up;W;824811
Key Up;A;824851
Key Down;Space;825491
Key Down;A;825731
Key Up;Space;825763
Key Up;A;826075
Key Down;W;826147
Key Down;D;826211
Key Up;W;826275
Key Up;D;826403
Key Down;W;826891
Key Down;Space;826947
Key Up;Space;827107
Key Down;Left Shift;827123
Key Up;Left Shift;827235
Key Up;W;827419
Key Down;D;827531
Key Down;W;827955
Key Up;D;828195
Key Down;A;828203
Key Up;W;828339
Key Up;A;828427
Key Down;D;828467
Key Down;W;828670
Key Down;Space;828747
Key Up;Space;829027
Key Up;D;829483
Key Up;W;829491
Key Down;W;830372
Key Up;W;830411
Key Down;D;830667
Key Down;W;830796
Key Up;D;830923
Key Down;D;830955
Key Up;D;831211
Key Down;Space;831267
Key Up;Space;831459
Key Down;Space;831563
Key Up;Space;831827
Key Up;W;831963
Key Down;W;832564
Key Down;Space;832780
Key Up;Space;833011
Key Down;Space;833115
Key Down;D;833364
Key Up;Space;833675
Key Up;D;833731
Key Down;A;833916
Key Down;Space;834035
Key Up;A;834099
Key Up;Space;834299
Key Down;A;834475
Key Up;W;834563
Key Up;A;834587
Key Down;D;834660
Key Up;D;834795
Key Down;A;835187
Key Down;W;835195
Key Up;A;835451
Key Down;Space;835555
Key Up;Space;836003
Key Down;A;836643
Key Up;W;836979
Key Down;W;837515
Key Up;A;838123
Key Down;Space;838699
Key Up;Space;839659
Key Down;Space;839756
Key Up;Space;840371
Key Down;Left Shift;840380
Key Up;Left Shift;840628
Key Down;R;840996
Key Up;R;841195
Key Down;Space;841955
Key Up;Space;842228
Key Down;Left Shift;842291
Key Up;Left Shift;842492
Key Down;A;842603
Key Up;A;842835
Key Down;A;842939
Key Up;A;843307
Key Down;Space;843347
Key Down;A;843460
Key Up;Space;843571
Key Up;A;843643
Key Down;Space;843683
Key Down;A;844035
Key Up;W;844179
Key Down;W;844324
Key Up;Space;844475
Key Up;A;844596
Key Up;W;844667
Key Down;W;845404
Key Down;Space;845972
Key Up;Space;846251
Key Down;Left Shift;846307
Key Up;Left Shift;846459
Key Down;A;846707
Key Up;A;847371
Key Up;W;847803
Key Down;W;848955
Key Down;A;848995
Key Up;A;849132
Key Up;W;849387
Key Down;S;849908
Key Up;S;850227
Key Down;W;851467
Key Down;Space;853123
Key Up;Space;853443
Key Down;Space;853523
Key Up;Space;853763
Key Down;Left Shift;853948
Key Up;Left Shift;854115
Key Up;W;854547
Key Down;W;855099
Key Down;D;855659
Key Up;D;855915
Key Down;Space;856243
Key Down;D;856339
Key Up;Space;856443
Key Down;Space;856739
Key Up;D;856773
Key Down;A;856995
Key Up;Space;857147
Key Up;A;857187
Key Down;D;857291
Key Up;W;857387
Key Down;W;857539
Key Up;D;857955
Key Down;Space;858227
Key Up;Space;858515
Key Down;Space;858659
Key Up;W;858731
Key Down;A;858852
Key Down;W;858915
Key Up;Space;859195
Key Up;W;859307
Key Down;W;859515
Key Up;A;859843
Key Down;Space;860539
Key Up;Space;861467
Key Down;Space;861667
Key Up;Space;861875
Key Down;D;862443
Key Up;W;862539
Key Down;W;862595
Key Up;D;862667
Key Down;D;863611
Key Up;D;864059
Key Down;Space;864091
Key Up;Space;864475
Key Up;W;864683
Key Down;W;865291
Key Down;Space;866092
Key Up;Space;866467
Key Down;Space;866716
Key Up;Space;867147
Key Down;A;867811
Key Up;A;868267
Key Down;A;868675
Key Up;A;868875
Key Down;D;868931
Key Up;D;869299
Key Down;Space;869531
Key Up;Space;870278
Key Down;Space;870411
Key Up;Space;870787
Key Down;Left Shift;870835
Key Up;Left Shift;870995
Key Down;Space;872013
Key Up;Space;872171
Key Up;W;872555
Key Down;W;872747
Key Up;W;873211
Key Down;W;873667
Key Down;D;874476
Key Up;D;874724
Key Down;Space;875123
Key Up;Space;875787
Key Down;Space;875867
Key Up;Space;876115
Key Down;Space;877923
Key Up;Space;878915
Key Down;Space;879036
Key Up;Space;879859
Key Down;Left Shift;879955
Key Up;Left Shift;880115
Key Down;A;880363
Key Up;W;880875
Key Up;A;880891
Key Down;A;881036
Key Down;S;881179
Key Up;A;881259
Key Down;D;881595
Key Up;S;881827
Key Down;Space;881916
Key Down;W;882019
Key Up;Space;882131
Key Up;D;882259
Key Down;A;882307
Key Up;A;882467
Key Down;A;882843
Key Up;A;883003
Key Down;D;883051
Key Up;D;883211
Key Down;Space;883939
Key Up;Space;884435
Key Down;Space;884523
Key Down;A;884699
Key Up;Space;884707
Key Up;A;885459
Key Down;Space;886836
Key Down;D;886972
Key Up;Space;887061
Key Down;Space;888076
Key Up;Space;888315
Key Up;D;888547
Key Down;Space;889683
Key Up;Space;890011
Key Up;W;890347
Key Down;W;891172
Key Down;D;891516
Key Up;D;891715
Key Up;W;891867
Key Down;D;891971
Key Down;W;892107
Key Down;Space;892779
Key Up;D;892787
Key Down;D;892875
Key Up;Space;892995
Key Down;Space;893148
Key Up;Space;893363
Key Up;D;893539
Key Up;W;893739
Key Down;D;893771
Key Down;W;893955
Key Up;D;894043
Key Down;A;894091
Key Down;Space;894275
Key Up;Space;894508
Key Up;A;894597
Key Down;Space;894619
Key Up;Space;894931
Key Down;A;894972
Key Up;A;895467
Key Down;Space;895579
Key Up;W;895635
Key Up;Space;895659
Key Down;Space;896003
Key Down;A;896027
Key Up;Space;896235
Key Down;W;896412
Key Up;A;896507
Key Down;D;896579
Key Up;W;896627
Key Up;D;896643
Key Down;W;897059
Key Down;Space;897348
Key Up;Space;897707
Key Down;D;897867
Key Up;D;898123
Key Down;Left Shift;898403
Key Up;Left Shift;898603
Key Down;Space;899131
Key Up;Space;899299
Key Up;W;899451
Key Down;W;900404
Key Down;D;900595
Key Down;Space;901083
Key Up;D;901139
Key Up;Space;901315
Key Down;Space;901436
Key Down;D;901555
Key Up;Space;901619
Key Up;W;901699
Key Down;W;901875
Key Up;D;902003
Key Up;W;902099
Key Down;W;902324
Key Down;Space;902619
Key Down;D;902723
Key Up;Space;903019
Key Down;A;903124
Key Up;D;903131
Key Down;Space;903259
Key Up;Space;903659
Key Up;A;903699
Key Down;A;903851
Key Up;W;903971
Key Up;A;903995
Key Down;W;904411
Key Down;D;904419
Key Up;D;904643
Key Down;Space;904757
Key Down;A;905060
Key Up;Space;905203
Key Up;A;905371
Key Down;D;905387
Key Down;Space;905531
Key Up;D;905603
Key Down;D;905699
Key Up;W;905747
Key Down;W;905836
Key Up;D;905915
Key Down;D;906187
Key Up;W;906235
Key Up;D;906259
Key Down;D;906356
Key Down;W;906579
Key Up;D;906595
Key Down;A;906603
Key Up;Space;907059
Key Up;A;907227
Key Down;A;907667
Key Up;A;907947
Key Down;Space;908347
Key Up;Space;908475
Key Down;Left Shift;908515
Key Up;Left Shift;908635
Key Up;W;909219
Key Down;W;910156
Key Down;D;910555
Key Up;D;910595
Key Down;A;910627
Key Up;A;911003
Key Down;Space;911427
Key Up;Space;911627
Key Down;Space;911739
Key Down;D;912012
Key Up;Space;912027
Key Up;W;912059
Key Up;D;912299
Key Down;W;912555
Key Down;Space;912811
Key Down;A;913035
Key Up;Space;913051
Key Down;Space;913139
Key Up;Space;913339
Key Up;A;913499
Key Down;D;913675
Key Up;W;913691
Key Up;D;913947
Key Down;W;914131
Key Up;W;914427
Key Down;S;914524
Key Up;S;914795
Key Down;W;914996
Key Down;Space;915059
Key Up;W;915075
Key Down;A;915115
Key Up;Space;915563
Key Up;A;915595
Key Down;D;915643
Key Up;D;915707
Key Down;A;915708
Key Down;Space;915860
Key Up;Space;915971
Key Up;A;916179
Key Down;W;916371
Key Down;Space;916587
Key Up;Space;916835
Key Down;Space;917108
Key Up;Space;917283
Key Down;Space;918524
Key Up;Space;918635
Key Down;Left Shift;918651
Key Up;Left Shift;918787
Key Up;W;919259
Key Down;W;920283
Key Down;D;920691
Key Down;Space;920787
Key Up;Space;920931
Key Up;D;921043
Key Down;Space;921099
Key Up;Space;921371
Key Down;D;921467
Key Up;D;922043
Key Down;A;922123
Key Down;Space;922219
Key Up;A;922227
Key Down;A;922315
Key Up;A;922387
Key Up;Space;922435
Key Down;Space;922580
Key Up;Space;922787
Key Up;W;922987
Key Down;W;923627
Key Down;Space;923659
Key Down;A;923763
Key Up;Space;923859
Key Up;A;924003
Key Up;W;924083
Key Down;W;924939
Key Down;Space;925155
Key Up;Space;925652
Key Up;W;925795
Key Down;Space;925923
Key Down;W;926107
Key Up;W;926347
Key Up;Space;926459
Key Down;W;926843
Key Down;A;926939
Key Up;A;927355
Key Down;Space;927932
Key Down;Left Shift;928019
Key Up;Space;928035
Key Up;Left Shift;928139
Key Up;W;928611
Key Down;W;929291
Key Down;A;929371
Key Up;W;929539
Key Up;A;929555
Key Down;D;929628
Key Down;W;929691
Key Up;D;929811
Key Down;D;930027
Key Down;Space;930163
Key Up;Space;930395
Key Down;Space;930491
Key Up;D;930579
Key Up;Space;930659
Key Up;W;930803
Key Down;D;930891
Key Down;W;931027
Key Up;D;931115
Key Up;W;931219
Key Down;W;931523
Key Down;Space;931739
Key Up;Space;932019
Key Down;Space;932100
Key Up;Space;932299
Key Up;W;932355
Key Down;W;933156
Key Down;A;933163
Key Down;Space;933179
Key Up;Space;933347
Key Up;A;933403
Key Up;W;933515
Key Down;A;933708
Key Up;A;933771
Key Down;W;934419
Key Down;Space;934603
Key Up;W;935179
Key Up;Space;935203
Key Down;Space;935724
Key Down;W;935756
Key Up;W;935955
Key Down;W;936132
Key Up;Space;936195
Key Up;W;936475
Key Down;W;936859
Key Up;W;937459
Key Down;W;938675
Key Down;D;938692
Key Down;Space;938867
Key Up;D;938883
Key Up;Space;939075
Key Down;Space;939283
Key Up;Space;939507
Key Up;W;939611
Key Down;W;939731
Key Up;W;939875
Key Down;Space;940491
Key Down;W;940699
Key Up;Space;940709
Key Down;Space;940827
Key Up;Space;941036
Key Up;W;941131
Key Down;W;941636
Key Down;Space;941875
Key Down;A;942035
Key Up;Space;942083
Key Up;W;942203
Key Up;A;942235
Key Down;W;946171
Key Down;Space;946387
Key Up;Space;946651
Key Up;W;946851
Key Down;W;946964
Key Down;Space;947020
Key Up;Space;947179
Key Down;Left Shift;948164
Key Up;Left Shift;948291
Key Up;W;949147
Key Down;W;950156
Key Down;D;950475
Key Down;Space;950603
Key Up;Space;950827
Key Up;D;950851
Key Down;Space;950947
Key Up;Space;951139
Key Down;D;951171
Key Up;W;951299
Key Down;W;951724
Key Up;D;951739
Key Down;Space;952044
Key Up;Space;952323
Key Down;Space;952372
Key Down;D;952547
Key Up;Space;952589
Key Up;D;952707
Key Up;W;952771
Key Down;Space;953491
Key Down;A;953651
Key Up;Space;953691
Key Up;A;953923
Key Down;A;954603
Key Up;A;954747
Key Down;W;955051
Key Down;Space;955147
Key Down;D;955260
Key Up;Space;955491
Key Up;D;955587
Key Down;A;955667
Key Up;A;956075
Key Down;Space;956203
Key Up;W;956363
Key Up;Space;956363
Key Down;W;957395
Key Down;Space;957603
Key Down;A;957724
Key Up;Space;957803
Key Up;W;957851
Key Up;A;957899
Key Down;W;959139
Key Down;D;959147
Key Up;D;959403
Key Down;Space;959492
Key Down;D;959739
Key Up;Space;959835
Key Down;Space;960371
Key Up;D;960403
Key Down;D;960652
Key Up;Space;960707
Key Up;D;960747
Key Down;A;960763
Key Up;A;960915
Key Down;D;960979
Key Up;D;961107
Key Down;A;961139
Key Up;A;961219
Key Down;A;961347
Key Down;Space;961443
Key Up;Space;961683
Key Up;A;962499
Key Down;Space;962875
Key Down;A;962995
Key Up;A;963139
Key Up;Space;963275
Key Down;A;964595
Key Up;A;964755
Key Up;W;964971
Key Down;W;966364
Key Down;A;966371
Key Up;A;966555
Key Down;Space;966763
Key Down;A;966932
Key Up;Space;966995
Key Down;Space;967100
Key Up;Space;967315
Key Up;A;967707
Key Down;D;968059
Key Up;D;968187
Key Down;A;968419
Key Down;Space;968531
Key Up;W;968851
Key Up;A;969003
Key Up;Space;969051
Key Down;Space;969116
Key Down;A;969219
Key Up;Space;969339
Key Up;A;969371
Key Down;W;970979
Key Down;D;971243
Key Down;Space;971587
Key Up;D;971683
Key Up;Space;971771
Key Down;Space;971876
Key Up;Space;972059
Key Down;D;972075
Key Up;W;972259
Key Up;D;972347
Key Down;W;972507
Key Down;D;972611
Key Up;D;972651
Key Down;Space;972915
Key Up;Space;973115
Key Down;Space;973227
Key Up;Space;973531
Key Up;W;973851
Key Down;Space;973948
Key Up;Space;974140
Key Down;W;974156
Key Down;A;974260
Key Up;W;974427
Key Up;A;974443
Key Down;W;974915
Key Down;Space;975291
Key Up;Space;975603
Key Down;Space;975956
Key Up;Space;976563
Key Down;D;976587
Key Down;Space;977012
Key Up;Space;977251
Key Down;Space;977379
Key Up;Space;977555
Key Up;D;977867
Key Down;Space;978011
Key Up;Space;978315
Key Down;D;978452
Key Up;D;978763
Key Down;Space;978803
Key Up;Space;979027
Key Down;A;979051
Key Up;A;979299
Key Down;D;979627
Key Up;D;979715
Key Up;W;979779
Key Down;W;980107
Key Down;A;980307
Key Down;Space;980316
Key Up;Space;980563
Key Up;A;980619
Key Up;W;980787
Key Down;A;981827
Key Up;A;981939
Key Down;W;982108
Key Up;W;982267
Key Down;W;983163
Key Up;W;983755
Key Down;S;983859
Key Up;S;984259
Key Down;Space;984331
Key Down;W;984371
Key Up;Space;984771
Key Down;Space;985035
Key Up;Space;985251
Key Down;Space;986523
Key Up;Space;986795
Key Down;Space;986915
Key Up;Space;987147
Key Down;Space;988787
Key Up;Space;989267
Key Down;Space;989451
Key Down;A;989619
Key Up;Space;989747
Key Up;A;991491
Key Down;Space;992027
Key Up;Space;992299
Key Down;D;992323
Key Up;D;992491
Key Down;A;992499
Key Up;W;992523
Key Down;W;992939
Key Up;A;993139
Key Down;A;993323
Key Up;W;993395
Key Down;S;993483
Key Up;S;993843
Key Up;A;993883
Key Down;W;993939
Key Down;D;993963
Key Up;D;994276
Key Up;W;994427
Key Down;S;994764
Key Up;S;994947
Key Down;D;995051
Key Up;D;995251
Key Down;A;995459
Key Up;A;995579
Key Down;D;995635
Key Down;W;995851
Key Up;D;995899
Key Up;W;996003
Key Down;W;996420
Key Down;A;996940
Key Up;A;997115
Key Down;Space;997195
Key Up;Space;997603
Key Down;Left Shift;997763
Key Up;Left Shift;997915
Key Up;W;998116
Key Down;S;998179
Key Up;S;998427
Key Down;W;998539
Key Down;Space;998837
Key Up;Space;998995
Key Down;Left Shift;999107
Key Up;Left Shift;999259
Key Up;W;999651
Key Down;D;999923
Key Down;W;1000060
Key Down;Space;1000075
Key Up;Space;1000171
Key Up;D;1000395
Key Up;W;1000411
Key Down;D;1000627
Key Down;W;1000667
Key Up;D;1000843
Key Down;D;1001635
Key Up;W;1001803
Key Down;S;1002123
Key Up;S;1002283
Key Down;W;1002684
Key Up;D;1002787
Key Up;W;1002811
Key Down;W;1004251
Key Down;Space;1004452
Key Up;Space;1004891
Key Up;W;1005923
Key Down;W;1006156
Key Up;W;1006275
Key Down;W;1006787
Key Down;D;1007499
Key Up;D;1007891
Key Down;D;1008099
Key Up;D;1008339
Key Down;Left Shift;1008684
Key Up;Left Shift;1008829
Key Up;W;1009035
Key Down;W;1009339
Key Down;Space;1009579
Key Up;Space;1009867
Key Down;Space;1010020
Key Down;D;1010212
Key Up;Space;1010235
Key Up;D;1010379
Key Down;A;1010508
Key Up;A;1010635
Key Down;D;1010707
Key Up;W;1010803
Key Down;W;1011011
Key Up;D;1011051
Key Down;Space;1011307
Key Up;Space;1011571
Key Down;D;1011651
Key Down;Space;1011683
Key Up;W;1011883
Key Up;Space;1011899
Key Down;W;1011923
Key Down;Space;1012100
Key Up;D;1012131
Key Up;Space;1012435
Key Up;W;1012507
Key Down;D;1012587
Key Up;D;1012747
Key Down;A;1012788
Key Up;A;1012939
Key Down;Space;1013268
Key Down;D;1013444
Key Down;W;1013491
Key Up;Space;1013499
Key Up;D;1013763
Key Up;W;1013787
Key Down;W;1014100
Key Down;Space;1014331
Key Up;Space;1014555
Key Down;A;1014627
Key Up;W;1014635
Key Down;Space;1014691
Key Up;A;1014763
Key Up;Space;1014947
Key Down;W;1015035
Key Down;Space;1015115
Key Up;W;1015139
Key Down;S;1015275
Key Up;Space;1015364
Key Down;D;1015499
Key Up;D;1015563
Key Up;S;1015955
Key Down;D;1015963
Key Up;D;1016155
Key Down;Space;1016203
Key Down;A;1016219
Key Down;S;1016251
Key Up;S;1016443
Key Up;Space;1016451
Key Up;A;1016507
Key Down;W;1016827
Key Up;W;1017659
Key Down;D;1017811
Key Down;W;1017827
Key Up;D;1018131
Key Down;Space;1018283
Key Up;Space;1018587
Key Down;Space;1018788
Key Up;Space;1019003
Key Down;D;1019588
Key Up;D;1019675
Key Up;W;1019731
Key Down;W;1019868
Key Up;W;1020155
Key Down;W;1020484
Key Up;W;1020955
Key Down;W;1022267
Key Down;D;1022356
Key Up;D;1022723
Key Up;W;1022843
Key Down;W;1023371
Key Down;Space;1023723
Key Up;Space;1024227
Key Up;W;1025203
Key Down;W;1026579
Key Up;W;1027187
Key Down;D;1027379
Key Down;W;1027515
Key Up;W;1027635
Key Up;D;1027643
Key Down;D;1028235
Key Up;D;1028467
Key Down;W;1028931
Key Down;A;1028947
Key Up;A;1029011
Key Down;Space;1029195
Key Up;Space;1029379
Key Down;Left Shift;1029419
Key Up;Left Shift;1029547
Key Up;W;1029611
Key Down;S;1029835
Key Up;S;1030075
Key Down;W;1030267
Key Down;Space;1030539
Key Up;Space;1030739
Key Up;W;1030795
Key Down;S;1030868
Key Down;Space;1030923
Key Down;D;1031027
Key Up;Space;1031131
Key Up;D;1031483
Key Up;S;1031763
Key Down;W;1031955
Key Down;D;1032067
Key Up;D;1032323
Key Down;A;1032356
Key Up;A;1032467
Key Down;Space;1032604
Key Up;Space;1032947
Key Down;D;1033595
Key Up;D;1033811
Key Down;Space;1034283
Key Down;Left Shift;1034388
Key Up;Space;1034411
Key Up;Left Shift;1034547
Key Down;Space;1035172
Key Up;Space;1035323
Key Down;Space;1035627
Key Up;Space;1035747
Key Up;W;1036995
Key Down;W;1037195
Key Down;Space;1037363
Key Up;Space;1037611
Key Down;D;1038307
Key Down;A;1038507
Key Up;D;1038531
Key Up;A;1039539
Key Up;W;1039859
Key Down;D;1039859
Key Down;W;1040051
Key Down;Left Shift;1040155
Key Up;D;1040163
Key Up;Left Shift;1040291
Key Up;W;1040435
Key Down;D;1040627
Key Down;A;1041083
Key Up;D;1041107
Key Down;D;1041499
Key Up;A;1041531
Key Down;S;1041563
Key Down;A;1042021
Key Up;S;1042027
Key Up;D;1042059
Key Down;W;1042204
Key Up;A;1042907
Key Down;D;1042915
Key Up;W;1042931
Key Down;S;1043012
Key Up;D;1043051
Key Down;A;1043091
Key Down;D;1043180
Key Up;A;1043195
Key Down;A;1043347
Key Up;D;1043371
Key Up;S;1043379
Key Up;A;1043459
Key Down;W;1044084
Key Down;Space;1045612
Key Up;Space;1045739
Key Down;Left Shift;1046355
Key Up;Left Shift;1046467
Key Up;W;1046523
Key Down;W;1048059
Key Up;W;1048363
Key Down;W;1048499
Key Down;Space;1048891
Key Up;Space;1049219
Key Down;Space;1050171
Key Up;Space;1050331
Key Up;W;1050371
Key Down;A;1050483
Key Up;A;1050643
Key Down;W;1050795
Key Up;W;1051035
Key Down;D;1051108
Key Down;W;1051235
Key Up;D;1051275
Key Up;W;1051587
Key Down;A;1051691
Key Up;A;1051835
Key Down;W;1053380
Key Down;Space;1053891
Key Up;Space;1054107
Key Down;Space;1054227
Key Up;Space;1054411
Key Up;W;1055195
Key Down;W;1055300
Key Up;W;1055411
Key Down;D;1057484
Key Down;W;1057604
Key Up;D;1057643
Key Up;W;1057667
Key Down;W;1057899
Key Down;Space;1058507
Key Up;Space;1058707
Key Down;Space;1059507
Key Up;Space;1059659
Key Up;W;1060227
Key Down;D;1060236
Key Up;D;1060355
Key Down;S;1060435
Key Down;A;1060555
Key Up;A;1061011
Key Down;D;1061055
Key Up;D;1061211
Key Up;S;1061435
Key Down;W;1062427
Key Down;Space;1063277
Key Up;Space;1063459
Key Down;D;1063955
Key Up;D;1064115
Key Down;Space;1064443
Key Up;Space;1064563
Key Up;W;1064891
Key Down;S;1064995
Key Up;S;1065459
Key Down;A;1065531
Key Up;A;1065587
Key Down;W;1065587
Key Down;D;1066172
Key Up;W;1066227
Key Down;W;1066283
Key Down;Space;1066307
Key Up;D;1066347
Key Up;Space;1066475
Key Down;A;1066580
Key Up;W;1066595
Key Down;W;1066724
Key Up;A;1066787
Key Up;W;1066795
Key Down;D;1067188
Key Up;D;1067347
Key Down;D;1067716
Key Down;W;1067755
Key Up;D;1067819
Key Down;Space;1068523
Key Up;Space;1068939
Key Down;Left Shift;1069027
Key Up;Left Shift;1069243
Key Up;W;1069355
Key Down;S;1069411
Key Down;Space;1069564
Key Down;D;1069755
Key Up;Space;1069787
Key Up;D;1070251
Key Down;D;1070315
Key Up;D;1070435
Key Up;S;1070467
Key Down;A;1071035
Key Down;W;1071100
Key Up;A;1071147
Key Up;W;1071163
Key Down;W;1072787
Key Down;Space;1073331
Key Up;Space;1073844
Key Down;Space;1074915
Key Up;Space;1075147
Key Down;Space;1075379
Key Up;Space;1075723
Key Down;A;1075899
Key Up;A;1076155
Key Down;Space;1077083
Key Up;Space;1077459
Key Down;Space;1077579
Key Up;Space;1077819
Key Down;A;1078115
Key Up;A;1078379
Key Down;D;1078747
Key Up;D;1078891
Key Up;W;1079011
Key Down;W;1079331
Key Down;Space;1079667
Key Up;Space;1080147
Key Down;Space;1080292
Key Up;Space;1080747
Key Down;Left Shift;1080803
Key Up;Left Shift;1080947
Key Down;A;1081140
Key Down;Space;1081323
Key Up;Space;1081587
Key Down;Space;1081668
Key Up;Space;1081843
Key Up;A;1081851
Key Down;A;1082355
Key Up;W;1083051
Key Down;W;1083459
Key Up;A;1083467
Key Down;D;1083531
Key Up;W;1083539
Key Down;W;1083691
Key Up;W;1084131
Key Down;A;1084531
Key Up;D;1084563
Key Up;A;1084603
Key Down;D;1084731
Key Down;W;1084739
Key Up;D;1084819
Key Down;A;1084851
Key Up;A;1084987
Key Up;W;1085059
Key Down;W;1085244
Key Down;D;1085643
Key Up;D;1085723
Key Down;A;1085755
Key Up;W;1085763
Key Up;A;1085843
Key Down;W;1086339
Key Down;A;1086515
Key Up;A;1086971
Key Up;W;1087291
Key Down;Space;1087780
Key Up;Space;1087899
Key Down;Left Shift;1088899
Key Down;W;1088939
Key Up;Left Shift;1089020
Key Up;W;1089539
Key Down;W;1089563
Key Up;W;1089659
Key Down;W;1090835
Key Down;D;1091275
Key Up;D;1091451
Key Down;Space;1091773
Key Up;Space;1092211
Key Up;W;1093571
Key Down;S;1093659
Key Down;D;1093683
Key Up;D;1093923
Key Up;S;1094163
Key Down;W;1095235
Key Down;D;1095467
Key Up;D;1095643
Key Down;Space;1096075
Key Up;Space;1096307
Key Down;D;1097347
Key Up;D;1097459
Key Up;W;1097531
Key Down;D;1097643
Key Down;S;1097691
Key Up;D;1097747
Key Up;S;1098179
Key Down;W;1098299
Key Up;W;1098483
Key Down;W;1098563
Key Up;W;1098963
Key Down;S;1099043
Key Down;Space;1099091
Key Up;S;1099467
Key Up;Space;1099595
Key Down;W;1099604
Key Down;A;1100011
Key Up;W;1100531
Key Up;A;1100867
Key Down;D;1100955
Key Down;W;1100980
Key Down;A;1101396
Key Up;D;1101403
Key Up;W;1101419
Key Up;A;1101509
Key Down;W;1102531
Key Down;A;1103107
Key Up;A;1103315
Key Down;A;1103540
Key Up;A;1103843
Key Up;W;1103867
Key Down;W;1104172
Key Up;W;1104555
Key Down;W;1104763
Key Up;W;1104955
Key Down;W;1105340
Key Up;W;1105523
Key Down;S;1105652
Key Up;S;1105811
Key Down;S;1106003
Key Up;S;1106083
Key Down;W;1106252
Key Up;W;1106347
Key Down;W;1106531
Key Up;W;1106779
Key Down;W;1107811
Key Down;Space;1108580
Key Up;Space;1108803
Key Down;D;1109123
Key Up;D;1109244
Key Down;A;1109579
Key Up;A;1109699
Key Up;W;1110075
Key Down;W;1110163
Key Up;W;1110539
Key Down;R;1111891
Key Up;R;1112027
Key Down;W;1112307
Key Down;Space;1113091
Key Down;A;1113147
Key Up;A;1113299
Key Up;Space;1113387
Key Down;Space;1113508
Key Up;Space;1113812
Key Up;W;1114868
Key Down;S;1114924
Key Up;S;1115420
Key Down;W;1116436
Key Down;Space;1117171
Key Up;Space;1117355
Key Down;Space;1117539
Key Up;Space;1117891
Key Up;W;1118627
Key Down;S;1118716
Key Up;S;1119347
Key Down;W;1119459
Key Down;Space;1120171
Key Up;W;1120187
Key Up;Space;1120363
Key Down;W;1120651
Key Down;A;1120652
Key Up;W;1120923
Key Up;A;1120955
Key Down;W;1122556
Key Down;D;1122875
Key Up;D;1123003
Key Down;Space;1123291
Key Up;Space;1123579
Key Down;Space;1123635
Key Up;Space;1123859
Key Up;W;1124731
Key Down;S;1124867
Key Up;S;1125283
Key Down;W;1125355
Key Down;D;1126203
Key Up;D;1126299
Key Down;D;1126939
Key Up;W;1127003
Key Up;D;1127043
Key Down;W;1127331
Key Down;Left Shift;1127628
Key Up;Left Shift;1127763
Key Up;W;1127851
Key Down;S;1127939
Key Up;S;1128403
Key Down;W;1128515
Key Up;W;1128779
Key Down;W;1129371
Key Down;A;1129412
Key Up;A;1129571
Key Up;W;1129603
Key Down;W;1130819
Key Down;Space;1131187
Key Up;Space;1131611
Key Down;Space;1133131
Key Up;Space;1133827
Key Down;Space;1135235
Key Up;Space;1135675
Key Up;W;1136171
Key Down;W;1136371
Key Down;Space;1137500
Key Up;Space;1137811
Key Down;A;1138379
Key Up;W;1138563
Key Down;W;1138707
Key Up;A;1139131
Key Down;A;1139443
Key Up;A;1139667
Key Down;Space;1140276
Key Up;Space;1140515
Key Up;W;1141699
Key Down;A;1141724
Key Down;S;1141819
Key Up;A;1141859
Key Down;D;1142075
Key Up;S;1142203
Key Up;D;1142203
Key Down;W;1142347
Key Down;D;1142484
Key Up;D;1142643
Key Down;D;1142731
Key Up;W;1143147
Key Down;A;1143275
Key Up;D;1143299
Key Up;A;1143419
Key Down;W;1143524
Key Down;D;1143628
Key Down;Space;1143828
Key Up;Space;1143971
Key Up;D;1144003
Key Down;A;1144043
Key Up;A;1144195
Key Down;D;1144243
Key Down;Space;1144324
Key Up;D;1144459
Key Up;Space;1144620
Key Down;A;1145260
Key Up;W;1145339
Key Up;A;1145419
Key Down;W;1145643
Key Down;D;1145821
Key Up;W;1146084
Key Up;D;1146099
Key Down;W;1146371
Key Down;A;1146715
Key Up;A;1146923
Key Down;Space;1147268
Key Up;Space;1147371
Key Up;W;1147459
Key Down;S;1147571
Key Up;S;1147819
Key Down;W;1148243
Key Down;Left Shift;1148468
Key Up;Left Shift;1148579
Key Up;W;1148899
Key Down;W;1151044
Key Down;Space;1151795
Key Up;Space;1152139
Key Up;W;1153339
Key Down;S;1153427
Key Up;S;1153891
Key Down;W;1155323
Key Down;Space;1156155
Key Up;Space;1156355
Key Down;Space;1157387
Key Up;Space;1157515
Key Up;W;1157644
Key Down;S;1157740
Key Up;S;1157899
Key Down;S;1158092
Key Up;S;1158275
Key Down;W;1158396
Key Up;W;1158887
Key Down;W;1159115
Key Up;W;1159773
Key Down;W;1159939
Key Down;Space;1160515
Key Up;Space;1160763
Key Down;A;1161107
Key Up;A;1161283
Key Up;W;1161475
Key Down;W;1162508
Key Down;Space;1163259
Key Up;Space;1163667
Key Down;Space;1165227
Key Up;Space;1165827
Key Down;Space;1167243
Key Up;Space;1167819
Key Up;W;1169275
Key Down;S;1169363
Key Up;S;1169683
Key Down;D;1169971
Key Up;D;1170179
Key Down;A;1170371
Key Up;A;1170515
Key Down;Space;1170660
Key Up;Space;1171155
Key Down;Space;1171251
Key Up;Space;1172083
Key Down;D;1172339
Key Up;D;1172499
Key Down;W;1173212
Key Up;W;1173347
Key Down;D;1173547
Key Up;D;1173627
Key Down;W;1173971
Key Down;Space;1174284
Key Up;Space;1174891
Key Down;Space;1175083
Key Up;Space;1175835
Key Down;D;1176811
Key Up;D;1177043
Key Down;A;1177139
Key Up;A;1177235
Key Down;D;1177291
Key Up;W;1177683
Key Down;A;1177739
Key Up;D;1177747
Key Down;W;1177971
Key Down;Space;1178164
Key Up;Space;1178331
Key Up;A;1178812
Key Down;D;1178899
Key Up;D;1179395
Key Down;A;1179403
Key Up;A;1179539
Key Down;Space;1181443
Key Up;Space;1181523
Key Up;W;1181531
Key Down;S;1181619
Key Up;S;1181851
Key Down;W;1182275
Key Down;Left Shift;1182523
Key Up;Left Shift;1182747
Key Up;W;1182967
Key Down;S;1183100
Key Down;D;1183211
Key Up;S;1183403
Key Up;D;1183475
Key Down;D;1183811
Key Down;W;1183843
Key Up;D;1184027
Key Up;W;1184419
Key Down;A;1184596
Key Down;W;1184932
Key Up;A;1185083
Key Up;W;1185187
Key Down;D;1185251
Key Up;D;1185387
Key Down;W;1185787
Key Up;W;1185875
Key Down;S;1186228
Key Up;S;1186315
Key Down;W;1186643
Key Down;Space;1187987
Key Up;Space;1188227
Key Down;A;1189228
Key Up;W;1189643
Key Down;W;1189773
Key Up;A;1189867
Key Up;W;1189939
Key Down;A;1190019
Key Up;A;1190099
Key Down;A;1190603
Key Up;A;1190787
Key Down;W;1191355
Key Down;D;1191515
Key Down;A;1191691
Key Up;D;1191715
Key Up;A;1191845
Key Up;W;1191931
Key Down;D;1191955
Key Down;W;1192099
Key Up;W;1192323
Key Down;W;1192347
Key Down;Space;1192539
Key Up;D;1192571
Key Up;Space;1192803
Key Down;Space;1192933
Key Down;D;1193084
Key Up;Space;1193139
Key Up;W;1193452
Key Up;D;1193539
Key Down;D;1193947
Key Down;S;1194188
Key Up;S;1194483
Key Down;S;1194715
Key Up;S;1194891
Key Down;A;1194915
Key Up;D;1194923
Key Down;W;1195059
Key Up;A;1195820
Key Down;D;1195939
Key Up;D;1196131
Key Down;D;1196371
Key Up;D;1196827
Key Down;Space;1197292
Key Up;W;1197443
Key Up;Space;1197484
Key Down;S;1197507
Key Down;D;1197548
Key Down;Space;1197708
Key Up;D;1197836
Key Up;Space;1197907
Key Down;A;1198211
Key Up;A;1198443
Key Down;D;1198443
Key Up;S;1198595
Key Down;W;1198771
Key Up;D;1198787
Key Down;A;1198796
Key Up;W;1198827
Key Down;D;1198980
Key Up;A;1198987
Key Down;A;1199363
Key Down;S;1199363
Key Up;D;1199403
Key Up;S;1199556
Key Up;A;1199571
Key Down;W;1199612
Key Down;D;1199739
Key Up;D;1200083
Key Up;W;1200283
Key Down;A;1200339
Key Up;A;1200459
Key Down;W;1200883
Key Up;W;1201179
Key Down;W;1201339
Key Up;W;1201547
Key Down;W;1202020
Key Down;Space;1202324
Key Up;Space;1202659
Key Down;Space;1202756
Key Up;Space;1202923
Key Up;W;1203163
Key Down;W;1203275
Key Up;W;1203483
Key Down;W;1203675
Key Down;Space;1204323
Key Up;Space;1204539
Key Down;Space;1204660
Key Down;A;1204772
Key Up;Space;1204811
Key Up;A;1205627
Key Down;A;1205731
Key Up;W;1205772
Key Down;W;1206139
Key Up;W;1206483
Key Up;A;1206531
Key Down;D;1206563
Key Up;D;1206867
Key Down;A;1207019
Key Down;D;1207099
Key Up;A;1207147
Key Down;W;1207355
Key Up;D;1207699
Key Down;D;1207731
Key Up;D;1207859
Key Down;D;1208019
Key Up;W;1208091
Key Up;D;1208099
Key Down;A;1208443
Key Down;S;1208643
Key Up;S;1208820
Key Down;W;1208995
Key Up;A;1209235
Key Down;Space;1209244
Key Down;A;1209556
Key Up;Space;1209627
Key Down;Space;1209699
Key Up;Space;1209979
Key Up;W;1210035
Key Down;W;1210355
Key Up;W;1210459
Key Down;W;1210580
Key Up;W;1210731
Key Down;S;1210803
Key Up;A;1210843
Key Down;D;1210996
Key Up;S;1211139
Key Up;D;1211171
Key Down;W;1211251
Key Down;A;1211379
Key Up;W;1211387
Key Up;A;1211547
Key Down;W;1212259
Key Up;W;1212347
Key Down;W;1213668
Key Down;A;1213843
Key Up;W;1213995
Key Up;A;1214043
Key Down;W;1214419
Key Up;W;1214595
Key Down;A;1215748
Key Down;W;1215813
Key Up;A;1216203
Key Up;W;1216243
Key Down;W;1216803
Key Down;Space;1217164
Key Up;W;1217267
Key Up;Space;1217331
Key Down;S;1217340
Key Down;D;1217659
Key Up;D;1217787
Key Up;S;1217915
Key Down;W;1218852
Key Down;A;1218859
Key Up;A;1219051
Key Up;W;1219131
Key Down;S;1219283
Key Up;S;1219363
Key Down;W;1221323
Key Up;W;1221523
Key Down;W;1221691
Key Down;Space;1221731
Key Up;Space;1222179
Key Down;Space;1222651
Key Down;D;1222859
Key Up;D;1223243
Key Up;Space;1223315
Key Down;A;1223371
Key Down;Space;1223443
Key Up;A;1223507
Key Down;D;1223523
Key Up;Space;1223531
Key Down;A;1223595
Key Up;D;1223651
Key Up;W;1223835
Key Down;W;1223931
Key Up;A;1224571
Key Down;Space;1224891
Key Up;Space;1225299
Key Down;Space;1225379
Key Up;Space;1225571
Key Down;Space;1227395
Key Up;Space;1227483
Key Down;Left Shift;1228491
Key Up;Left Shift;1228603
Key Up;W;1229171
Key Down;W;1229835
Key Up;W;1230067
Key Down;W;1231515
Key Down;A;1231707
Key Down;Space;1232163
Key Up;Space;1232355
Key Up;A;1232843
Key Up;W;1232891
Key Down;W;1233316
Key Up;W;1233531
Key Down;A;1233603
Key Down;Space;1233691
Key Down;W;1233699
Key Up;W;1233779
Key Up;A;1233843
Key Up;Space;1233923
Key Down;W;1234051
Key Down;Space;1234092
Key Down;D;1234275
Key Up;Space;1234427
Key Up;D;1234707
Key Down;Space;1235219
Key Down;D;1235251
Key Up;Space;1235419
Key Down;A;1235467
Key Up;D;1235483
Key Up;W;1235587
Key Down;S;1235724
Key Up;A;1235963
Key Up;S;1235963
Key Down;D;1236100
Key Up;D;1236267
Key Down;W;1236443
Key Up;W;1236603
Key Down;W;1239403
Key Down;Space;1239419
Key Up;Space;1240595
Key Up;W;1240931
Key Down;W;1241051
Key Down;D;1241187
Key Up;D;1241315
Key Up;W;1241467
Key Down;W;1242451
Key Down;A;1242515
Key Up;A;1242763
Key Down;A;1243187
Key Up;A;1243923
Key Down;D;1244036
Key Down;Space;1244251
Key Up;D;1244291
Key Down;A;1244435
Key Up;Space;1244483
Key Up;A;1244995
Key Down;D;1245003
Key Up;D;1245523
Key Down;A;1245571
Key Up;A;1245771
Key Down;D;1246035
Key Up;D;1246139
Key Down;A;1246283
Key Up;A;1246635
Key Up;W;1246803
Key Down;W;1248067
Key Down;A;1248339
Key Up;A;1249091
Key Down;D;1249107
Key Up;D;1249419
Key Down;A;1250827
Key Up;A;1250923
Key Up;W;1253891
Key Down;A;1255203
Key Up;A;1255275
Key Down;W;1258260
Key Up;W;1260579
Key Down;W;1260691
Key Down;D;1261123
Key Up;D;1261179
Key Up;W;1261347
Key Down;W;1262179
Key Down;A;1262555
Key Up;A;1262675
Key Down;Space;1263203
Key Up;Space;1263571
Key Up;W;1264115
Key Down;W;1264443
Key Down;Space;1264627
Key Up;Space;1264939
Key Up;W;1265651
Key Down;W;1265964
Key Up;W;1266171
Key Down;S;1266388
Key Up;S;1266467
Key Down;W;1266772
Key Up;W;1266931
Key Down;W;1267763
Key Down;A;1267852
Key Up;A;1267979
Key Up;W;1268011
Key Down;A;1268435
Key Down;W;1268459
Key Up;A;1269043
Key Up;W;1269099
Key Down;W;1269979
Key Up;W;1270187
Key Down;W;1270411
Key Up;W;1270699
Key Down;W;1271283
Key Up;W;1271451
Key Down;D;1272779
Key Up;D;1272939
Key Down;W;1273171
Key Up;W;1273299
Key Down;W;1273924
Key Down;Space;1274043
Key Up;Space;1274403
Key Down;D;1275419
Key Up;W;1275699
Key Up;D;1275723
Key Down;A;1275731
Key Down;S;1275827
Key Up;A;1275947
Key Down;A;1276035
Key Up;S;1276075
Key Up;A;1276083
Key Down;W;1276115
Key Down;Left Shift;1276219
Key Up;Left Shift;1276387
Key Up;W;1276403
Key Down;A;1276483
Key Up;A;1276619
Key Down;W;1278043
Key Down;Space;1278548
Key Up;Space;1278723
Key Up;W;1279043
Key Down;W;1279715
Key Down;D;1279723
Key Up;D;1280563
Key Down;Left Shift;1280571
Key Up;Left Shift;1280779
Key Down;D;1281291
Key Up;D;1281515
Key Down;A;1281571
Key Down;Space;1281675
Key Up;A;1281756
Key Up;Space;1281891
Key Down;D;1282203
Key Up;D;1282443
Key Down;A;1282699
Key Up;A;1283147
Key Up;W;1283163
Key Down;W;1283323
Key Down;Space;1283787
Key Up;Space;1284051
Key Up;W;1284403
Key Down;A;1284636
Key Up;A;1284747
Key Down;W;1284859
Key Down;D;1284875
Key Up;D;1285195
Key Down;Space;1285427
Key Up;Space;1285732
Key Down;D;1285763
Key Up;W;1286020
Key Up;D;1286299
Key Down;A;1286900
Key Up;A;1286995
Key Down;D;1287044
Key Down;W;1287275
Key Up;D;1287467
Key Up;W;1287571
Key Down;W;1287883
Key Up;W;1288059
Key Down;W;1289092
Key Down;Space;1289651
Key Down;A;1289715
Key Up;Space;1289827
Key Up;A;1289979
Key Up;W;1290243
Key Down;W;1290602
Key Up;W;1290931
Key Down;W;1291259
Key Down;Left Shift;1291667
Key Up;Left Shift;1291867
Key Up;W;1292171
Key Down;D;1292187
Key Up;D;1292291
Key Down;A;1292323
Key Up;A;1292643
Key Down;S;1292659
Key Down;A;1292667
Key Up;A;1292947
Key Down;A;1293107
Key Up;S;1293267
Key Up;A;1293283
Key Down;D;1293356
Key Up;D;1293467
Key Down;S;1293547
Key Down;A;1293691
Key Up;S;1293851
Key Down;W;1293980
Key Up;W;1294195
Key Down;S;1294307
Key Up;A;1294363
Key Up;S;1294411
Key Down;S;1294523
Key Up;S;1294595
Key Down;A;1294611
Key Up;A;1294747
Key Down;D;1294819
Key Up;D;1294908
Key Down;W;1296379
Key Down;Space;1296827
Key Up;Space;1296995
Key Down;D;1298419
Key Up;D;1299307
Key Down;Space;1299459
Key Up;Space;1299699
Key Down;A;1300819
Key Up;A;1301403
Key Down;Space;1301907
Key Up;Space;1302252
Key Down;D;1302331
Key Down;Space;1302755
Key Up;Space;1302971
Key Up;W;1303603
Key Up;D;1303971
Key Down;A;1304179
Key Down;W;1304707
Key Up;W;1306531
Key Down;S;1306635
Key Up;S;1306835
Key Down;W;1306940
Key Up;W;1307299
Key Down;W;1307779
Key Up;A;1307979
Key Down;A;1308195
Key Up;W;1309339
Key Down;W;1309659
Key Up;A;1309843
Key Down;A;1310219
Key Up;W;1310227
Key Down;W;1310787
Key Up;W;1312203
Key Down;W;1312955
Key Up;W;1313091
Key Down;W;1313307
Key Up;A;1313923
Key Down;D;1313955
Key Up;D;1314187
Key Down;A;1314731
Key Up;A;1314851
Key Up;W;1315131
Key Down;S;1315540
Key Up;S;1315675
Key Down;W;1316155
Key Up;W;1316283
Key Down;W;1317774
Key Down;D;1318147
Key Up;W;1318243
Key Up;D;1318323
Key Down;W;1318611
Key Down;D;1318707
Key Up;W;1319299
Key Up;D;1319435
Key Down;W;1319955
Key Down;Space;1320187
Key Up;Space;1320435
Key Down;D;1320852
Key Up;D;1321091
Key Down;D;1321155
Key Up;D;1321283
Key Down;Space;1321663
Key Up;Space;1321947
Key Up;W;1322227
Key Down;Space;1322276
Key Up;Space;1322731
Key Down;Space;1324099
Key Up;Space;1324547
Key Down;Space;1324667
Key Up;Space;1325083
Key Down;Space;1326099
Key Up;Space;1326691
Key Down;W;1327131
Key Up;W;1327579
Key Down;S;1327771
Key Up;S;1327851
Key Down;A;1327868
Key Down;W;1328059
Key Up;A;1328291
Key Up;W;1328507
Key Down;S;1328771
Key Up;S;1328963
Key Down;W;1329283
Key Down;D;1329347
Key Up;D;1330243
Key Down;D;1330307
Key Up;D;1332019
Key Up;W;1332099
Key Down;A;1332115
Key Down;W;1332291
Key Up;A;1332563
Key Down;A;1332788
Key Up;W;1332971
Key Down;W;1333075
Key Up;A;1333211
Key Down;D;1333251
Key Up;W;1333675
Key Down;W;1333795
Key Up;W;1334467
Key Down;W;1335364
Key Up;D;1335595
Key Down;A;1335619
Key Up;W;1335875
Key Down;W;1336044
Key Up;A;1336131
Key Down;A;1336267
Key Up;A;1336499
Key Down;D;1336627
Key Up;D;1336755
Key Down;A;1336899
Key Up;A;1337083
Key Up;W;1337107
Key Down;D;1337371
Key Up;D;1337491
Key Down;S;1337587
Key Up;S;1337707
Key Down;S;1341643
Key Up;S;1341723
Key Down;D;1342219
Key Down;W;1342307
Key Up;D;1342355
Key Down;D;1342499
Key Up;D;1342571
Key Down;D;1342923
Key Up;W;1343475
Key Down;W;1343868
Key Down;A;1343899
Key Up;D;1343907
Key Up;W;1344043
Key Down;S;1344171
Key Up;S;1344494
Key Down;W;1344691
Key Up;W;1346363
Key Down;W;1346563
Key Up;A;1347411
Key Down;A;1347452
Key Up;A;1347507
Key Down;A;1347675
Key Up;A;1348371
Key Down;A;1348579
Key Up;A;1348723
Key Up;W;1349043
Key Down;S;1349619
Key Up;S;1349803
Key Down;W;1350067
Key Up;W;1350219
Key Down;W;1351115
Key Down;A;1351612
Key Up;W;1351659
Key Up;A;1351755
Key Down;W;1352179
Key Up;W;1352363
Key Down;W;1352563
Key Up;W;1352691
Key Down;W;1352907
Key Up;W;1353019
Key Down;W;1353771
Key Down;Space;1354027
Key Up;Space;1354539
Key Down;Space;1355796
Key Up;Space;1356219
Key Down;Space;1356380
Key Up;Space;1356627
Key Down;Left Shift;1357260
Key Up;Left Shift;1357371
Key Up;W;1357483
Key Down;S;1357579
Key Up;S;1358035
Key Down;W;1358259
Key Down;Space;1358668
Key Up;Space;1358891
Key Down;Space;1359388
Key Up;Space;1359691
Key Down;D;1360917
Key Up;W;1360947
Key Up;D;1360971
Key Down;W;1361395
Key Down;Space;1361571
Key Up;Space;1361739
Key Down;Left Shift;1361948
Key Up;Left Shift;1362075
Key Up;W;1362859
Key Down;W;1363932
Key Down;Space;1364388
Key Up;Space;1364643
Key Down;Left Shift;1365252
Key Up;Left Shift;1365435
Key Down;Left Shift;1366923
Key Up;Left Shift;1367035
Key Up;W;1367331
Key Down;W;1367491
Key Up;W;1367675
Key Down;A;1367771
Key Down;S;1367787
Key Up;A;1367939
Key Down;A;1367963
Key Up;S;1368099
Key Down;W;1368259
Key Up;W;1368475
Key Down;W;1368700
Key Up;A;1369091
Key Down;D;1369203
Key Up;W;1369243
Key Up;D;1369755
Key Down;W;1369972
Key Up;W;1370107
Key Down;W;1370979
Key Down;Space;1371460
Key Up;Space;1371612
Key Down;Left Shift;1372051
Key Up;Left Shift;1372219
Key Down;A;1372947
Key Up;W;1373059
Key Down;S;1373235
Key Up;A;1373539
Key Down;D;1373547
Key Up;S;1373555
Key Down;W;1373635
Key Up;D;1373771
Key Down;Space;1373899
Key Up;Space;1374347
Key Down;Left Shift;1374508
Key Up;Left Shift;1374715
Key Up;W;1376387
Key Down;W;1376475
Key Up;W;1377027
Key Down;W;1377211
Key Up;W;1377299
Key Down;W;1377555
Key Up;W;1377651
Key Down;W;1378147
Key Up;W;1378331
Key Down;W;1378652
Key Up;W;1378835
Key Down;D;1379067
Key Down;W;1379388
Key Up;D;1379523
Key Down;Space;1379795
Key Up;Space;1380251
Key Down;Left Shift;1380332
Key Up;Left Shift;1380595
Key Down;Left Shift;1380780
Key Up;Left Shift;1380987
Key Down;Space;1382539
Key Up;Space;1382859
Key Down;A;1383173
Key Down;Space;1383403
Key Up;A;1383620
Key Up;Space;1383627
Key Down;A;1383756
Key Up;A;1384667
Key Down;D;1384851
Key Up;D;1385075
Key Down;A;1385460
Key Up;A;1385739
Key Down;Space;1386604
Key Up;Space;1386699
Key Down;Left Shift;1387451
Key Up;Left Shift;1387613
Key Up;W;1388195
Key Down;W;1389051
Key Down;Space;1389571
Key Up;Space;1389691
Key Down;Left Shift;1389731
Key Up;Left Shift;1389931
Key Up;W;1390371
Key Down;W;1391252
Key Down;Space;1391731
Key Up;Space;1392035
Key Down;Left Shift;1392131
Key Up;Left Shift;1392283
Key Down;Left Shift;1393187
Key Up;Left Shift;1393299
Key Down;A;1394323
Key Up;A;1394931
Key Down;D;1395795
Key Up;D;1396083
Key Down;A;1396164
Key Up;A;1396347
Key Down;A;1396563
Key Up;A;1397195
Key Down;D;1397236
Key Up;D;1397467
Key Up;W;1398059
Key Down;W;1398747
Key Down;Space;1399083
Key Up;Space;1399283
Key Down;Left Shift;1399387
Key Up;Left Shift;1399547
Key Up;W;1400043
Key Down;W;1400980
Key Down;Space;1401500
Key Up;Space;1401691
Key Down;Left Shift;1401909
Key Up;Left Shift;1402043
Key Down;A;1405363
Key Up;A;1405507
Key Down;D;1405604
Key Up;D;1406003
Key Down;A;1406323
Key Down;D;1406660
Key Up;A;1406675
Key Up;D;1407067
Key Down;Space;1407165
Key Up;Space;1407355
Key Down;D;1407939
Key Up;D;1408507
Key Down;A;1408675
Key Up;A;1408851
Key Down;D;1409355
Key Up;D;1409531
Key Down;A;1409660
Key Up;A;1409939
Key Down;A;1410171
Key Up;A;1410371
Key Down;Space;1411091
Key Up;Space;1411187
Key Down;Left Shift;1411235
Key Up;Left Shift;1411395
Key Up;W;1412275
Key Down;W;1412883
Key Down;Space;1413363
Key Up;Space;1413491
Key Down;Left Shift;1413739
Key Up;Left Shift;1413875
Key Down;Left Shift;1414747
Key Up;Left Shift;1414899
Key Down;D;1415875
Key Up;D;1416155
Key Down;A;1416467
Key Up;A;1417515
Key Down;D;1417811
Key Up;D;1418035
Key Down;D;1418147
Key Up;W;1418379
Key Down;W;1418724
Key Down;A;1418860
Key Up;D;1418867
Key Up;A;1419275
Key Down;Space;1419923
Key Up;Space;1420083
Key Down;Left Shift;1420771
Key Up;Left Shift;1420915
Key Up;W;1421051
Key Down;W;1422372
Key Down;Space;1422876
Key Up;Space;1423211
Key Down;Left Shift;1423283
Key Up;Left Shift;1423427
Key Down;Left Shift;1424468
Key Up;Left Shift;1424556
Key Down;A;1425435
Key Up;A;1425899
Key Down;A;1426179
Key Up;A;1426267
Key Down;A;1426412
Key Up;A;1426723
Key Down;D;1426764
Key Up;D;1427179
Key Down;D;1427411
Key Up;D;1427555
Key Down;D;1427579
Key Up;D;1427779
Key Down;D;1428003
Key Up;D;1428131
Key Down;D;1428275
Key Up;D;1428475
Key Down;A;1428763
Key Up;A;1428939
Key Down;Space;1429172
Key Up;Space;1429307
Key Down;Left Shift;1429499
Key Up;Left Shift;1429635
Key Down;A;1430059
Key Up;W;1430131
Key Down;W;1430387
Key Up;A;1430675
Key Down;Space;1430843
Key Down;A;1430979
Key Up;Space;1431011
Key Up;A;1431035
Key Down;D;1431379
Key Down;Space;1431595
Key Up;Space;1431699
Key Up;D;1431803
Key Down;A;1431835
Key Up;W;1431907
Key Down;W;1432012
Key Up;A;1432035
Key Down;D;1432147
Key Up;W;1432259
Key Up;D;1432283
Key Down;D;1432388
Key Down;A;1432548
Key Up;D;1432571
Key Up;A;1432779
Key Down;A;1432883
Key Down;W;1432988
Key Up;A;1433051
Key Down;Space;1433251
Key Up;Space;1433371
Key Down;Left Shift;1433483
Key Up;Left Shift;1433611
Key Up;W;1434100
Key Down;S;1434459
Key Up;S;1434555
Key Down;Space;1435843
Key Down;A;1436203
Key Up;A;1436459
Key Down;D;1436603
Key Up;Space;1436819
Key Up;D;1436867
Key Down;A;1437052
Key Up;A;1437155
Key Down;W;1437419
Key Down;D;1437427
Key Up;D;1437507
Key Up;W;1437531
Key Down;D;1437843
Key Up;D;1437907
Key Down;S;1438171
Key Up;S;1438243
Key Down;W;1440179
Key Down;Space;1440307
Key Up;Space;1440475
Key Up;W;1440523
Key Down;D;1440731
Key Up;D;1441043
Key Down;W;1441132
Key Down;D;1441268
Key Up;W;1441595
Key Up;D;1441595
Key Down;W;1443980
Key Up;W;1444803
Key Down;A;1445051
Key Down;W;1445123
Key Up;W;1445243
Key Up;A;1445275
Key Down;A;1445700
Key Up;A;1445819
Key Down;W;1446276
Key Down;D;1446435
Key Up;W;1446619
Key Down;W;1446779
Key Up;D;1447299
Key Down;D;1447547
Key Up;D;1447691
Key Down;A;1448027
Key Up;A;1448171
Key Down;A;1448355
Key Up;W;1448427
Key Down;W;1448595
Key Up;A;1448707
Key Up;W;1448739
Key Down;W;1449171
Key Down;Space;1449371
Key Up;Space;1449683
Key Down;D;1449803
Key Up;D;1449939
Key Up;W;1449963
Key Down;S;1450099
Key Up;S;1450228
Key Down;W;1451756
Key Down;Space;1451772
Key Up;Space;1452195
Key Up;W;1452355
Key Down;S;1452556
Key Up;S;1452667
Key Down;W;1452963
Key Up;W;1453067
Key Down;W;1453523
Key Up;W;1453619
Key Down;W;1453939
Key Down;Space;1454011
Key Up;Space;1454307
Key Down;Space;1454387
Key Up;Space;1454531
Key Down;D;1455083
Key Up;D;1455236
Key Down;Space;1455451
Key Up;Space;1455683
Key Down;A;1455756
Key Up;A;1455963
Key Up;W;1456236
Key Down;W;1456347
Key Down;Space;1456643
Key Up;Space;1457043
Key Up;W;1457347
Key Down;W;1457491
Key Up;W;1457595
Key Down;W;1457979
Key Down;Space;1458219
Key Up;Space;1458635
Key Down;Space;1458803
Key Up;Space;1459059
Key Down;D;1459804
Key Up;D;1460267
Key Down;Space;1461003
Key Up;Space;1461547
Key Down;A;1462555
Key Up;A;1462803
Key Up;W;1462843
Key Down;W;1463083
Key Up;W;1463411
Key Down;D;1464467
Key Up;D;1464564
Key Down;Space;1465275
Key Up;Space;1465659
Key Down;W;1466339
Key Down;Space;1467219
Key Up;Space;1468035
Key Down;Left Shift;1469179
Key Up;Left Shift;1469371
Key Up;W;1470307
Key Down;W;1471188
Key Down;Space;1472139
Key Up;Space;1472467
Key Down;A;1473755
Key Up;W;1473763
Key Up;A;1473836
Key Down;D;1474268
Key Down;W;1474299
Key Up;D;1474451
Key Up;W;1474603
Key Down;A;1474604
Key Down;W;1474619
Key Up;A;1474867
Key Up;W;1475764
Key Down;W;1480499
Key Down;A;1481123
Key Up;A;1481244
Key Up;W;1481443
Key Down;D;1481587
Key Up;D;1481668
Key Down;W;1482316
Key Down;A;1482467
Key Up;A;1482539
Key Up;W;1488835
Key Down;W;1490611
Key Down;Space;1491515
Key Up;Space;1491803
Key Down;D;1493131
Key Up;D;1493195
Key Down;Space;1495115
Key Up;Space;1495291
Key Up;W;1496491
Key Down;S;1496715
Key Down;A;1496955
Key Up;A;1497083
Key Up;S;1497171
Key Down;W;1497635
Key Down;A;1499115
Key Up;A;1499243
Key Down;D;1499619
Key Up;D;1499707
Key Up;W;1502795
Key Down;W;1503380
Key Up;W;1504987
Key Down;W;1505731
Key Up;W;1507787
Key Down;W;1508172
Key Up;W;1508267
Key Down;S;1508379
Key Up;S;1508595
Key Down;W;1509875
Key Down;Space;1510827
Key Up;Space;1511539
Key Down;A;1514451
Key Up;A;1514603
Key Up;W;1515083
Key Down;W;1516859
Key Down;Space;1517776
Key Up;Space;1517947
Key Down;Left Shift;1517995
Key Up;Left Shift;1518187
Key Down;Space;1518668
Key Up;Space;1518795
Key Up;W;1519755
Key Down;Space;1520299
Key Down;W;1520459
Key Up;Space;1520475
Key Down;A;1520748
Key Up;A;1520875
Key Up;W;1521363
Key Down;W;1521603
Key Down;D;1521643
Key Up;D;1521772
Key Up;W;1521835
Key Down;Space;1522516
Key Up;Space;1522627
Key Down;W;1524099
Key Down;Space;1524811
Key Up;Space;1525251
Key Down;Left Shift;1525619
Key Up;Left Shift;1525860
Key Up;W;1526539
Key Down;W;1527291
Key Up;W;1527459
Key Down;S;1527587
Key Down;Space;1527787
Key Up;Space;1527915
Key Up;S;1528203
Key Down;W;1529060
Key Down;Space;1529907
Key Up;Space;1530075
Key Down;Left Shift;1530163
Key Up;Left Shift;1530331
Key Down;Space;1530724
Key Up;Space;1530867
Key Up;W;1531883
Key Down;A;1532107
Key Up;A;1532211
Key Down;W;1532299
Key Down;D;1532427
Key Up;D;1532611
Key Up;W;1532651
Key Down;D;1532803
Key Up;D;1532923
Key Down;W;1533219
Key Down;A;1533515
Key Up;A;1533595
Key Up;W;1533979
Key Down;W;1534123
Key Down;A;1534899
Key Up;A;1535035
Key Down;D;1535363
Key Up;D;1535451
Key Up;W;1535883
Key Down;W;1536755
Key Down;Space;1537492
Key Up;Space;1537651
Key Down;Left Shift;1537774
Key Up;Left Shift;1537947
Key Down;Space;1538139
Key Up;Space;1538291
Key Down;Left Shift;1538492
Key Up;Left Shift;1538603
Key Up;W;1539236
Key Down;W;1539515
Key Up;W;1539795
Key Down;W;1541435
Key Down;D;1541627
Key Up;D;1541723
Key Down;A;1543787
Key Up;A;1543883
Key Up;W;1545531
Key Down;W;1545763
Key Down;Left Shift;1546484
Key Up;Left Shift;1546619
Key Up;W;1548067
Key Down;W;1548723
Key Up;W;1550139
Key Down;W;1551083
Key Up;W;1551531
Key Down;W;1552147
Key Down;Space;1552995
Key Up;Space;1553291
Key Down;Left Shift;1553315
Key Up;Left Shift;1553500
Key Down;Space;1554068
Key Up;Space;1554483
Key Down;Space;1555315
Key Up;Space;1556139
Key Up;W;1556523
Key Down;W;1557244
Key Up;W;1557323
Key Down;W;1557419
Key Up;W;1557499
Key Down;D;1557571
Key Down;W;1557635
Key Up;D;1557675
Key Down;A;1558035
Key Up;A;1558115
Key Down;A;1558635
Key Up;A;1558723
Key Up;W;1560867
Key Down;W;1561363
Key Up;W;1562651
Key Down;W;1563452
Key Up;W;1565307
Key Down;W;1566235
Key Up;W;1567115
Key Down;W;1568836
Key Down;Left Shift;1569179
Key Up;Left Shift;1569299
Key Down;Left Shift;1569387
Key Up;Left Shift;1569500
Key Up;W;1571171
Key Down;W;1572364
Key Down;D;1572515
Key Up;D;1572643
Key Up;W;1572931
Key Down;W;1573123
Key Up;W;1573307
Key Down;W;1573523
Key Down;A;1573723
Key Down;Space;1573819
Key Up;A;1573979
Key Up;Space;1574003
Key Up;W;1574235
Key Down;W;1574403
Key Up;W;1574531
Key Down;D;1574587
Key Up;D;1574755
Key Down;A;1574955
Key Up;A;1575099
Key Down;D;1575100
Key Down;W;1575355
Key Up;D;1575459
Key Down;Space;1575731
Key Up;Space;1576011
Key Down;Space;1576139
Key Down;A;1576244
Key Up;Space;1576531
Key Up;A;1576539
Key Up;W;1576771
Key Down;D;1577019
Key Down;W;1577029
Key Up;D;1577179
Key Up;W;1577211
Key Down;W;1577699
Key Down;Space;1577763
Key Up;Space;1578307
Key Down;D;1578507
Key Up;W;1578939
Key Up;D;1579235
Key Down;A;1579283
Key Up;A;1579395
Key Down;W;1579603
Key Down;A;1579659
Key Up;A;1579773
Key Down;D;1581611
Key Down;Space;1581803
Key Up;D;1581859
Key Up;Space;1581971
Key Down;D;1582139
Key Up;D;1582227
Key Down;D;1582269
Key Down;Left Shift;1582395
Key Up;D;1582459
Key Up;Left Shift;1582571
Key Down;A;1582715
Key Up;A;1583251
Key Up;W;1583331
Key Down;D;1583443
Key Up;D;1583563
Key Down;W;1583748
Key Down;D;1583811
Key Up;D;1583931
Key Down;A;1584556
Key Up;A;1584675
Key Down;D;1585179
Key Up;D;1585235
Key Up;W;1585755
Key Down;Space;1585795
Key Down;W;1585907
Key Up;Space;1586075
Key Up;W;1586107
Key Down;D;1586131
Key Down;Space;1586260
Key Down;W;1586427
Key Up;Space;1586475
Key Down;Left Shift;1586611
Key Up;D;1586621
Key Up;Left Shift;1586787
Key Down;D;1586971
Key Up;W;1586979
Key Down;W;1587171
Key Down;A;1587299
Key Up;D;1587315
Key Up;W;1587411
Key Up;A;1587491
Key Down;D;1587500
Key Down;A;1587668
Key Down;W;1587683
Key Up;D;1587707
Key Up;W;1587851
Key Up;A;1587875
Key Down;D;1588035
Key Up;D;1588355
Key Down;W;1589707
Key Down;Space;1590451
Key Up;Space;1590707
Key Down;Left Shift;1590731
Key Up;Left Shift;1590987
Key Down;Space;1591435
Key Up;Space;1591899
Key Down;Space;1592795
Key Up;Space;1592979
Key Down;D;1592988
Key Up;D;1593131
Key Down;A;1593484
Key Up;A;1593620
Key Down;D;1593811
Key Up;D;1593843
Key Down;D;1594131
Key Up;D;1594219
Key Down;A;1594811
Key Up;A;1594915
Key Down;A;1595380
Key Up;A;1595468
Key Down;A;1598187
Key Up;A;1598307
Key Up;W;1598995
Key Down;W;1599259
Key Down;D;1599683
Key Up;D;1599755
Key Down;A;1599931
Key Up;A;1600035
Key Up;W;1600323
Key Down;W;1601339
Key Down;Space;1601964
Key Up;Space;1602227
Key Down;Left Shift;1602347
Key Up;Left Shift;1602499
Key Down;Space;1603044
Key Up;Space;1603268
Key Down;Left Shift;1603307
Key Up;Left Shift;1603531
Key Down;Left Shift;1603955
Key Up;Left Shift;1604059
Key Down;A;1604140
Key Up;A;1604283
Key Up;W;1605171
Key Down;W;1605780
Key Up;W;1608883
Key Down;W;1609211
Key Up;W;1610843
Key Down;W;1611172
Key Down;A;1611851
Key Up;A;1611963
Key Up;W;1612267
Key Down;W;1612811
Key Down;Space;1613972
Key Up;Space;1614251
Key Down;Left Shift;1614331
Key Up;Left Shift;1614539
Key Down;Space;1614932
Key Up;Space;1615211
Key Down;Left Shift;1615652
Key Up;Left Shift;1615859
Key Down;D;1617243
Key Up;D;1617315
Key Up;W;1617483
Key Down;W;1617899
Key Down;D;1621196
Key Up;D;1621283
Key Down;A;1623539
Key Up;A;1623675
Key Down;A;1624036
Key Up;A;1624163
Key Up;W;1624219
Key Down;W;1624595
Key Down;Left Shift;1624891
Key Up;Left Shift;1625051
Key Down;D;1626980
Key Down;Space;1627172
Key Up;Space;1627371
Key Up;D;1627507
Key Down;D;1627659
Key Down;Left Shift;1627699
Key Up;D;1627747
Key Up;Left Shift;1627907
Key Down;A;1628163
Key Up;A;1628419
Key Down;D;1628572
Key Down;Space;1628795
Key Up;D;1628963
Key Up;Space;1628971
Key Up;W;1629099
Key Down;A;1629227
Key Up;A;1629387
Key Down;A;1629884
Key Down;W;1629955
Key Up;A;1630003
Key Up;W;1630099
Key Down;W;1630675
Key Up;W;1631019
Key Down;S;1631179
Key Up;S;1631259
Key Down;W;1631596
Key Down;Left Shift;1632811
Key Up;Left Shift;1632979
Key Up;W;1633739
Key Down;Left Alt;1637099
Key Down;Tab;1637251
Key Up;Left Alt;1637363
Key Up;Tab;1637403
