Event;Key;Time
Key Down;Q;7760
Key Up;Q;7992
Key Down;Z;8168
Key Up;Z;8353
Key Down;Q;8425
Key Up;Q;8616
Key Down;Z;8872
Key Up;Z;9088
Key Down;Q;9745
Key Down;Z;9809
Key Up;Q;9936
Key Up;Z;9977
Key Down;Z;10360
Key Down;D;10368
Key Up;Z;10640
Key Up;D;10752
Key Down;Q;10952
Key Up;Q;11153
Key Down;Z;11376
Key Down;Espace;12032
Key Up;Espace;12408
Key Down;Left Shift;12768
Key Up;Left Shift;12888
Key Up;Z;13440
Key Down;Z;20761
Key Down;Q;21496
Key Up;Q;21800
Key Down;Left Shift;22177
Key Up;Left Shift;22552
Key Down;Q;22608
Key Down;Espace;22808
Key Up;Q;22832
Key Up;Espace;23000
Key Down;Espace;23153
Key Up;Espace;23361
Key Down;Q;23856
Key Up;Z;24408
Key Up;Q;24448
Key Down;F;25272
Key Up;F;25384
Key Down;Z;26600
Key Up;Z;26808
Key Down;D;26896
Key Up;D;27040
Key Down;D;27904
Key Up;D;28032
Key Down;F;29064
Key Up;F;29192
Key Down;Q;30560
Key Up;Q;30776
Key Down;Z;31944
Key Up;Z;32072
Key Down;S;32448
Key Down;Q;32520
Key Up;S;32673
Key Up;Q;32729
Key Down;Q;32984
Key Up;Q;33072
Key Down;F;33632
Key Up;F;33784
Key Down;Q;34113
Key Down;Z;34209
Key Up;Q;34416
Key Up;Z;34424
Key Down;Q;34744
Key Down;S;34824
Key Up;S;34976
Key Up;Q;34992
Key Down;Z;35304
Key Down;Q;35328
Key Up;Z;35592
Key Up;Q;35616
Key Down;Espace;35928
Key Up;Espace;36144
Key Down;Espace;36897
Key Up;Espace;37104
Key Down;Z;37248
Key Down;D;37280
Key Up;Z;37408
Key Up;D;37752
Key Down;Q;38568
Key Up;Q;38784
Key Down;D;38928
Key Up;D;39232
Key Down;Q;40056
Key Up;Q;40272
Key Down;F;41440
Key Up;F;41568
Key Down;Z;44040
Key Up;Z;44600
Key Down;Z;44856
Key Down;Espace;44960
Key Up;Espace;45128
Key Up;Z;45776
Key Down;D;46304
Key Up;D;46464
Key Down;D;46584
Key Down;Z;46712
Key Up;D;46832
Key Down;Q;46856
Key Up;Z;46896
Key Up;Q;46992
Key Down;F;47360
Key Up;F;47456
Key Down;D;48064
Key Up;D;48232
Key Down;Q;48416
Key Up;Q;48529
Key Down;Z;48848
Key Up;Z;49112
Key Down;F;49168
Key Up;F;49216
Key Down;Q;49560
Key Up;Q;49776
Key Down;Z;50768
Key Down;D;51025
Key Up;D;51153
Key Down;Q;51496
Key Up;Q;51592
Key Down;Q;51856
Key Up;Q;52144
Key Down;Q;52328
Key Up;Z;52377
Key Up;Q;52425
Key Down;D;52984
Key Up;D;53112
Key Down;Espace;54928
Key Up;Espace;55289
Key Down;Espace;55952
Key Up;Espace;56161
Key Down;D;56976
Key Up;D;57160
Key Down;Z;57896
Key Down;Q;58128
Key Up;Q;58408
Key Down;Q;59664
Key Up;Q;59904
Key Down;D;60376
Key Up;Z;60464
Key Up;D;60512
Key Down;Z;60744
Key Down;D;60760
Key Up;D;60825
Key Up;Z;60873
Key Down;D;61248
Key Up;D;61424
Key Down;Q;62369
Key Up;Q;62568
Key Down;D;62784
Key Up;D;62848
Key Down;Q;62872
Key Up;Q;63048
Key Down;D;63264
Key Up;D;63368
Key Down;Z;65000
Key Down;D;66248
Key Up;Z;66368
Key Down;S;66857
Key Up;S;66952
Key Down;Z;67136
Key Down;Espace;67200
Key Up;Espace;67352
Key Up;Z;67464
Key Up;D;67472
Key Down;Q;67504
Key Up;Q;67704
Key Down;D;67857
Key Up;D;68017
Key Down;D;68305
Key Down;Z;68320
Key Up;Z;68816
Key Up;D;68848
Key Down;D;69088
Key Up;D;69216
Key Down;Q;69329
Key Down;Z;69377
Key Up;Q;69433
Key Down;D;70136
Key Up;D;70264
Key Down;Q;71304
Key Up;Q;71680
Key Up;Z;71704
Key Down;Q;71768
Key Up;Q;71856
Key Down;Q;72177
Key Down;Z;72256
Key Up;Q;72416
Key Down;Q;72760
Key Up;Z;72824
Key Up;Q;72920
Key Down;D;73104
Key Up;D;73200
Key Down;Z;73224
Key Up;Z;73344
Key Down;Q;73704
Key Up;Q;73864
Key Down;Q;74064
Key Down;Z;74208
Key Up;Q;74480
Key Down;D;74873
Key Up;D;74977
Key Down;D;75296
Key Up;Z;75416
Key Up;D;75432
Key Down;Z;75744
Key Down;D;75984
Key Up;D;76184
Key Down;Q;76656
Key Up;Z;76696
Key Up;Q;76744
Key Down;Q;76888
Key Down;Z;76952
Key Up;Q;77024
Key Up;Z;77088
Key Down;Z;77288
Key Up;Z;77472
Key Down;Z;77881
Key Down;Q;79001
Key Up;Q;79289
Key Down;Q;79825
Key Up;Z;79832
Key Down;Z;79944
Key Up;Z;80144
Key Up;Q;80257
Key Down;D;80473
Key Down;Z;80497
Key Up;Z;80608
Key Up;D;80625
Key Down;Q;80824
Key Down;S;80944
Key Up;Q;80952
Key Up;S;81040
Key Down;Q;83161
Key Down;S;83249
Key Up;Q;83600
Key Up;S;83720
Key Down;D;83800
Key Up;D;83888
Key Down;D;84472
Key Down;Z;84496
Key Up;D;84712
Key Down;D;84889
Key Up;Z;85008
Key Up;D;85120
Key Down;Q;85264
Key Up;Q;85384
Key Down;S;85592
Key Up;S;85664
Key Down;Q;85832
Key Down;S;85872
Key Up;Q;86265
Key Down;D;86289
Key Up;S;86329
Key Down;Z;86472
Key Up;D;86688
Key Up;Z;86856
Key Down;Z;87128
Key Up;Z;87224
Key Down;Z;88344
Key Up;Z;88520
Key Down;Z;90824
Key Down;Q;94473
Key Up;Z;94752
Key Up;Q;94984
Key Down;Q;95368
Key Up;Q;95729
Key Down;D;95864
Key Down;Z;96216
Key Up;D;96272
Key Up;Z;96432
Key Down;S;99032
Key Down;Q;99056
Key Up;Q;99320
Key Up;S;99360
Key Down;D;99440
Key Up;D;99584
Key Down;Z;99592
Key Up;Z;99728
Key Down;Z;100888
Key Down;Q;101256
Key Up;Q;101481
Key Down;Q;101728
Key Up;Z;101776
Key Up;Q;101824
Key Down;D;101960
Key Up;D;102016
Key Down;Z;102040
Key Up;Z;102440
Key Down;D;103048
Key Down;Z;103592
Key Up;D;103640
Key Up;Z;103776
Key Down;S;104008
Key Down;Q;104104
Key Up;Q;104408
Key Up;S;104464
Key Down;Q;104608
Key Down;S;104896
Key Up;Q;105064
Key Up;S;105120
Key Down;D;105400
Key Up;D;105552
Key Down;Z;105777
Key Down;Q;106000
Key Up;Q;106208
Key Up;Z;106256
Key Down;Z;106504
Key Up;Z;106800
Key Down;Z;107001
Key Down;Q;107305
Key Up;Q;107424
Key Down;D;107984
Key Up;D;108072
Key Down;Q;108200
Key Up;Q;108393
Key Down;Q;108641
Key Up;Z;109080
Key Down;Z;109104
Key Up;Q;109192
Key Down;Q;109504
Key Up;Q;109672
Key Down;D;110168
Key Up;D;110320
Key Down;D;110528
Key Up;Z;110536
Key Up;D;110648
Key Down;E;111128
Key Up;E;111265
Key Down;Q;112016
Key Up;Q;112112
Key Down;E;112160
Key Up;E;112328
Key Down;E;112857
Key Up;E;113024
Key Down;Q;113512
Key Down;Z;113568
Key Up;Q;113696
Key Down;D;113928
Key Up;D;114145
Key Up;Z;114272
Key Down;D;114377
Key Up;D;114456
Key Down;Z;114704
Key Up;Z;114824
Key Down;S;115048
Key Up;S;115216
Key Down;Z;115368
Key Down;Q;115840
Key Up;Q;116072
Key Up;Z;116648
Key Down;E;116720
Key Up;E;116825
Key Down;S;116960
Key Down;D;117192
Key Up;S;117273
Key Down;Z;117512
Key Up;D;117888
Key Up;Z;118080
Key Down;E;118952
Key Up;E;119072
Key Down;S;119232
Key Down;D;119288
Key Up;S;119728
Key Down;Z;120264
Key Up;D;120392
Key Up;Z;120608
Key Down;E;120696
Key Up;E;120808
Key Down;D;121601
Key Down;Z;121664
Key Up;D;121792
Key Up;Z;121848
Key Down;S;121977
Key Down;Q;122008
Key Up;S;122360
Key Up;Q;122368
Key Down;Z;122760
Key Up;Z;122849
Key Down;E;122865
Key Up;E;123144
Key Down;Q;123712
Key Up;Q;123912
Key Down;Z;124168
Key Down;Q;124409
Key Up;Q;124872
Key Down;Q;125080
Key Up;Q;125416
Key Down;Q;125865
Key Up;Q;126008
Key Up;Z;126072
Key Down;E;126232
Key Up;E;126344
Key Down;D;126496
Key Down;Z;127033
Key Up;Z;127257
Key Down;Z;127432
Key Up;D;127608
Key Up;Z;127984
Key Down;S;128120
Key Up;S;128240
Key Down;Z;128513
Key Up;Z;128600
Key Down;E;129024
Key Up;E;129128
Key Down;S;129464
Key Up;S;129624
Key Down;D;129736
Key Up;D;129905
Key Down;Q;130065
Key Up;Q;130200
Key Down;Z;130544
Key Up;Z;131152
Key Down;Z;131361
Key Down;D;131369
Key Up;D;131417
Key Up;Z;134105
Key Down;Z;134328
Key Down;D;134656
Key Up;Z;134872
Key Down;Z;135080
Key Up;D;135344
Key Down;D;135705
Key Up;D;136000
Key Up;Z;136040
Key Down;Z;136616
Key Up;Z;136840
Key Down;Z;137680
Key Down;Espace;137744
Key Up;Z;137832
Key Up;Espace;137848
Key Down;Z;138200
Key Up;Z;138312
Key Down;Q;139440
Key Down;Espace;139472
Key Down;Z;139600
Key Up;Espace;139825
Key Up;Q;140144
Key Down;Espace;140312
Key Up;Espace;140616
Key Down;Q;140760
Key Down;Espace;140776
Key Up;Espace;141000
Key Down;Espace;141120
Key Up;Q;141297
Key Up;Espace;141360
Key Up;Z;141648
Key Down;Z;143969
Key Down;D;144153
Key Up;D;144472
Key Up;Z;144568
Key Down;D;144848
Key Down;Z;145008
Key Up;D;145016
Key Up;Z;145288
Key Down;D;145465
Key Up;D;145632
Key Down;Z;146552
Key Up;Z;146728
Key Down;D;146849
Key Up;D;147009
Key Down;Q;147456
Key Up;Q;147624
Key Down;D;147888
Key Up;D;147984
Key Down;Q;148008
Key Up;Q;148112
Key Down;D;148376
Key Up;D;148544
Key Down;Z;148545
Key Up;Z;148728
Key Down;D;149016
Key Down;Z;149024
Key Up;D;149104
Key Up;Z;149176
Key Down;D;149464
Key Up;D;149569
Key Down;Z;150288
Key Up;Z;150600
Key Down;Z;150993
Key Up;Z;151384
Key Down;E;151512
Key Up;E;151624
Key Down;S;151792
Key Up;S;152056
Key Down;Z;152864
Key Up;Z;153048
Key Down;Q;154432
Key Up;Q;154944
Key Down;Z;155225
Key Up;Z;157112
Key Down;D;158097
Key Up;D;158224
Key Down;Q;159184
Key Up;Q;159384
Key Down;Q;159784
Key Down;Z;160192
Key Up;Q;160360
Key Down;Q;161080
Key Up;Q;161240
Key Up;Z;161400
Key Down;Q;161688
Key Up;Q;161960
Key Down;D;162208
Key Up;D;162409
Key Down;Q;162457
Key Up;Q;162720
Key Down;D;162824
Key Down;Z;163216
Key Up;D;163528
Key Down;D;163705
Key Up;Z;163840
Key Down;Z;164096
Key Up;D;164360
Key Down;D;164632
Key Down;Espace;165097
Key Up;Espace;165233
Key Up;D;165704
Key Down;Q;167144
Key Up;Q;167312
Key Up;Z;167448
Key Down;E;170080
Key Up;E;170192
Key Down;D;171032
Key Up;D;171144
Key Down;Z;171304
Key Up;Z;171776
Key Down;E;171952
Key Up;E;172056
Key Down;S;172320
Key Down;D;172464
Key Up;D;172640
Key Down;Q;173000
Key Up;S;173216
Key Down;Z;173545
Key Up;Q;173928
Key Down;Q;174376
Key Up;Q;174712
Key Down;Q;174808
Key Up;Q;175456
Key Down;Q;175920
Key Up;Q;176056
Key Down;D;176768
Key Up;D;176864
Key Up;Z;176904
Key Down;Z;177048
Key Up;Z;177168
Key Down;Z;177857
Key Up;Z;178000
Key Down;E;178176
Key Up;E;178288
Key Down;S;178520
Key Up;S;178608
Key Down;E;178704
Key Up;E;178824
Key Down;Q;179241
Key Up;Q;179624
Key Down;S;179696
Key Up;S;180104
Key Down;Z;180240
Key Up;Z;180744
Key Down;E;180896
Key Up;E;180984
Key Down;Q;181048
Key Up;Q;181240
Key Down;Z;181416
Key Up;Z;181568
Key Down;S;182041
Key Up;S;182153
Key Down;E;182520
Key Up;E;182632
Key Down;Q;182840
Key Down;Z;183272
Key Up;Q;183361
Key Down;D;184024
Key Up;D;184128
Key Down;Q;184809
Key Up;Q;185312
Key Down;D;185568
Key Up;Z;185680
Key Up;D;185704
Key Down;D;185832
Key Down;Z;186144
Key Up;D;186337
Key Down;Q;186824
Key Up;Q;186992
Key Down;Q;187168
Key Up;Q;187352
Key Up;Z;187384
Key Down;Z;189680
Key Down;Espace;191400
Key Up;Espace;191576
Key Up;Z;192592
Key Down;Q;193345
Key Down;Z;193432
Key Up;Q;193608
Key Up;Z;193624
Key Down;D;193896
Key Up;D;194104
Key Down;Q;194128
Key Up;Q;194329
Key Down;D;194448
Key Up;D;194592
Key Down;Q;194712
Key Up;Q;195160
Key Down;D;195368
Key Up;D;195520
Key Down;Z;196168
Key Down;Q;197096
Key Up;Q;197313
Key Up;Z;197704
Key Down;Z;213296
Key Down;Espace;215120
Key Up;Espace;215312
Key Down;D;217041
Key Up;D;217144
Key Up;Z;217200
Key Down;S;217840
Key Up;S;217960
Key Down;Z;219224
Key Down;Q;220104
Key Up;Q;220392
Key Down;Q;220696
Key Down;Espace;220800
Key Up;Q;220816
Key Up;Espace;220944
Key Up;Z;221888
Key Down;Z;223248
Key Up;Z;223376
Key Down;Z;223816
Key Down;Espace;223920
Key Up;Espace;224105
Key Up;Z;224376
Key Down;Z;224744
Key Up;Z;224952
Key Down;Z;225280
Key Down;D;225320
Key Up;Z;225433
Key Up;D;225433
Key Down;E;225712
Key Up;E;225832
Key Down;Q;225944
Key Up;Q;226032
Key Down;Q;227040
Key Down;Z;227112
Key Up;Q;227288
Key Down;Q;228369
Key Up;Q;228632
Key Down;Q;229112
Key Up;Q;229288
Key Down;Q;229376
Key Up;Q;229576
Key Down;Q;229792
Key Up;Q;230944
Key Down;Q;231184
Key Up;Q;231456
Key Down;D;231832
Key Up;Z;231840
Key Up;D;231920
Key Down;Z;232048
Key Up;Z;232425
Key Down;Z;232640
Key Up;Z;232816
Key Down;S;233120
Key Up;S;233224
Key Down;E;234480
Key Up;E;234856
Key Down;F;235144
Key Up;F;235672
Key Down;Q;241041
Key Up;Q;241280
Key Down;Z;241576
Key Down;D;244624
Key Up;D;244800
Key Up;Z;245400
Key Down;A;245504
Key Up;A;246264
Key Down;Z;250664
Key Down;D;251280
Key Up;D;251488
Key Down;D;251712
Key Up;Z;251784
Key Up;D;251872
Key Down;Z;252040
Key Down;D;252064
Key Up;D;252169
Key Up;Z;252289
Key Down;Q;252776
Key Up;Q;252856
Key Down;D;253704
Key Up;D;253800
Key Down;A;254120
Key Up;A;254600
Key Down;A;255216
Key Up;A;255512
Key Down;A;255768
Key Up;A;256048
Key Down;Q;256465
Key Up;Q;256600
Key Down;D;256744
Key Up;D;256864
Key Down;Q;257080
Key Up;Q;257232
Key Down;Left Alt;257720
Key Up;Left Alt;257952
Key Down;Q;291280
Key Down;Z;291432
Key Up;Q;291816
Key Up;Z;291929
Key Down;Q;292144
Key Up;Q;292312
Key Down;Z;292320
Key Up;Z;292816
Key Down;A;293048
Key Up;A;293640
Key Down;Z;298024
Key Down;Espace;301368
Key Up;Espace;301648
Key Down;D;302832
Key Up;D;303048
Key Down;Espace;305024
Key Up;Espace;305256
Key Up;Z;305560
Key Down;D;305800
Key Down;Z;305977
Key Up;D;306096
Key Up;Z;306136
Key Down;Q;306928
Key Up;Q;307080
Key Down;S;308504
Key Up;S;308624
Key Down;D;308785
Key Up;D;308825
Key Down;Z;310249
Key Up;Z;310288
Key Down;Z;313568
Key Down;Espace;317032
Key Up;Espace;317168
Key Down;Espace;317888
Key Up;Espace;318080
Key Down;Espace;318424
Key Up;Espace;318649
Key Down;Q;318720
Key Up;Q;319056
Key Down;Q;319216
Key Up;Q;319376
Key Down;D;319976
Key Up;D;320105
Key Down;Q;320800
Key Up;Q;321176
Key Down;Q;321528
Key Up;Q;321768
Key Down;D;322712
Key Up;D;322784
Key Down;D;323160
Key Up;Z;323224
Key Up;D;323352
Key Down;Q;323600
Key Up;Q;323696
Key Down;S;323944
Key Up;S;324256
Key Down;Z;327481
Key Up;Z;328368
Key Down;Z;344976
Key Up;Z;345208
Key Down;Z;345504
Key Up;Z;345696
Key Down;Z;345944
Key Up;Z;346112
Key Down;Q;346272
Key Up;Q;346432
Key Down;Z;346640
Key Down;Q;346856
Key Up;Q;346960
Key Up;Z;347264
Key Down;D;347304
Key Up;D;347649
Key Down;Z;347657
Key Up;Z;347960
Key Down;Q;348320
Key Down;Z;348336
Key Up;Q;348536
Key Down;D;348856
Key Up;D;349057
Key Up;Z;349440
Key Down;D;349728
Key Up;D;349888
Key Down;Z;350144
Key Down;D;350352
Key Up;D;350512
Key Up;Z;350760
Key Down;Z;350992
Key Down;D;351056
Key Up;Z;351120
Key Up;D;351224
Key Down;Z;351472
Key Down;D;351512
Key Up;D;351752
Key Down;Q;351904
Key Up;Q;352288
Key Down;Espace;353568
Key Up;Espace;353760
Key Down;Q;354072
Key Up;Q;354376
Key Up;Z;354400
Key Down;Z;356920
Key Down;D;356976
Key Up;D;357232
Key Up;Z;357288
Key Down;D;357473
Key Down;Z;357976
Key Up;D;358320
Key Down;D;358664
Key Up;D;358889
Key Down;D;359104
Key Up;D;359232
Key Up;Z;359280
Key Down;Q;359488
Key Up;Q;359552
Key Down;S;359904
Key Up;S;360008
Key Down;Q;361256
Key Up;Q;361616
Key Down;Z;362368
Key Down;Q;362376
Key Up;Q;362608
Key Up;Z;362712
Key Down;Tab;363520
Key Up;Tab;364200
Key Down;Tab;364808
Key Down;D;365208
Key Down;Z;365216
Key Up;D;365512
Key Up;Z;365512
Key Down;Z;366056
Key Down;D;366688
Key Up;D;366832
Key Up;Tab;367417
Key Down;D;367600
Key Up;Z;367672
Key Down;Z;368000
Key Up;D;368152
Key Down;D;368856
Key Up;D;368920
Key Up;Z;369056
Key Down;Z;369216
Key Down;Q;369384
Key Up;Q;369752
Key Up;Z;370096
Key Down;Q;370720
Key Up;Q;370912
Key Down;Q;371136
Key Up;Q;371232
Key Down;D;371553
Key Up;D;371680
Key Down;Q;372224
Key Up;Q;372328
Key Down;Q;372544
Key Down;Z;372632
Key Up;Z;372816
Key Down;Z;373040
Key Up;Q;373144
Key Down;D;373256
Key Up;D;373528
Key Up;Z;374040
Key Down;D;374409
Key Up;D;374576
Key Down;D;374920
Key Down;Z;374944
Key Up;Z;375224
Key Up;D;376096
Key Down;Q;376176
Key Down;Z;376464
Key Up;Q;377201
Key Down;Q;377528
Key Up;Z;377760
Key Down;Z;377928
Key Up;Z;378144
Key Up;Q;378184
Key Down;Z;379560
Key Down;D;379712
Key Up;D;380057
Key Down;D;380384
Key Up;D;381168
Key Up;Z;381175
Key Down;D;381512
Key Up;D;381968
Key Down;Q;382128
Key Up;Q;382176
Key Down;Z;382264
Key Down;D;382280
Key Up;D;382568
Key Down;D;383328
Key Up;Z;383440
Key Up;D;383544
Key Down;Z;383752
Key Down;Q;383840
Key Up;Q;384064
Key Down;Q;384216
Key Up;Z;385104
Key Up;Q;385425
Key Down;D;385616
Key Down;Z;385704
Key Up;D;385720
Key Down;D;385872
Key Up;D;385936
Key Up;Z;386008
Key Down;D;386016
Key Up;D;386160
Key Down;Q;386168
Key Up;Q;386424
Key Down;Z;386544
Key Down;D;386672
Key Up;D;386841
Key Up;Z;386976
Key Down;D;387064
Key Up;D;387096
Key Down;Z;387256
Key Up;Z;387536
Key Down;Z;387960
Key Up;Z;388128
Key Down;Z;388592
Key Down;D;388593
Key Up;Z;388688
Key Up;D;388744
Key Down;Z;389192
Key Up;Z;389336
Key Down;Z;390472
Key Down;D;390480
Key Up;D;390664
Key Down;Q;391057
Key Up;Q;391248
Key Down;D;391400
Key Up;D;391696
Key Down;D;391880
Key Up;Z;391936
Key Up;D;391992
Key Down;Z;392096
Key Down;Q;393040
Key Up;Q;393264
Key Down;D;393320
Key Up;Z;393624
Key Up;D;394096
Key Down;D;394512
Key Down;Z;394608
Key Up;D;394784
Key Down;Q;395048
Key Up;Z;395128
Key Up;Q;395192
Key Down;Q;395712
Key Up;Q;396040
Key Down;Z;396064
Key Down;Q;396384
Key Up;Z;396536
Key Up;Q;396584
Key Down;Z;396864
Key Up;Z;397064
Key Down;S;397208
Key Down;Q;397360
Key Up;Q;397560
Key Up;S;397608
Key Down;Q;397968
Key Up;Q;398137
Key Down;Z;398808
Key Up;Z;399144
Key Down;Q;400080
Key Up;Q;400176
Key Down;S;400408
Key Up;S;400584
Key Down;Q;400936
Key Down;Z;400976
Key Up;Q;401192
Key Up;Z;401288
Key Down;Q;401624
Key Up;Q;401776
Key Down;Q;402168
Key Down;Z;402337
Key Up;Q;402448
Key Down;Q;402880
Key Up;Z;402904
Key Up;Q;402968
Key Down;D;403392
Key Down;Z;403480
Key Up;D;403608
Key Up;Z;403656
Key Down;S;404472
Key Down;D;404480
Key Up;S;404560
Key Up;D;404592
Key Down;A;404736
Key Down;Tab;404736
Key Up;Tab;404832
Key Up;A;405480
Key Down;D;411736
Key Up;D;411976
Key Down;Q;412144
Key Up;Q;412384
Key Down;Q;412632
Key Down;Z;412704
Key Up;Q;412864
Key Up;Z;412968
Key Down;Z;413264
Key Down;Q;413688
Key Up;Z;413888
Key Down;Z;414168
Key Up;Q;414216
Key Up;Z;414424
Key Down;Q;414664
Key Down;Z;414760
Key Up;Q;414832
Key Up;Z;414864
Key Down;Z;415576
Key Up;Z;415840
Key Down;D;416904
Key Down;Z;416944
Key Up;D;417040
Key Down;D;417680
Key Up;Z;417759
Key Up;D;418104
Key Down;Q;418408
Key Up;Q;418576
Key Down;Z;418800
Key Up;Z;418952
Key Down;D;419072
Key Up;D;419168
Key Down;Z;419168
Key Down;Q;419224
Key Up;Q;419496
Key Up;Z;419552
Key Down;Q;419944
Key Up;Q;420112
Key Down;D;421079
Key Up;D;421208
Key Down;Q;421480
Key Down;Z;421528
Key Up;Q;421632
Key Up;Z;421712
Key Down;D;422528
Key Up;D;422736
Key Down;Q;422912
Key Up;Q;423128
Key Down;D;424473
Key Up;D;424608
Key Down;Z;425488
Key Down;Q;425528
Key Up;Q;425592
Key Up;Z;425648
Key Down;Q;427984
Key Up;Q;428056
Key Down;D;428344
Key Up;D;428576
Key Down;Z;428984
Key Up;Z;429111
Key Down;A;429344
Key Up;A;429784
Key Down;Q;436168
Key Up;Q;436296
Key Down;Q;436600
Key Up;Q;436648
Key Down;Z;436968
Key Down;Q;437264
Key Up;Q;437383
Key Down;D;437480
Key Up;D;437624
Key Up;Z;437968
Key Down;Z;438008
Key Down;Espace;438392
Key Up;Espace;438703
Key Up;Z;439832
Key Down;Z;440072
Key Down;Q;440320
Key Up;Q;440583
Key Up;Z;440944
Key Down;S;441232
Key Up;S;441376
Key Down;D;441472
Key Up;D;441576
Key Down;A;445432
Key Up;A;446024
Key Down;Z;448504
Key Up;Z;448944
Key Down;Z;449280
Key Up;Z;449664
Key Down;Z;449832
Key Down;Espace;451744
Key Up;Espace;451905
Key Up;Z;452208
Key Down;Q;452448
Key Down;Z;452480
Key Up;Z;452856
Key Up;Q;452904
Key Down;S;454160
Key Down;Q;454192
Key Up;Q;454384
Key Up;S;454424
Key Down;Z;482048
Key Up;Z;482248
Key Down;Z;483088
Key Up;Z;483632
Key Down;Q;483712
Key Down;Z;483856
Key Up;Q;483992
Key Down;Q;484304
Key Up;Q;484488
Key Down;D;485504
Key Up;D;485690
Key Up;Z;485888
Key Down;Q;486168
Key Down;Z;486211
Key Up;Z;486336
Key Up;Q;486360
Key Down;D;486488
Key Down;Z;486624
Key Up;D;486672
Key Up;Z;486865
Key Down;Z;487026
Key Up;Z;487360
Key Down;Q;487640
Key Down;Z;487696
Key Up;Q;487944
Key Up;Z;488320
Key Down;Q;490336
Key Down;Z;490800
Key Up;Z;491104
Key Down;Z;491432
Key Up;Z;491632
Key Down;S;491895
Key Up;Q;491904
Key Down;Q;492105
Key Up;S;492168
Key Up;Q;492360
Key Down;Q;492696
Key Up;Q;492904
Key Down;D;493184
Key Up;D;493264
Key Down;Z;493448
Key Down;D;493504
Key Up;D;493648
Key Down;D;493856
Key Up;D;493960
Key Down;Q;494176
Key Up;Q;494376
Key Down;Q;494600
Key Up;Q;494753
Key Down;Q;495008
Key Up;Q;495456
Key Up;Z;495488
Key Down;Q;495848
Key Up;Q;496016
Key Down;Z;496176
Key Up;Z;496488
Key Down;D;496576
Key Up;D;496704
Key Down;Q;496952
Key Up;Q;497176
Key Down;Left Alt;499632
Key Down;Tab;499768
Key Up;Left Alt;500235
Key Up;Tab;500329
