Event;Key;Time
Key Down;W;6142
Key Down;D;6550
Key Up;D;6734
Key Down;Left Shift;7511
Key Up;Left Shift;9110
Key Down;A;9118
Key Up;A;9846
Key Down;D;9894
Key Up;W;9990
Key Down;W;10575
Key Up;D;11126
Key Down;Left Shift;11230
Key Up;Left Shift;12182
Key Up;W;12454
Key Down;A;13239
Key Down;W;13318
Key Up;A;13566
Key Down;A;14782
Key Up;A;14990
Key Down;D;15398
Key Up;W;15438
Key Down;Left Control;15479
Key Up;D;15486
Key Down;A;16231
Key Down;S;16238
Key Up;A;16630
Key Up;S;16726
Key Down;W;18822
Key Up;Left Control;18942
Key Down;A;19310
Key Up;A;20614
Key Down;Left Shift;21054
Key Down;D;24543
Key Up;Left Shift;24574
Key Up;W;24590
Key Down;S;24726
Key Up;S;25390
Key Down;W;25526
Key Up;D;25934
Key Down;Left Shift;29694
Key Up;Left Shift;32822
Key Up;W;32854
Key Down;Semicolon;33086
Key Up;Semicolon;33206
Key Down;W;33414
Key Down;D;34503
Key Up;W;34622
Key Down;W;35094
Key Up;W;35238
Key Down;W;35374
Key Up;W;35806
Key Down;W;36079
Key Up;D;36550
Key Down;A;36559
Key Up;A;37022
Key Down;D;37079
Key Up;W;37134
Key Up;D;37374
Key Down;S;37470
Key Up;S;37614
Key Down;A;40039
Key Down;W;40911
Key Down;D;41086
Key Up;W;41102
Key Up;A;41110
Key Up;D;41758
Key Down;S;43726
Key Down;D;43927
Key Up;D;44150
Key Down;D;44231
Key Up;S;44390
Key Down;W;44559
Key Up;D;44654
Key Up;W;44742
Key Down;S;44855
Key Down;A;44895
Key Up;A;45206
Key Up;S;45214
Key Down;3;46174
Key Up;3;46302
Key Down;S;46470
Key Down;A;46607
Key Up;A;46718
Key Down;A;47110
Key Up;S;47254
Key Up;A;47270
Key Down;2;47366
Key Up;2;47510
Key Down;S;47727
Key Down;D;47775
Key Up;S;47822
Key Down;S;48270
Key Up;D;48510
Key Up;S;49038
Key Down;W;49110
Key Down;A;49863
Key Up;W;49910
Key Down;S;50014
Key Up;S;50142
Key Down;W;50247
Key Up;A;50422
Key Up;W;51206
Key Down;S;51263
Key Down;A;51351
Key Up;A;51430
Key Down;D;51598
Key Up;D;51710
Key Down;D;52254
Key Up;D;52382
Key Down;D;52662
Key Up;D;52862
Key Down;V;53375
Key Up;V;53478
Key Down;D;54039
Key Up;S;54894
Key Down;A;55079
Key Up;D;55102
Key Down;S;55238
Key Up;A;55454
Key Up;S;55622
Key Down;W;55686
Key Down;A;55695
Key Up;A;55782
Key Down;A;56151
Key Up;W;56198
Key Down;S;56287
Key Up;A;56558
Key Up;S;57582
Key Down;M;58815
Key Up;M;58918
Key Down;W;68526
Key Down;A;68686
Key Up;A;68942
Key Up;W;69230
Key Down;D;69366
Key Up;D;69654
Key Down;W;69830
Key Down;A;70118
Key Up;A;70294
Key Down;Left Shift;70558
Key Up;Left Shift;105158
Key Down;A;105310
Key Up;W;105422
Key Down;S;105511
Key Up;A;106102
Key Down;A;106519
Key Up;A;106798
Key Up;S;107614
Key Down;W;107678
Key Down;A;108887
Key Up;W;108902
Key Down;S;108998
Key Up;A;109254
Key Down;D;109511
Key Up;D;109750
Key Down;A;111038
Key Up;A;111302
Key Down;A;111574
Key Up;A;112310
Key Down;D;112583
Key Up;S;113118
Key Down;W;113190
Key Up;D;113278
Key Up;W;114006
Key Down;S;114111
Key Down;D;114239
Key Up;D;114502
Key Down;D;114791
Key Up;S;115054
Key Down;S;115343
Key Up;D;115862
Key Down;D;116903
Key Up;D;117166
Key Up;S;117390
Key Down;D;117415
Key Down;W;117463
Key Up;D;117494
Key Up;W;117758
Key Down;S;117846
Key Down;A;118607
Key Up;A;118863
Key Up;S;119054
Key Down;W;119134
Key Up;W;119270
Key Down;A;119366
Key Down;S;119367
Key Up;A;119710
Key Down;A;120190
Key Up;A;120310
Key Down;A;120735
Key Up;S;120910
Key Down;W;121046
Key Up;W;121174
Key Down;S;121238
Key Up;A;121270
Key Down;A;121462
Key Up;A;121646
Key Up;S;121822
Key Down;2;121894
Key Down;W;121895
Key Up;2;121966
Key Up;W;122702
Key Down;S;122774
Key Down;D;123199
Key Up;S;123550
Key Down;W;123615
Key Up;D;123678
Key Down;A;124031
Key Up;W;124454
Key Down;W;124902
Key Up;A;125118
Key Down;A;125263
Key Up;A;125782
Key Up;W;126158
Key Down;W;126310
Key Up;W;126758
Key Down;W;126951
Key Up;W;127199
Key Down;W;127230
Key Up;W;127358
Key Down;S;127430
Key Up;S;127886
Key Down;W;127951
Key Down;A;128287
Key Up;W;128598
Key Down;S;128678
Key Up;A;128750
Key Down;D;129223
Key Up;S;129278
Key Down;S;129343
Key Up;D;129446
Key Up;S;129494
Key Down;W;129798
Key Up;W;130382
Key Down;A;130382
Key Down;S;130470
Key Up;A;130478
Key Down;D;130550
Key Up;S;130750
Key Down;S;131127
Key Up;D;131310
Key Up;S;131854
Key Down;W;131942
Key Up;W;132398
Key Down;S;132479
Key Down;D;132719
Key Up;D;132942
Key Up;S;133310
Key Down;W;133551
Key Down;Left Shift;134134
Key Up;Left Shift;134718
Key Up;W;135814
Key Down;S;135887
Key Up;S;137678
Key Down;S;137766
Key Up;S;137854
Key Down;W;137943
Key Down;A;138222
Key Up;W;138238
Key Up;A;138334
Key Down;S;138343
Key Up;S;138430
Key Down;W;138511
Key Up;W;138830
Key Down;S;138910
Key Down;A;139774
Key Up;S;139846
Key Down;W;139918
Key Up;A;140086
Key Up;W;140814
Key Down;S;140911
Key Down;A;142206
Key Up;A;142758
Key Down;D;142927
Key Up;D;143158
Key Up;S;143742
Key Down;A;144190
Key Down;W;144223
Key Up;W;144534
Key Down;S;144638
Key Up;A;144670
Key Down;D;144711
Key Up;D;144878
Key Down;A;144934
Key Up;A;145270
Key Up;S;145470
Key Down;D;145711
Key Down;W;145719
Key Up;D;145966
Key Up;W;146470
Key Down;W;146942
Key Up;W;147062
Key Down;S;147175
Key Up;S;148094
Key Down;W;158422
Key Down;Left Shift;159159
Key Up;Left Shift;183478
Key Up;W;183822
Key Down;S;183934
Key Up;S;184142
Key Down;S;184222
Key Up;S;184438
Key Down;W;184494
Key Up;W;185014
Key Down;D;185383
Key Up;D;185494
Key Down;S;185550
Key Down;A;185566
Key Up;A;185982
Key Up;S;186398
Key Down;W;186470
Key Down;D;187135
Key Up;D;187310
Key Up;W;187326
Key Down;S;187407
Key Up;S;187886
Key Down;A;187895
Key Down;W;187998
Key Up;A;188278
Key Up;W;188966
Key Down;S;189054
Key Up;S;190094
Key Down;W;190175
Key Down;A;190278
Key Up;A;190390
Key Up;W;191150
Key Down;S;191231
Key Up;S;191710
Key Down;W;191767
Key Up;W;191974
Key Down;S;192047
Key Down;A;192303
Key Up;S;192550
Key Down;W;192647
Key Up;W;192694
Key Down;W;192791
Key Up;A;192854
Key Up;W;192950
Key Down;S;193022
Key Up;S;193214
Key Down;W;193319
Key Up;W;193590
Key Down;W;193830
Key Up;W;194350
Key Down;S;194455
Key Down;A;194703
Key Up;S;194934
Key Down;W;195039
Key Up;A;195062
Key Up;W;195247
Key Down;S;195335
Key Up;S;195422
Key Down;W;195503
Key Up;W;195806
Key Down;S;195903
Key Down;A;196022
Key Up;S;196446
Key Down;W;196527
Key Up;A;196542
Key Down;A;196734
Key Up;A;196862
Key Down;A;196887
Key Up;A;197022
Key Up;W;197438
Key Down;S;197518
Key Down;D;197943
Key Up;D;198142
Key Up;S;198526
Key Down;W;198623
Key Up;W;198742
Key Down;D;198903
Key Down;S;198966
Key Up;D;199030
Key Up;S;199246
Key Down;W;199302
Key Up;W;200350
Key Down;W;200638
Key Down;F;200902
Key Up;F;201006
Key Down;F;201063
Key Up;F;201126
Key Up;W;201766
Key Down;F;201799
Key Up;F;201926
Key Down;W;202022
Key Up;W;202454
Key Down;S;202607
Key Down;D;202895
Key Up;D;203150
Key Down;D;203311
Key Up;D;203750
Key Up;S;204510
Key Down;D;204670
Key Up;D;204782
Key Down;A;204990
Key Down;W;205054
Key Up;A;205118
Key Up;W;205438
Key Down;S;205502
Key Up;S;205766
Key Down;W;205855
Key Up;W;206534
Key Down;S;206646
Key Down;A;206758
Key Up;A;207790
Key Down;A;208094
Key Up;S;208974
Key Down;W;209318
Key Up;A;209518
Key Down;A;209550
Key Up;A;209838
Key Up;W;210454
Key Down;A;210486
Key Down;S;210655
Key Up;A;210694
Key Down;D;210751
Key Up;S;210886
Key Down;W;210959
Key Up;D;210968
Key Up;W;211374
Key Down;S;211446
Key Up;S;213166
Key Down;M;216279
Key Up;M;216382
Key Down;3;224655
Key Up;3;224814
Key Down;W;225190
Key Down;A;225327
Key Up;A;225518
Key Down;Left Shift;225734
Key Down;A;227734
Key Up;Left Shift;227766
Key Up;W;227774
Key Down;S;227870
Key Up;A;228054
Key Down;A;228246
Key Up;S;229182
Key Down;S;229343
Key Up;A;229398
Key Down;D;229478
Key Up;S;229798
Key Down;W;229935
Key Up;D;230190
Key Down;Left Shift;230599
Key Up;Left Shift;234774
Key Down;D;234830
Key Up;W;234934
Key Down;W;235391
Key Up;D;237558
Key Down;D;238838
Key Up;D;238982
Key Down;D;239847
Key Up;D;239926
Key Down;Left Shift;241823
Key Up;Left Shift;246222
Key Up;W;246358
Key Down;S;246431
Key Down;D;246518
Key Up;D;246606
Key Down;D;246711
Key Up;D;246870
Key Down;D;247022
Key Up;S;247094
Key Down;W;247319
Key Up;W;247510
Key Down;S;247614
Key Up;S;247838
Key Down;W;248015
Key Up;W;248446
Key Down;S;248710
Key Down;A;248815
Key Up;D;248854
Key Up;S;249302
Key Down;W;249463
Key Up;W;250038
Key Down;S;250174
Key Up;A;250766
Key Up;S;251374
Key Down;W;251423
Key Down;A;252311
Key Up;W;252518
Key Down;S;252583
Key Up;A;252606
Key Down;D;252614
Key Up;S;252726
Key Down;W;252934
Key Up;W;253310
Key Down;W;253422
Key Up;W;253566
Key Down;S;253814
Key Up;S;255838
Key Down;W;255918
Key Up;D;256230
Key Down;D;256511
Key Up;W;256518
Key Down;S;256623
Key Up;D;256806
Key Down;D;257015
Key Up;D;257230
Key Down;D;257639
Key Up;D;257902
Key Up;S;258222
Key Down;W;258287
Key Up;W;258414
Key Down;S;258487
Key Up;S;258870
Key Down;W;258927
Key Up;W;259894
Key Down;S;259990
Key Down;D;260166
Key Up;D;260294
Key Up;S;260878
Key Down;W;261023
Key Up;W;261086
Key Down;A;261262
Key Down;W;261327
Key Up;A;261366
Key Up;W;261814
Key Down;S;262118
Key Down;A;262334
Key Up;S;262846
Key Down;S;263023
Key Up;A;263062
Key Down;A;263398
Key Up;S;263614
Key Down;S;263646
Key Up;S;263774
Key Down;S;264102
Key Up;S;264310
Key Down;W;264399
Key Up;A;264566
Key Down;A;264583
Key Up;W;264670
Key Down;S;264759
Key Up;A;265166
Key Down;D;265302
Key Up;S;265414
Key Down;A;265639
Key Up;D;265662
Key Down;W;265711
Key Up;W;265854
Key Down;S;265911
Key Up;A;265982
Key Up;S;266246
Key Down;W;266335
Key Down;A;267054
Key Up;W;267102
Key Down;S;267190
Key Up;A;267302
Key Down;D;268255
Key Up;D;268400
Key Up;S;269006
Key Down;W;269095
Key Down;A;269279
Key Up;A;269510
Key Up;W;269942
Key Down;S;270022
Key Up;S;270542
Key Down;W;270614
Key Up;W;271126
Key Down;S;271231
Key Down;W;271238
Key Up;S;271326
Key Up;W;271334
Key Down;W;271423
Key Up;W;271942
Key Down;Q;272015
Key Up;Q;272166
Key Down;S;272238
Key Down;Q;272559
Key Down;1;272567
Key Up;S;272630
Key Up;1;272662
Key Up;Q;272694
Key Down;W;272758
Key Down;Q;273375
Key Up;Q;273486
Key Up;W;273518
Key Down;S;273567
Key Up;S;274622
Key Down;Left Shift;277327
Key Up;Left Shift;277383
Key Down;W;280614
Key Up;W;280806
Key Down;W;281055
Key Down;A;281446
Key Up;A;281886
Key Up;W;282014
Key Down;A;285062
Key Up;A;285310
Key Down;A;285335
Key Up;A;285566
Key Down;D;285697
Key Down;W;285751
Key Up;D;285822
Key Down;D;286230
Key Up;D;286278
Key Down;Q;286615
Key Up;Q;286950
Key Down;D;287111
Key Up;D;287358
Key Up;W;287662
Key Down;D;287742
Key Down;W;287959
Key Up;D;288294
Key Up;W;288478
Key Down;Q;288911
Key Down;W;289527
Key Up;Q;289542
Key Up;W;290118
Key Down;W;291166
Key Down;D;292726
Key Up;D;292894
Key Down;Left Shift;293231
Key Up;Left Shift;293782
Key Down;A;293822
Key Up;W;293838
Key Down;W;294071
Key Up;A;294214
Key Down;D;294398
Key Down;Left Shift;294494
Key Up;D;294510
Key Down;D;295326
Key Up;D;295606
Key Down;D;295726
Key Up;D;295982
Key Up;W;295998
Key Down;A;296015
Key Up;Left Shift;296030
Key Down;S;296071
Key Down;D;296494
Key Up;D;296550
Key Down;D;296614
Key Up;S;296622
Key Up;A;296678
Key Down;W;296743
Key Down;Left Shift;296943
Key Up;D;297006
Key Down;Space;297294
Key Up;Space;297478
Key Down;D;297879
Key Up;Left Shift;297934
Key Up;W;298286
Key Down;A;298303
Key Up;D;298350
Key Down;W;298439
Key Up;W;298782
Key Down;Space;298927
Key Down;W;298935
Key Up;Space;299062
Key Up;A;299438
Key Down;Left Shift;299695
Key Down;Space;300223
Key Up;Space;300358
Key Up;Left Shift;301110
Key Down;D;301119
Key Up;D;301310
Key Up;W;301814
Key Down;S;301887
Key Down;D;302095
Key Up;S;302310
Key Down;W;302374
Key Up;D;302414
Key Up;W;302862
Key Down;S;302935
Key Up;S;303158
Key Down;W;303230
Key Up;W;303494
Key Down;A;303535
Key Down;S;303623
Key Up;A;303662
Key Up;S;304430
Key Down;W;304479
Key Up;W;305543
Key Down;S;305623
Key Up;S;306166
Key Down;W;306231
Key Up;W;306534
Key Down;S;306607
Key Up;S;307750
Key Down;W;307815
Key Up;W;308678
Key Down;W;309511
Key Up;W;310646
Key Down;W;322366
Key Down;Left Shift;322710
Key Down;A;331639
Key Up;A;331774
Key Up;Left Shift;346239
Key Up;W;346497
Key Down;S;346575
Key Down;A;346670
Key Up;A;346926
Key Down;A;347246
Key Up;S;347302
Key Down;W;347479
Key Up;A;347502
Key Up;W;348054
Key Down;A;348094
Key Down;S;348199
Key Up;S;348318
Key Down;W;348398
Key Up;W;348638
Key Down;W;348854
Key Up;W;349054
Key Down;S;349119
Key Up;A;349206
Key Down;D;349479
Key Up;D;349574
Key Up;S;349590
Key Down;W;349663
Key Up;W;350094
Key Down;A;350110
Key Down;S;350430
Key Up;A;350630
Key Up;S;351814
Key Down;Tab;354783
Key Up;Tab;356638
Key Down;Tab;361174
Key Up;Tab;361782
Key Down;W;361902
Key Down;Left Shift;363254
Key Down;D;371551
Key Up;W;371694
Key Up;Left Shift;371750
Key Down;S;371799
Key Up;D;371934
Key Down;A;372039
Key Up;S;372174
Key Down;S;372239
Key Up;A;372774
Key Up;S;372814
Key Down;W;372886
Key Down;A;372950
Key Up;W;373678
Key Down;S;373791
Key Up;A;375166
Key Up;S;376326
Key Down;W;376390
Key Down;D;376527
Key Down;A;376695
Key Up;D;376702
Key Up;A;376774
Key Down;D;376798
Key Up;W;376838
Key Down;S;377055
Key Up;S;377134
Key Down;W;377279
Key Up;W;378046
Key Down;W;378159
Key Up;W;378558
Key Down;S;378638
Key Up;S;378902
Key Down;S;379062
Key Up;S;379142
Key Down;A;379326
Key Down;S;379335
Key Up;D;379382
Key Up;A;379598
Key Up;S;380174
Key Down;W;380238
Key Down;D;380719
Key Up;W;380886
Key Down;S;381031
Key Up;D;381134
Key Down;A;381431
Key Up;A;381854
Key Down;A;381999
Key Up;A;382326
Key Down;A;382439
Key Up;S;382478
Key Down;W;382591
Key Up;A;382766
Key Down;D;383079
Key Up;W;383222
Key Up;D;383246
Key Down;S;383326
Key Down;D;383375
Key Up;D;383430
Key Down;A;383719
Key Up;S;384238
Key Down;W;384334
Key Up;A;384710
Key Up;W;385214
Key Down;S;385326
Key Down;A;385639
Key Up;A;386590
Key Up;S;386662
Key Down;W;397030
Key Down;Left Shift;397638
Key Up;Left Shift;398870
Key Down;A;398878
Key Up;W;399590
Key Down;D;399654
Key Up;A;399686
Key Down;W;399806
Key Up;W;400502
Key Down;S;400735
Key Up;D;400854
Key Up;S;401054
Key Down;Left Control;401150
Key Up;Left Control;402830
Key Down;W;403751
Key Up;W;403838
Key Down;W;403935
Key Down;Left Shift;404135
Key Down;A;406159
Key Up;Left Shift;406742
Key Up;W;407534
Key Down;S;407663
Key Up;A;407750
Key Down;A;407975
Key Up;A;408230
Key Down;D;408639
Key Up;D;408782
Key Down;A;408854
Key Up;S;409078
Key Down;W;409287
Key Up;A;409678
Key Down;A;410143
Key Up;W;410150
Key Up;A;410190
Key Down;S;410215
Key Up;S;411406
Key Down;W;423527
Key Down;A;423543
Key Up;A;423718
Key Down;Left Shift;423951
Key Up;Left Shift;444510
Key Up;W;445030
Key Down;W;445223
Key Up;W;445478
Key Down;S;445534
Key Down;A;445991
Key Up;S;446302
Key Down;S;446383
Key Up;A;446622
Key Down;D;446767
Key Up;S;447030
Key Down;W;447159
Key Down;Left Shift;447350
Key Up;D;447358
Key Up;Left Shift;447494
Key Down;D;447495
Key Up;W;447518
Key Down;S;447594
Key Up;D;447646
Key Down;A;447742
Key Up;A;448198
Key Up;S;448374
Key Down;W;460142
Key Down;D;460854
Key Up;D;461182
Key Up;W;463126
Key Down;D;464007
Key Down;W;464095
Key Up;D;464406
Key Up;W;464742
Key Down;W;466070
Key Down;D;467999
Key Up;W;468438
Key Down;S;468615
Key Up;S;469070
Key Down;W;469199
Key Up;D;469718
Key Down;D;470647
Key Up;D;471398
Key Down;Left Shift;471558
Key Down;D;473119
Key Up;D;473398
Key Up;Left Shift;494046
Key Down;D;494270
Key Up;D;494510
Key Down;Left Shift;494631
Key Up;Left Shift;494751
Key Up;W;495006
Key Down;D;495015
Key Down;W;495422
Key Up;D;495470
Key Down;D;495559
Key Up;W;495614
Key Down;A;495695
Key Up;D;495750
Key Down;S;495775
Key Up;S;496118
Key Down;W;496319
Key Up;W;496566
Key Down;D;496862
Key Up;A;496902
Key Down;W;497439
Key Up;W;497886
Key Down;S;497998
Key Up;D;498070
Key Down;A;498191
Key Up;S;498214
Key Down;S;498286
Key Up;A;498550
Key Up;S;498686
Key Down;W;498766
Key Down;A;499054
Key Up;A;499190
Key Down;D;500639
Key Up;D;500878
Key Up;W;501254
Key Down;S;501351
Key Up;S;501966
Key Down;W;502055
Key Down;D;502271
Key Up;D;502694
Key Down;D;502759
Key Up;W;502782
Key Down;A;502863
Key Down;S;502863
Key Up;D;502910
Key Up;S;503150
Key Down;W;503231
Key Up;A;503342
Key Down;A;504247
Key Up;W;504294
Key Down;W;504343
Key Up;W;504494
Key Down;S;504694
Key Up;A;504766
Key Down;D;504774
Key Up;S;504990
Key Down;S;505511
Key Up;D;506086
Key Up;S;506374
Key Down;W;506455
Key Down;D;506559
Key Up;W;506982
Key Down;W;507551
Key Up;D;507758
Key Down;D;508023
Key Up;W;508502
Key Down;S;508631
Key Up;D;508902
Key Down;D;509079
Key Up;D;509310
Key Up;S;509974
Key Down;W;510063
Key Down;A;510311
Key Up;W;510814
Key Down;D;511047
Key Up;A;511254
Key Down;S;511590
Key Up;D;512430
Key Up;S;512774
Key Down;W;512879
Key Down;D;513454
Key Up;W;513462
Key Down;S;513719
Key Down;A;513734
Key Up;D;513758
Key Up;A;513862
Key Down;A;514023
Key Up;S;514054
Key Down;S;514127
Key Up;A;514238
Key Down;A;514446
Key Up;A;514894
Key Down;A;515094
Key Up;A;515334
Key Down;A;515614
Key Up;S;515726
Key Down;W;515799
Key Up;A;515846
Key Down;A;516590
Key Up;W;516798
Key Down;S;516895
Key Up;A;516950
Key Up;S;517454
Key Down;Tab;518662
Key Up;Tab;522943
Key Down;Tab;524135
Key Up;Tab;524950
Key Down;W;528054
Key Up;W;528318
Key Down;W;529062
Key Down;Left Shift;529375
Key Up;Left Shift;541670
Key Up;W;541854
Key Down;S;541927
Key Up;S;542158
Key Down;W;542231
Key Down;A;542558
Key Up;W;542574
Key Down;S;542630
Key Up;A;542646
Key Up;S;542902
Key Down;W;542967
Key Down;A;543279
Key Up;W;543662
Key Down;S;543751
Key Up;A;543998
Key Up;S;544158
Key Down;W;544214
Key Up;W;544830
Key Down;A;544838
Key Down;S;545015
Key Up;A;545070
Key Down;A;545447
Key Up;A;545574
Key Down;D;545815
Key Up;S;546054
Key Down;W;546143
Key Up;D;546214
Key Up;W;548118
Key Down;S;548183
Key Up;S;549318
Key Down;W;549422
Key Up;W;550470
Key Down;S;550599
Key Up;S;550718
Key Down;W;550887
Key Up;W;551086
Key Down;S;551166
Key Up;S;551374
Key Down;W;551527
Key Up;W;551878
Key Down;S;551966
Key Up;S;552406
Key Down;W;552486
Key Down;A;552991
Key Up;W;553238
Key Down;W;553503
Key Up;A;553550
Key Down;D;553638
Key Up;W;553686
Key Down;A;553687
Key Up;D;553687
Key Down;S;553918
Key Up;A;554030
Key Down;A;554367
Key Up;S;555046
Key Down;W;555135
Key Up;A;555198
Key Down;Left Shift;555558
Key Up;Left Shift;557638
Key Down;A;557647
Key Up;W;557758
Key Down;S;557935
Key Up;A;558606
Key Down;A;558767
Key Up;S;559110
Key Up;A;559110
Key Down;C;559158
Key Up;C;559342
Key Down;W;562807
Key Up;W;564126
Key Down;S;564207
Key Up;S;564462
Key Down;W;564543
Key Down;A;565271
Key Up;W;565278
Key Down;S;565351
Key Up;A;565398
Key Up;S;565694
Key Down;A;565727
Key Down;W;565759
Key Up;A;565774
Key Up;W;566214
Key Down;W;566279
Key Up;W;566758
Key Down;S;566831
Key Down;A;567262
Key Up;A;567782
Key Up;S;568070
Key Down;W;568143
Key Down;A;568375
Key Up;A;568574
Key Down;A;568759
Key Up;W;568822
Key Down;S;568951
Key Up;S;569334
Key Down;S;569463
Key Up;S;569838
Key Down;W;570071
Key Up;A;570270
Key Down;Left Shift;571143
Key Up;Left Shift;581046
Key Down;A;581111
Key Up;A;581454
Key Down;A;581919
Key Up;W;582430
Key Up;A;582798
Key Down;D;582798
Key Down;W;582927
Key Up;W;584054
Key Down;W;584263
Key Up;W;584494
Key Down;W;584815
Key Down;Left Shift;584926
Key Up;D;584950
Key Up;Left Shift;588351
Key Up;W;588846
Key Down;S;588911
Key Down;D;589391
Key Up;D;589726
Key Up;S;589774
Key Down;W;589839
Key Up;W;590406
Key Down;S;590462
Key Up;S;590758
Key Down;W;590823
Key Down;A;591574
Key Up;W;591582
Key Down;S;591631
Key Up;S;592110
Key Down;W;592183
Key Up;A;592214
Key Up;W;592550
Key Down;S;592615
Key Up;S;592830
Key Down;W;592894
Key Down;A;593239
Key Up;W;593566
Key Down;S;593655
Key Up;A;594110
Key Down;D;594135
Key Up;S;594158
Key Down;W;594350
Key Up;D;594422
Key Down;A;594839
Key Up;W;594910
Key Down;S;595046
Key Up;A;595094
Key Up;S;595134
Key Down;D;595167
Key Down;W;595198
Key Up;D;595238
Key Up;W;595742
Key Down;A;595759
Key Down;W;595847
Key Up;A;595854
Key Down;D;596478
Key Up;W;596526
Key Down;S;596639
Key Up;D;596726
Key Down;D;597118
Key Up;S;597438
Key Down;W;597519
Key Up;D;597526
Key Down;A;597558
Key Up;W;597598
Key Down;W;597638
Key Up;A;597686
Key Up;W;598382
Key Down;S;598439
Key Up;S;599046
Key Down;A;599095
Key Down;W;599167
Key Up;A;599222
Key Up;W;599782
Key Down;W;600231
Key Down;A;600390
Key Up;W;600430
Key Up;A;600670
Key Down;S;601302
Key Up;S;601622
Key Down;W;601679
Key Up;W;602142
Key Down;S;602215
Key Down;A;602598
Key Up;A;603894
Key Up;S;604526
Key Down;Tab;604727
Key Up;Tab;605046
Key Down;W;605646
Key Down;D;606870
Key Up;W;607022
Key Down;W;607135
Key Up;D;607190
Key Up;W;607318
Key Down;W;607878
Key Down;D;607919
Key Up;D;608022
Key Up;W;608046
Key Down;W;609247
Key Up;W;610454
Key Down;Tab;610638
Key Up;Tab;612190
Key Down;W;612375
Key Down;Left Shift;612663
Key Down;Space;614326
Key Up;Space;614574
Key Up;Left Shift;616142
Key Up;W;617134
Key Down;Left Alt;623511
Key Down;Back Quote;623735
Key Up;Left Alt;623846
Key Up;Back Quote;623846
Key Down;Left Alt;625654
Key Down;Tab;625734
Key Up;Left Alt;625894
Key Up;Tab;625910
