Event;Key;Time
Key Down;Left Alt;486
Key Down;Tab;526
Key Up;Left Alt;573
Key Up;Tab;614
Key Down;Left Alt;1189
Key Down;Tab;1301
Key Up;Tab;1398
Key Down;Tab;2045
Key Up;Tab;2141
Key Up;Left Alt;2398
Key Down;Left Alt;9790
Key Down;Tab;9870
Key Up;Tab;10046
Key Down;Tab;10670
Key Up;Tab;10813
Key Down;Tab;10901
Key Up;Tab;11029
Key Down;Tab;11550
Key Up;Tab;11654
Key Up;Left Alt;12078
Key Down;Left Alt;12502
Key Down;Tab;12582
Key Up;Tab;12686
Key Down;Tab;12838
Key Up;Tab;12942
Key Down;Tab;13222
Key Up;Tab;13342
Key Down;Tab;13798
Key Up;Tab;13878
Key Down;Tab;13981
Key Up;Tab;14069
Key Down;Tab;14302
Key Up;Tab;14406
Key Down;Tab;14661
Key Up;Tab;14742
Key Up;Left Alt;14765
Key Down;Point-virgule;17357
Key Down;A;18958
Key Up;A;19701
Key Down;I;20165
Key Up;Point-virgule;20277
Key Up;I;20958
Key Down;Point-virgule;21437
Key Up;Point-virgule;22038
Key Down;Point-virgule;23117
Key Up;Point-virgule;23670
Key Down;I;24789
Key Up;I;24965
Key Down;Point-virgule;25694
Key Up;Point-virgule;25925
Key Down;A;26357
Key Down;Point-virgule;26477
Key Up;A;26525
Key Up;Point-virgule;26597
Key Down;A;27222
Key Up;A;27294
Key Down;Point-virgule;27621
Key Down;A;27749
Key Up;A;27901
Key Up;Point-virgule;27941
Key Down;I;28526
Key Up;I;28606
Key Down;Point-virgule;29774
Key Up;Point-virgule;30309
Key Down;I;30357
Key Up;I;30629
Key Down;A;30717
Key Up;A;30934
Key Down;I;31182
Key Down;Point-virgule;31294
Key Up;I;31374
Key Down;A;31765
Key Up;A;32101
Key Up;Point-virgule;34693
Key Down;B;35398
Key Up;B;35486
Key Down;B;36109
Key Up;B;36397
Key Down;Point-virgule;41045
Key Up;Point-virgule;41774
Key Down;Point-virgule;41950
Key Down;A;42206
Key Up;A;42397
Key Up;Point-virgule;43726
Key Down;Point-virgule;44181
Key Up;Point-virgule;44686
Key Down;A;44702
Key Down;Point-virgule;44718
Key Up;A;44838
Key Up;Point-virgule;45190
Key Down;I;45261
Key Up;I;45381
Key Down;Point-virgule;46909
Key Up;Point-virgule;47085
Key Down;I;48213
Key Up;I;48549
Key Down;Point-virgule;48798
Key Up;Point-virgule;48910
Key Down;A;49310
Key Up;A;49358
Key Down;I;49597
Key Up;I;49741
Key Down;I;51565
Key Up;I;51606
Key Down;Point-virgule;52629
Key Up;Point-virgule;52717
Key Down;A;54029
Key Up;A;54109
Key Down;Point-virgule;54582
Key Up;Point-virgule;54822
Key Down;Point-virgule;56637
Key Up;Point-virgule;57069
Key Down;U;57294
Key Down;A;57526
Key Up;U;57550
Key Up;A;57694
Key Down;Point-virgule;57742
Key Up;Point-virgule;57830
Key Down;Point-virgule;58133
Key Down;A;58469
Key Up;A;58557
Key Up;Point-virgule;58597
Key Down;Point-virgule;68061
Key Down;A;68477
Key Up;Point-virgule;68902
Key Up;A;68982
Key Down;Point-virgule;71157
Key Up;Point-virgule;71957
Key Down;I;72085
Key Down;U;72269
Key Up;I;72365
Key Down;A;72565
Key Up;A;72605
Key Up;U;72685
Key Down;Point-virgule;72902
Key Up;Point-virgule;73445
Key Down;Point-virgule;73821
Key Down;Espace;73853
Key Down;A;73909
Key Up;A;74029
Key Up;Espace;74077
Key Down;I;78710
Key Up;I;78814
Key Down;A;79085
Key Up;A;79229
Key Down;A;81478
Key Up;Point-virgule;81542
Key Up;A;81630
Key Down;U;81773
Key Up;U;81981
Key Down;U;93285
Key Up;U;93645
Key Down;Espace;93749
Key Down;Point-virgule;93853
Key Up;Espace;93917
Key Up;Point-virgule;94717
Key Down;U;94917
Key Up;U;95221
Key Down;Point-virgule;95445
Key Up;Point-virgule;95582
Key Down;Point-virgule;118862
Key Down;I;121662
Key Up;I;122381
Key Down;A;123150
Key Up;Point-virgule;124494
Key Up;A;124526
Key Down;Point-virgule;129022
Key Up;Point-virgule;129309
Key Down;P;129709
Key Up;P;129829
Key Down;A;136413
Key Up;A;136565
Key Down;I;144422
Key Up;I;144645
Key Down;Point-virgule;145846
Key Up;Point-virgule;146021
Key Down;P;156253
Key Up;P;156405
Key Down;U;163061
Key Up;U;163549
Key Down;Point-virgule;163749
Key Up;Point-virgule;164365
Key Down;Espace;166165
Key Up;Espace;166317
Key Down;Point-virgule;166821
Key Down;A;167109
Key Up;A;167725
Key Down;Espace;167893
Key Up;Espace;168117
Key Up;Point-virgule;168157
Key Down;I;168406
Key Up;I;168621
Key Down;Point-virgule;180613
Key Up;Point-virgule;181525
Key Down;A;183693
Key Up;A;183805
Key Down;Point-virgule;184053
Key Down;Espace;185781
Key Up;Espace;185861
Key Down;A;187741
Key Up;Point-virgule;188133
Key Up;A;188213
Key Down;I;188525
Key Up;I;188765
Key Down;U;188781
Key Down;A;189101
Key Up;A;189245
Key Up;U;189365
Key Down;B;192965
Key Up;B;193085
Key Down;B;193485
Key Up;B;193685
Key Down;B;193829
Key Up;B;193965
Key Down;Point-virgule;218173
Key Down;A;218669
Key Up;A;218805
Key Down;Espace;219845
Key Up;Espace;219981
Key Down;Espace;220820
Key Up;Espace;221141
Key Up;Point-virgule;223381
Key Down;Point-virgule;224685
Key Up;Point-virgule;225853
Key Down;Point-virgule;226221
Key Down;I;227429
Key Up;I;227557
Key Down;A;227661
Key Up;A;227892
Key Down;I;229084
Key Up;I;229228
Key Up;Point-virgule;231757
Key Down;Point-virgule;232629
Key Up;Point-virgule;233221
Key Down;Point-virgule;233901
Key Up;Point-virgule;234013
Key Down;U;234717
Key Up;U;234852
Key Down;U;235205
Key Down;Espace;235533
Key Up;Espace;235701
Key Up;U;235853
Key Down;Espace;236260
Key Up;Espace;236485
Key Down;U;238341
Key Up;U;238677
Key Down;A;241677
Key Down;Point-virgule;242285
Key Up;Point-virgule;242741
Key Down;Point-virgule;242989
Key Up;A;243252
Key Down;A;243533
Key Up;A;244461
Key Down;A;244716
Key Up;Point-virgule;244732
Key Up;A;245085
Key Down;A;245685
Key Up;A;245877
Key Down;I;247468
Key Down;Point-virgule;247893
Key Up;Point-virgule;248365
Key Up;I;248413
Key Down;A;249397
Key Down;Point-virgule;249765
Key Up;Point-virgule;250085
Key Up;A;250300
Key Down;I;252389
Key Up;I;252621
Key Down;U;252917
Key Up;U;253565
Key Down;Point-virgule;253813
Key Down;A;254333
Key Up;A;254701
Key Up;Point-virgule;254861
Key Down;Point-virgule;255276
Key Up;Point-virgule;255428
Key Down;Point-virgule;260812
Key Up;Point-virgule;260868
Key Down;U;261989
Key Up;U;262109
Key Down;U;262468
Key Up;U;262957
Key Down;Point-virgule;263133
Key Down;A;263509
Key Up;A;263708
Key Up;Point-virgule;263740
Key Down;Point-virgule;269813
Key Down;A;269909
Key Up;Point-virgule;270461
Key Up;A;270525
Key Down;A;277293
Key Up;A;277589
Key Down;Point-virgule;277669
Key Up;Point-virgule;277932
Key Down;A;278357
Key Down;Point-virgule;278461
Key Up;Point-virgule;278669
Key Up;A;278685
Key Down;Point-virgule;279549
Key Up;Point-virgule;279669
Key Down;I;284916
Key Down;Point-virgule;284996
Key Up;I;285100
Key Down;A;285421
Key Up;Point-virgule;285757
Key Up;A;285909
Key Down;A;286340
Key Down;Point-virgule;286356
Key Down;Espace;287189
Key Up;Espace;287365
Key Up;A;287532
Key Down;I;288909
Key Up;I;289501
Key Up;Point-virgule;289837
Key Down;I;290540
Key Up;I;290965
Key Down;I;291077
Key Up;I;291285
Key Down;A;291501
Key Up;A;292164
Key Down;A;292204
Key Down;Point-virgule;292397
Key Up;Point-virgule;293148
Key Up;A;294477
Key Down;Point-virgule;295733
Key Down;A;296557
Key Up;Point-virgule;297221
Key Up;A;297285
Key Down;A;298956
Key Up;A;299012
Key Down;U;300476
Key Up;U;300869
Key Down;Point-virgule;300973
Key Up;Point-virgule;301413
Key Down;U;302245
Key Up;U;302565
Key Down;Point-virgule;302773
Key Up;Point-virgule;303061
Key Down;U;309837
Key Up;U;310204
Key Down;Point-virgule;310364
Key Up;Point-virgule;310861
Key Down;U;312101
Key Up;U;312597
Key Down;Point-virgule;312836
Key Up;Point-virgule;313260
Key Down;U;316389
Key Up;U;316757
Key Up;Point-virgule;317692
Key Down;U;318964
Key Up;U;319413
Key Down;Point-virgule;319861
Key Up;Point-virgule;320300
Key Down;P;329789
Key Up;P;329900
Key Down;Point-virgule;331292
Key Up;Point-virgule;331428
Key Down;A;331845
Key Up;A;332093
Key Down;Point-virgule;332940
Key Down;Espace;333076
Key Up;Espace;333429
Key Up;Point-virgule;333533
Key Down;A;334516
Key Down;Point-virgule;334749
Key Up;A;335205
Key Down;Espace;335932
Key Up;Espace;336213
Key Down;A;338252
Key Up;A;338716
Key Down;A;339876
Key Up;A;340308
Key Down;I;340477
Key Up;I;340629
Key Down;A;340789
Key Up;A;341060
Key Down;A;341845
Key Up;A;341909
Key Down;P;342101
Key Up;P;342237
Key Up;Point-virgule;342468
Key Down;P;342676
Key Up;P;342804
Key Down;Point-virgule;343173
Key Up;Point-virgule;343804
Key Down;Point-virgule;344172
Key Down;P;346173
Key Up;P;346301
Key Up;Point-virgule;346772
Key Down;A;346996
Key Up;A;347164
Key Down;P;348013
Key Up;P;348100
Key Down;A;348340
Key Down;Point-virgule;348532
Key Up;A;348893
Key Down;Espace;349780
Key Up;Espace;349868
Key Down;Espace;350853
Key Up;Espace;350956
Key Down;A;351685
Key Up;Point-virgule;352077
Key Up;A;352165
Key Down;A;352213
Key Up;A;352236
Key Down;U;352244
Key Down;I;352452
Key Up;I;352660
Key Up;U;352996
Key Down;Point-virgule;353629
Key Up;Point-virgule;354324
Key Down;Espace;354645
Key Up;Espace;354813
Key Down;Espace;355316
Key Up;Espace;355540
Key Down;Espace;355820
Key Up;Espace;355997
Key Down;Espace;356125
Key Up;Espace;356245
Key Down;B;356421
Key Up;B;356564
Key Down;B;356980
Key Up;B;357212
Key Down;B;357549
Key Up;B;357733
Key Down;Point-virgule;361733
Key Up;Point-virgule;362085
Key Down;Point-virgule;386349
Key Down;I;390629
Key Up;I;390861
Key Up;Point-virgule;390877
Key Down;Point-virgule;393252
Key Down;A;394860
Key Up;A;395229
Key Down;I;395365
Key Up;I;395620
Key Down;A;395836
Key Up;A;395996
Key Up;Point-virgule;396132
Key Down;Point-virgule;397036
Key Down;A;398221
Key Up;A;398596
Key Down;A;398980
Key Up;Point-virgule;399316
Key Down;Point-virgule;399541
Key Up;Point-virgule;399637
Key Up;A;399900
Key Down;Point-virgule;399924
Key Up;Point-virgule;400116
Key Down;Point-virgule;400588
Key Down;Espace;401093
Key Up;Espace;401380
Key Up;Point-virgule;401748
Key Down;Point-virgule;401780
Key Up;Point-virgule;402028
Key Down;I;404820
Key Down;Point-virgule;404996
Key Up;I;405388
Key Down;Espace;407012
Key Up;Espace;407212
Key Up;Point-virgule;407732
Key Down;Point-virgule;408029
Key Down;Espace;408045
Key Up;Point-virgule;408141
Key Up;Espace;408197
Key Down;Point-virgule;408580
Key Up;Point-virgule;408620
Key Down;Point-virgule;408892
Key Down;I;410284
Key Up;I;410636
Key Up;Point-virgule;411012
Key Down;A;411452
Key Up;A;413260
Key Down;I;415732
Key Up;I;416100
Key Down;I;416493
Key Up;I;416996
Key Down;Point-virgule;419261
Key Up;Point-virgule;420677
Key Down;Point-virgule;420821
Key Down;I;420836
Key Up;I;422612
Key Up;Point-virgule;423156
Key Down;U;423461
Key Up;U;423708
Key Down;A;424989
Key Down;Point-virgule;426948
Key Up;Point-virgule;428268
Key Up;A;428500
Key Down;Point-virgule;429173
Key Up;Point-virgule;429349
Key Down;A;436028
Key Up;A;436988
Key Down;A;443429
Key Up;A;443580
Key Down;I;443764
Key Down;Point-virgule;445284
Key Up;I;446109
Key Up;Point-virgule;446189
Key Down;I;446308
Key Down;Point-virgule;446372
Key Up;Point-virgule;447756
Key Up;I;447812
Key Down;A;447972
Key Down;Point-virgule;448596
Key Up;Point-virgule;449188
Key Down;Point-virgule;450277
Key Up;A;450420
Key Up;Point-virgule;450452
Key Down;U;451228
Key Up;U;451372
Key Down;A;452084
Key Up;A;453309
Key Down;I;453588
Key Up;I;453884
Key Down;I;453988
Key Up;I;454476
Key Down;I;458684
Key Down;Point-virgule;458908
Key Up;I;459228
Key Up;Point-virgule;459924
Key Down;I;460100
Key Up;I;460612
Key Down;I;461228
Key Up;I;461476
Key Down;A;461645
Key Up;A;461956
Key Down;Point-virgule;463108
Key Down;P;464484
Key Up;Point-virgule;464524
Key Up;P;464612
Key Down;P;464980
Key Up;P;465108
Key Down;Point-virgule;465548
Key Up;Point-virgule;467172
Key Down;P;467556
Key Up;P;467660
Key Down;A;467908
Key Down;Point-virgule;468292
Key Up;A;468452
Key Down;Espace;470356
Key Up;Espace;470460
Key Up;Point-virgule;471828
Key Down;B;473420
Key Up;B;473516
Key Down;B;473764
Key Up;B;473876
Key Down;B;473964
Key Up;B;474052
Key Down;B;474148
Key Up;B;474212
Key Down;B;474300
Key Up;B;474325
Key Down;B;474428
Key Up;B;474492
Key Down;B;474580
Key Up;B;474652
Key Down;B;474748
Key Up;B;474796
Key Down;B;474908
Key Up;B;474956
Key Down;Point-virgule;499028
Key Down;B;499260
Key Up;B;499468
Key Up;Point-virgule;499804
Key Down;B;499892
Key Up;B;500716
Key Down;Point-virgule;507044
Key Up;Point-virgule;508724
Key Down;A;509428
Key Up;A;509628
Key Down;Point-virgule;510675
Key Up;Point-virgule;510771
Key Down;Point-virgule;511588
Key Down;A;511836
Key Up;Point-virgule;512123
Key Down;Point-virgule;512556
Key Up;Point-virgule;512764
Key Up;A;512828
Key Down;I;513172
Key Up;I;513499
Key Down;I;514532
Key Up;I;514812
Key Down;Point-virgule;516756
Key Up;Point-virgule;516956
Key Down;I;518276
Key Up;I;518532
Key Down;Point-virgule;518684
Key Up;Point-virgule;519420
Key Down;Point-virgule;519660
Key Up;Point-virgule;519996
Key Down;I;520483
Key Up;I;520700
Key Down;Point-virgule;521140
Key Up;Point-virgule;521340
Key Down;Point-virgule;523964
Key Down;A;528452
Key Up;A;528772
Key Down;A;532275
Key Up;Point-virgule;532612
Key Up;A;532796
Key Down;Point-virgule;533212
Key Up;Point-virgule;534084
Key Down;I;535404
Key Up;I;535892
Key Down;I;536356
Key Down;Point-virgule;536451
Key Up;I;536491
Key Up;Point-virgule;536820
Key Down;I;542964
Key Up;I;543579
Key Down;Point-virgule;544756
Key Down;A;545171
Key Up;A;545764
Key Up;Point-virgule;546004
Key Down;A;546268
Key Up;A;546323
Key Down;I;546427
Key Up;I;547228
Key Down;Point-virgule;547628
Key Up;Point-virgule;548580
Key Down;I;548844
Key Up;I;549299
Key Down;A;549444
Key Up;A;550220
Key Down;I;550428
Key Up;I;550868
Key Down;Point-virgule;550948
Key Down;A;551524
Key Up;A;552340
Key Up;Point-virgule;552356
Key Down;A;552396
Key Up;A;552508
Key Down;Point-virgule;552716
Key Down;I;552996
Key Up;I;554827
Key Down;I;556379
Key Up;Point-virgule;556403
Key Up;I;556540
Key Down;A;560627
Key Up;A;561164
Key Down;A;562268
Key Up;A;562380
Key Down;I;563108
Key Up;I;563339
Key Down;Point-virgule;563395
Key Up;Point-virgule;565532
Key Down;Point-virgule;566075
Key Up;Point-virgule;566756
Key Down;Point-virgule;569284
Key Down;Espace;570259
Key Up;Espace;570403
Key Down;A;571348
Key Up;A;571500
Key Up;Point-virgule;571819
Key Down;I;572116
Key Up;I;572356
Key Down;Point-virgule;572796
Key Up;Point-virgule;572979
Key Down;A;576940
Key Down;Point-virgule;577251
Key Up;A;577852
Key Up;Point-virgule;578268
Key Down;Point-virgule;579644
Key Down;A;580011
Key Up;A;580091
Key Down;A;580451
Key Up;A;580700
Key Up;Point-virgule;580724
Key Down;A;580828
Key Up;A;580988
Key Down;I;581763
Key Up;I;581964
Key Down;Point-virgule;582292
Key Up;Point-virgule;582620
Key Down;I;583540
Key Up;I;584307
Key Down;Espace;587323
Key Up;Espace;587531
Key Down;Espace;588324
Key Up;Espace;588507
Key Down;Point-virgule;589044
Key Down;A;589364
Key Up;A;589548
Key Up;Point-virgule;589564
Key Down;I;589828
Key Up;I;589892
Key Down;I;592923
Key Up;I;593067
Key Down;A;593892
Key Up;A;593956
Key Down;I;596236
Key Up;I;596404
Key Down;A;596748
Key Up;A;596939
Key Down;U;597027
Key Up;U;597219
Key Down;Point-virgule;609723
Key Up;Point-virgule;609827
Key Down;A;612172
Key Down;Point-virgule;612627
Key Up;A;612675
Key Up;Point-virgule;613436
Key Down;I;614219
Key Up;I;614852
Key Down;A;616436
Key Down;Point-virgule;616612
Key Up;Point-virgule;616771
Key Up;A;616795
Key Down;Point-virgule;617452
Key Up;Point-virgule;617836
Key Down;Point-virgule;618956
Key Down;I;621251
Key Up;I;622020
Key Up;Point-virgule;622036
Key Down;A;622124
Key Up;A;622307
Key Down;I;622395
Key Up;I;622924
Key Down;I;623572
Key Down;U;623947
Key Up;I;623979
Key Up;U;624324
Key Down;Point-virgule;625044
Key Up;Point-virgule;626268
Key Down;Point-virgule;626779
Key Down;I;627939
Key Up;Point-virgule;628131
Key Up;I;628636
Key Down;U;628756
Key Up;U;628972
Key Down;Point-virgule;630036
Key Down;I;630412
Key Up;I;630803
Key Up;Point-virgule;631059
Key Down;Left Alt;642500
Key Down;Tab;642723
Key Up;Tab;642875
Key Down;Tab;643692
Key Up;Tab;643804
Key Down;Tab;643939
Key Up;Tab;644036
Key Down;Tab;644204
Key Up;Tab;644308
Key Down;Tab;644579
Key Up;Tab;644691
Key Down;Tab;644764
Key Up;Tab;644867
Key Up;Left Alt;645171
Key Down;Apostrophe;646724
Key Up;Apostrophe;646820
Key Down;Apostrophe;647595
Key Up;Apostrophe;647675
Key Down;1;647956
Key Up;1;648060
Key Down;K;650635
Key Up;K;650780
Key Down;I;650868
Key Up;I;651012
Key Down;C;651316
Key Up;C;651412
Key Down;K;651451
Key Up;K;651571
Key Down;Espace;651595
Key Up;Espace;651699
Key Down;B;652035
Key Up;B;652131
Key Down;E;652228
Key Up;E;652348
Key Down;N;652380
Key Up;N;652500
Key Down;O;652532
Key Down;I;652636
Key Up;O;652684
Key Down;T;652756
Key Up;I;652772
Key Up;T;652844
Key Down;Entrée;652915
Key Up;Entrée;652979
Key Down;Echap;656172
Key Up;Echap;656275
Key Down;Echap;663444
Key Up;Echap;663547
