Event;Key;Time
Key Down;Z;28447
Key Down;D;28614
Key Up;D;28831
Key Up;Z;29583
Key Down;D;29583
Key Up;D;29783
Key Down;Z;29999
Key Down;Q;30054
Key Up;Z;30231
Key Up;Q;30287
Key Down;Z;30559
Key Down;Q;30583
Key Up;Z;30735
Key Up;Q;30895
Key Down;D;31055
Key Up;D;31279
Key Down;Z;31479
Key Down;D;31599
Key Up;Z;31639
Key Up;D;31831
Key Down;Z;32023
Key Down;D;32175
Key Up;Z;32383
Key Up;D;32391
Key Down;Q;32439
Key Down;D;32623
Key Up;Q;32639
Key Up;D;32975
Key Down;Z;33079
Key Up;Z;33199
Key Down;Q;33343
Key Up;Q;33415
Key Down;D;33535
Key Down;Z;33575
Key Up;D;33687
Key Down;Q;34063
Key Up;Q;34231
Key Up;Z;34455
Key Down;D;35783
Key Down;Z;35799
Key Up;D;35895
Key Down;Q;35899
Key Up;Z;35967
Key Down;S;36215
Key Up;S;36399
Key Up;Q;36479
Key Down;D;36607
Key Down;Z;36663
Key Up;Z;36975
Key Down;S;37175
Key Up;D;37383
Key Down;Q;37519
Key Up;S;37551
Key Up;Q;37607
Key Down;D;37743
Key Up;D;37879
Key Down;S;37975
Key Up;S;38103
Key Down;Q;39255
Key Down;Z;39559
Key Up;Q;39719
Key Down;D;43719
Key Up;D;43791
Key Down;Q;44127
Key Up;Q;44231
Key Down;D;45855
Key Up;D;46167
Key Down;Q;46255
Key Up;Q;46423
Key Down;Q;46679
Key Up;Q;46847
Key Up;Z;46871
Key Down;Q;48103
Key Down;Z;48175
Key Up;Q;48255
Key Down;D;48367
Key Up;D;48519
Key Down;D;48710
Key Up;Z;48855
Key Up;D;48856
Key Down;Q;48959
Key Up;Q;49167
Key Down;Q;49343
Key Up;Q;49495
Key Down;Q;49671
Key Up;Q;49887
Key Down;D;49903
Key Down;Z;49911
Key Up;D;50039
Key Down;D;50463
Key Up;D;50615
Key Up;Z;50951
Key Down;Z;51207
Key Down;D;51383
Key Up;D;51592
Key Down;Q;52359
Key Up;Q;52519
Key Up;Z;53399
Key Down;D;53839
Key Down;Z;53927
Key Up;Z;54447
Key Down;Z;54679
Key Up;Z;55447
Key Down;S;56087
Key Up;D;56407
Key Up;S;56439
Key Down;D;57198
Key Down;Z;57304
Key Up;D;57511
Key Up;Z;58879
Key Down;Z;60735
Key Down;Q;60799
Key Up;Z;60847
Key Up;Q;61127
Key Down;Q;61455
Key Down;Z;61527
Key Up;Z;61718
Key Up;Q;61750
Key Down;D;62975
Key Down;Z;63535
Key Up;D;63759
Key Down;Q;66095
Key Up;Z;66415
Key Down;Z;66663
Key Up;Q;66735
Key Up;Z;67471
Key Down;Z;68199
Key Up;Z;68607
Key Down;Q;68623
Key Down;Z;69007
Key Up;Q;69127
Key Down;D;70263
Key Up;D;71263
Key Up;Z;71655
Key Down;Q;72287
Key Down;Z;72951
Key Up;Q;73031
Key Down;D;73199
Key Up;D;73567
Key Down;D;73799
Key Up;D;73991
Key Down;Q;74159
Key Up;Q;74407
Key Down;Q;74655
Key Up;Q;75087
Key Down;Q;77407
Key Up;Q;77519
Key Down;D;77687
Key Up;D;77775
Key Down;Q;78263
Key Up;Z;78351
Key Down;Z;78431
Key Up;Z;78559
Key Up;Q;78679
Key Down;Z;78919
Key Down;Q;79007
Key Up;Q;79303
Key Down;D;79647
Key Up;D;79903
Key Down;Q;80535
Key Up;Z;80671
Key Up;Q;81055
Key Down;D;81079
Key Down;Z;81199
Key Up;D;81471
Key Up;Z;81663
Key Down;Q;81759
Key Up;Q;81839
Key Down;D;81895
Key Up;D;81984
Key Down;Q;82103
Key Up;Q;82247
Key Down;D;82335
Key Down;Z;82551
Key Up;D;82583
Key Up;Z;82887
Key Down;D;83039
Key Down;Z;83263
Key Up;D;83615
Key Down;D;83775
Key Up;D;84039
Key Down;Q;84311
Key Up;Q;84383
Key Up;Z;84423
Key Down;D;84439
Key Up;D;84487
Key Down;Q;84543
Key Down;Z;84591
Key Up;Q;84663
Key Up;Z;85823
Key Down;Q;85895
Key Up;Q;86127
Key Down;Q;86551
Key Up;Q;86767
Key Down;Z;86999
Key Down;D;87111
Key Up;Z;87231
Key Up;D;87767
Key Down;Q;87783
Key Down;Z;88055
Key Up;Q;88151
Key Down;Q;88271
Key Up;Z;88399
Key Up;Q;88807
Key Down;Z;89047
Key Down;Q;89103
Key Up;Z;89175
Key Down;Z;89311
Key Up;Z;89383
Key Up;Q;89727
Key Down;D;90551
Key Up;D;90831
Key Down;D;91007
Key Up;D;91159
Key Down;Q;91295
Key Up;Q;91439
Key Down;D;91439
Key Up;D;91607
Key Down;Z;91751
Key Up;Z;91847
Key Down;Q;91967
Key Up;Q;92063
Key Down;D;92135
Key Up;D;92327
Key Down;D;92463
Key Up;D;92711
Key Down;D;92942
Key Down;Z;92950
Key Up;D;93407
Key Up;Z;93431
Key Down;Q;93567
Key Up;Q;93727
Key Down;D;93983
Key Up;D;94151
Key Down;Z;94559
Key Down;D;94583
Key Up;D;94703
Key Down;Q;94751
Key Up;Q;95207
Key Down;D;95375
Key Up;Z;95607
Key Down;Z;95759
Key Up;D;95840
Key Down;Q;96263
Key Up;Q;96759
Key Down;Q;97135
Key Up;Q;97343
Key Down;D;97399
Key Up;Z;97840
Key Up;D;97903
Key Down;Z;98583
Key Down;D;98711
Key Up;Z;99431
Key Up;D;99447
Key Down;D;99599
Key Up;D;100391
Key Down;Z;104287
Key Down;D;104470
Key Up;Z;104711
Key Up;D;104863
Key Down;Q;105031
Key Down;Z;105311
Key Up;Q;105407
Key Down;D;105447
Key Up;Z;105543
Key Up;D;105591
Key Down;D;105615
Key Down;S;105815
Key Up;D;105846
Key Up;S;105935
Key Down;Q;106399
Key Down;Z;106423
Key Up;Q;106783
Key Down;D;108087
Key Up;D;108375
Key Down;D;108687
Key Up;D;108807
Key Up;Z;109607
Key Down;D;111222
Key Down;S;111951
Key Up;D;112159
Key Down;Q;112223
Key Up;S;112622
Key Up;Q;112767
Key Down;Z;112799
Key Down;D;113039
Key Up;Z;113143
Key Down;Z;113407
Key Up;D;113439
Key Down;D;113799
Key Up;Z;113807
Key Up;D;114159
Key Down;Z;114215
Key Up;Z;114527
Key Down;Q;114583
Key Down;Z;114847
Key Up;Q;115111
Key Down;Q;115430
Key Up;Q;115543
Key Down;D;116727
Key Up;Z;117167
Key Down;Z;117567
Key Up;D;118903
Key Down;D;119615
Key Up;Z;119871
Key Down;Z;120039
Key Up;D;120095
Key Up;Z;120311
Key Down;Z;120511
Key Down;D;120703
Key Up;D;120775
Key Up;Z;120959
Key Down;Z;122055
Key Up;Z;122351
Key Down;Q;122415
Key Up;Q;122486
Key Down;D;122551
Key Up;D;122687
Key Down;D;122951
Key Up;D;123015
Key Down;Z;123231
Key Up;Z;123359
Key Down;D;123575
Key Up;D;123663
Key Down;Q;125223
Key Up;Q;125278
Key Down;Q;125839
Key Down;Z;125847
Key Up;Q;126111
Key Down;Q;126671
Key Up;Z;126999
Key Down;Z;127127
Key Up;Q;127391
Key Up;Z;127551
Key Down;E;127655
Key Up;E;127759
Key Down;D;128415
Key Down;S;128495
Key Up;S;128663
Key Down;Z;128799
Key Up;D;128903
Key Up;Z;130143
Key Down;Z;130391
Key Up;Z;130519
Key Down;E;130815
Key Up;E;130943
Key Down;S;131295
Key Down;Q;131303
Key Up;S;131367
Key Down;Z;131503
Key Up;Q;132127
Key Up;Z;132318
Key Down;Q;133343
Key Down;Z;133790
Key Up;Q;133903
Key Down;D;134119
Key Down;Espace;134335
Key Up;Espace;134551
Key Up;D;134791
Key Down;Q;134919
Key Up;Q;135255
Key Down;D;135551
Key Up;D;135791
Key Down;D;136423
Key Up;Z;136606
Key Up;D;136607
Key Down;Q;136855
Key Up;Q;136991
Key Down;D;137407
Key Up;D;137631
Key Down;Q;138072
Key Up;Q;138327
Key Down;D;138399
Key Up;D;138559
Key Down;Z;140806
Key Up;Z;140871
Key Down;D;140967
Key Up;D;141047
Key Down;Z;142279
Key Down;D;142391
Key Up;D;142615
Key Up;Z;142799
Key Down;Z;143399
Key Up;Z;143807
Key Down;Z;144399
Key Up;Z;144831
Key Down;Q;144903
Key Up;Q;145359
Key Down;Z;145623
Key Down;Q;145671
Key Up;Z;145759
Key Up;Q;145983
Key Down;Z;146143
Key Down;Q;146303
Key Up;Z;146351
Key Up;Q;146519
Key Down;D;146607
Key Up;D;146799
Key Down;Q;147151
Key Up;Q;147303
Key Down;Z;147358
Key Down;Q;147519
Key Up;Z;147575
Key Up;Q;147719
Key Down;Q;147943
Key Down;Z;148087
Key Up;Q;148295
Key Up;Z;148303
Key Down;Z;148511
Key Down;D;148527
Key Up;D;148599
Key Up;Z;148846
Key Down;Q;148862
Key Up;Q;149007
Key Down;D;149071
Key Down;Z;149111
Key Up;D;149215
Key Down;D;149495
Key Up;D;149759
Key Down;Espace;150246
Key Up;Espace;150399
Key Down;Q;150911
Key Up;Q;151583
Key Down;D;154438
Key Up;Z;155159
Key Up;D;155207
Key Down;D;155783
Key Up;D;155943
Key Down;Z;156695
Key Up;Z;157351
Key Down;Z;157791
Key Up;Z;157919
Key Down;D;159599
Key Up;D;159783
Key Down;Q;159783
Key Down;Z;159799
Key Up;Q;160015
Key Down;Q;160575
Key Up;Q;160863
Key Down;D;161031
Key Up;Z;161103
Key Up;D;161359
Key Down;D;161511
Key Down;Z;161527
Key Up;D;161719
Key Up;Z;161751
Key Down;D;162119
Key Up;D;162191
Key Down;Q;162695
Key Down;Z;163015
Key Up;Q;163247
Key Up;Z;163279
Key Down;Q;163783
Key Up;Q;164055
Key Down;Z;164407
Key Up;Z;164535
Key Down;Z;164951
Key Up;Z;165087
Key Down;A;165319
Key Up;A;165687
Key Down;A;168911
Key Up;A;169311
Key Down;A;169735
Key Up;A;170439
Key Down;Z;176743
Key Down;Q;177007
Key Up;Q;177223
Key Down;D;177415
Key Up;D;177543
Key Down;Espace;177871
Key Up;Espace;178096
Key Down;D;180391
Key Up;D;180631
Key Up;Z;180647
Key Down;Q;181295
Key Up;Q;181391
Key Down;S;181471
Key Up;S;181767
Key Down;D;181767
Key Down;Z;182039
Key Up;D;182111
Key Down;Q;182271
Key Up;Z;182343
Key Up;Q;182615
Key Down;S;182631
Key Down;D;182743
Key Up;S;182847
Key Up;D;182935
Key Down;S;183071
Key Up;S;183447
Key Down;Z;183879
Key Up;Z;184039
Key Down;Z;214542
Key Up;Z;214815
Key Down;Z;215007
Key Down;Q;215423
Key Up;Q;215663
Key Down;Q;216103
Key Up;Q;216295
Key Up;Z;217151
Key Down;Z;217455
Key Down;Q;217623
Key Up;Q;217831
Key Up;Z;219055
Key Down;Q;219663
Key Up;Q;219815
Key Down;D;219951
Key Up;D;220335
Key Down;Z;220655
Key Down;Q;221055
Key Up;Q;221279
Key Down;Q;221463
Key Up;Z;221598
Key Up;Q;221959
Key Down;D;222151
Key Up;D;222503
Key Down;Z;222631
Key Down;D;222839
Key Up;D;223111
Key Down;D;223575
Key Up;D;223919
Key Down;Q;224671
Key Up;Q;225031
Key Up;Z;227230
Key Down;Z;227767
Key Up;Z;227983
Key Down;Q;231895
Key Down;Z;232135
Key Up;Z;232311
Key Up;Q;232551
Key Down;S;232599
Key Down;Q;233119
Key Up;S;233199
Key Up;Q;233391
Key Down;Z;233479
Key Down;Q;233679
Key Up;Z;233735
Key Up;Q;234015
Key Down;D;234214
Key Up;D;234343
Key Down;Q;234391
Key Down;Z;234631
Key Up;Q;234703
Key Down;Q;234727
Key Up;Q;235031
Key Down;D;235071
Key Up;Z;235119
Key Down;Z;235199
Key Up;D;235695
Key Up;Z;235879
Key Down;Q;237398
Key Down;S;237703
Key Up;S;237831
Key Up;Q;237847
Key Down;D;238830
Key Down;Z;239015
Key Up;D;239207
Key Down;D;240031
Key Up;D;240303
Key Down;D;240519
Key Up;D;240655
Key Up;Z;241495
Key Down;D;241695
Key Down;Z;241751
Key Up;D;242575
Key Down;D;242839
Key Up;D;243087
Key Up;Z;244687
Key Down;Z;247847
Key Up;Z;249367
Key Down;Z;249703
Key Up;Z;249935
Key Down;Q;250215
Key Down;Z;250479
Key Up;Q;250518
Key Down;Q;250887
Key Up;Z;251335
Key Down;S;251615
Key Up;Q;251671
Key Up;S;252015
Key Down;D;252111
Key Up;D;252175
Key Down;Q;252263
Key Up;Q;252519
Key Down;D;252623
Key Up;D;252735
Key Down;D;253215
Key Up;D;253374
Key Down;Z;253495
Key Down;Q;253911
Key Up;Q;254023
Key Down;D;254175
Key Up;D;254351
Key Up;Z;254711
Key Down;Q;254935
Key Down;Z;254951
Key Up;Q;255151
Key Up;Z;255599
Key Down;Q;255711
Key Down;Espace;255759
Key Up;Q;255839
Key Up;Espace;256015
Key Down;Z;256023
Key Down;D;256167
Key Up;D;256343
Key Up;Z;256559
Key Down;Z;256703
Key Down;Espace;256711
Key Down;Q;256951
Key Up;Q;257135
Key Down;Q;257319
Key Up;Espace;257327
Key Up;Z;257567
Key Down;Z;257647
Key Up;Q;257655
Key Down;Q;257807
Key Up;Q;257895
Key Down;D;258327
Key Up;D;258615
Key Down;Q;258615
Key Up;Z;258623
Key Down;S;259279
Key Up;Q;259511
Key Up;S;259567
Key Down;Z;259719
Key Down;D;260223
Key Up;Z;260279
Key Down;Q;260479
Key Up;D;260503
Key Down;Z;260735
Key Up;Q;260799
Key Up;Z;260911
Key Down;D;260919
Key Down;S;261127
Key Up;D;261167
Key Down;Q;261223
Key Up;Q;261903
Key Down;Q;262038
Key Up;S;262118
Key Down;S;262207
Key Up;Q;262423
Key Up;S;262463
Key Down;D;262535
Key Up;D;262895
Key Down;S;262959
Key Up;S;263183
Key Down;Q;263207
Key Up;Q;263398
Key Down;D;263478
Key Down;Z;263526
Key Up;D;263671
Key Down;D;264327
Key Up;Z;264391
Key Down;Z;264959
Key Up;D;264999
Key Down;Q;265375
Key Up;Q;265647
Key Down;D;266063
Key Up;D;266207
Key Up;Z;266447
Key Down;D;266535
Key Down;Z;267143
Key Up;D;267383
Key Down;Q;267535
Key Up;Z;267583
Key Down;Z;267895
Key Up;Z;268047
Key Up;Q;268231
Key Down;S;268311
Key Up;S;268567
Key Down;Z;268759
Key Down;D;268847
Key Up;D;269583
Key Down;Q;270663
Key Up;Q;270879
Key Down;D;271239
Key Up;D;271463
Key Down;D;272031
Key Up;D;272143
Key Up;Z;272335
Key Down;Z;272815
Key Down;Espace;272927
Key Up;Espace;273063
Key Up;Z;273079
Key Down;D;273432
Key Down;Z;273503
Key Up;D;273567
Key Up;Z;273623
Key Down;Z;274215
Key Up;Z;274391
Key Down;D;274663
Key Up;D;274767
Key Down;D;274879
Key Up;D;275103
Key Down;Z;275215
Key Down;Q;275311
Key Up;Z;275319
Key Up;Q;275431
Key Down;D;275535
Key Down;Z;275831
Key Up;D;276023
Key Down;Q;276471
Key Up;Q;276863
Key Down;D;276935
Key Up;D;277167
Key Down;Q;277599
Key Up;Z;278103
Key Down;S;278295
Key Up;S;278495
Key Down;Z;278639
Key Up;Q;278711
Key Down;D;279079
Key Down;Espace;279255
Key Up;Espace;279447
Key Up;D;280407
Key Down;Q;280959
Key Up;Z;281151
Key Up;Q;281343
Key Down;Z;281607
Key Down;Q;281782
Key Up;Q;282031
Key Down;Q;282543
Key Up;Q;282807
Key Down;Q;283751
Key Up;Z;283895
Key Up;Q;284135
Key Down;Q;284526
Key Up;Q;285599
Key Down;D;285631
Key Up;D;286183
Key Down;Q;286527
Key Up;Q;286647
Key Down;D;287199
Key Down;Z;287511
Key Up;D;288087
Key Up;Z;289175
Key Down;D;290255
Key Down;Z;290423
Key Up;D;290511
Key Up;Z;290655
Key Down;Q;290751
Key Down;Z;290847
Key Up;Q;291246
Key Up;Z;291351
Key Down;Q;291503
Key Up;Q;291727
Key Down;Z;291823
Key Up;Z;292343
Key Down;Z;294151
Key Down;D;294271
Key Up;D;294535
Key Down;Q;295486
Key Up;Q;295895
Key Up;Z;295983
Key Down;Espace;295991
Key Up;Espace;296183
Key Down;D;296511
Key Down;Q;297087
Key Up;D;297135
Key Down;S;297143
Key Up;Q;297399
Key Down;D;297463
Key Up;D;297583
Key Down;D;298198
Key Up;S;298383
Key Down;Z;298887
Key Down;Espace;299039
Key Up;Espace;299183
Key Up;D;299670
Key Down;Q;300047
Key Up;Z;301207
Key Down;Z;301591
Key Up;Q;301615
Key Up;Z;301791
Key Down;D;301887
Key Up;D;302063
Key Down;Q;302375
Key Down;Z;302551
Key Up;Q;302663
Key Down;Q;302743
Key Up;Q;302823
Key Down;Q;303079
Key Up;Q;303399
Key Down;Q;303703
Key Up;Z;304119
Key Down;Z;304343
Key Up;Q;304431
Key Up;Z;304687
Key Down;D;305767
Key Up;D;306007
Key Down;Q;306583
Key Up;Q;306855
Key Down;Q;307159
Key Down;Z;307167
Key Up;Q;307407
Key Up;Z;307439
Key Down;D;307623
Key Up;D;307784
Key Down;D;308198
Key Down;Z;308262
Key Up;D;308351
Key Down;Q;308655
Key Up;Q;308815
Key Up;Z;309103
Key Down;Q;309287
Key Down;Z;309367
Key Up;Z;309654
Key Down;Z;309863
Key Up;Q;309967
Key Up;Z;309991
Key Down;F;311134
Key Up;F;311239
Key Down;F;311935
Key Up;F;312039
Key Down;S;312151
Key Down;Q;312327
Key Up;S;312399
Key Down;Z;312591
Key Up;Q;312855
Key Down;Q;313167
Key Up;Q;313623
Key Up;Z;313775
Key Down;Q;314111
Key Down;Z;314519
Key Up;Q;314775
Key Up;Z;315279
Key Down;Z;315751
Key Down;D;315983
Key Up;Z;316079
Key Up;D;316479
Key Down;Z;316503
Key Down;D;316631
Key Up;D;317159
Key Down;D;317215
Key Up;Z;317735
Key Down;Z;318255
Key Up;D;318567
Key Up;Z;318615
Key Down;Z;318847
Key Up;Z;319542
Key Down;Q;319983
Key Up;Q;320223
Key Down;Q;323439
Key Down;S;323551
Key Up;Q;323686
Key Up;S;324295
Key Down;D;325391
Key Up;D;325591
Key Down;D;325959
Key Up;D;326111
Key Down;D;326439
Key Up;D;326975
Key Down;D;327535
Key Up;D;327719
Key Down;S;327919
Key Down;Q;328095
Key Up;S;328487
Key Up;Q;329342
Key Down;Z;329479
Key Up;Z;329687
Key Down;Q;330647
Key Down;Z;330854
Key Up;Q;330975
Key Down;Q;331007
Key Up;Z;331135
Key Down;Z;331383
Key Up;Q;331455
Key Down;Q;331703
Key Up;Z;331711
Key Up;Q;331871
Key Down;D;332023
Key Up;D;332214
Key Down;Q;332359
Key Up;Q;332623
Key Down;D;332879
Key Up;D;333055
Key Down;Q;333495
Key Up;Q;334039
Key Down;Q;334335
Key Down;Z;334343
Key Up;Q;334455
Key Down;D;334487
Key Up;Z;334535
Key Up;D;334759
Key Down;Q;334783
Key Down;Z;334974
Key Up;Q;335183
Key Down;Q;335423
Key Up;Q;335615
Key Up;Z;336095
Key Down;Q;336151
Key Down;Z;336311
Key Up;Q;336479
Key Down;Q;336791
Key Up;Z;336903
Key Up;Q;336927
Key Down;S;337223
Key Down;D;337271
Key Up;S;337415
Key Up;D;337479
Key Down;D;337639
Key Down;Z;337798
Key Up;D;337870
Key Up;Z;338023
Key Down;D;338111
Key Down;Z;338335
Key Up;D;338391
Key Up;Z;338687
Key Down;Q;339039
Key Down;Z;339134
Key Up;Q;339223
Key Up;Z;339270
Key Down;S;339599
Key Down;Q;339783
Key Up;S;340415
Key Down;S;340550
Key Up;Q;340606
Key Up;S;340895
Key Down;Z;341295
Key Up;Z;341583
Key Down;Z;341799
Key Up;Z;341879
Key Down;Q;341943
Key Down;Z;342263
Key Up;Q;342350
Key Down;Q;342671
Key Up;Z;342791
Key Up;Q;342792
Key Down;Z;343743
Key Up;Z;344135
Key Down;E;344183
Key Up;E;344303
Key Down;Q;344439
Key Up;Q;344535
Key Down;E;345031
Key Up;E;345135
Key Down;Q;345343
Key Down;Z;345751
Key Up;Z;345895
Key Up;Q;345967
Key Down;Z;346111
Key Down;Q;346351
Key Up;Q;346455
Key Up;Z;346511
Key Down;D;346686
Key Up;D;346959
Key Down;Q;349855
Key Up;Q;349959
Key Down;D;350223
Key Up;D;350375
Key Down;D;351167
Key Up;D;351391
Key Down;Q;351663
Key Up;Q;351807
Key Down;Z;351855
Key Up;Z;352079
Key Down;Q;352391
Key Up;Q;352591
Key Down;D;352719
Key Up;D;352935
Key Down;Q;353279
Key Up;Q;353463
Key Down;Z;353487
Key Up;Z;353559
Key Down;D;353879
Key Up;D;353959
Key Down;Q;353991
Key Down;Z;354167
Key Up;Q;354303
Key Down;D;354479
Key Up;D;354631
Key Up;Z;355183
Key Down;D;355479
Key Up;D;355639
Key Down;Z;356215
Key Up;Z;357103
Key Down;Q;357119
Key Up;Q;357279
Key Down;D;357319
Key Up;D;357479
Key Down;Q;357702
Key Down;Z;358135
Key Up;Q;358223
Key Up;Z;358527
Key Down;D;358727
Key Up;D;358863
Key Down;D;359127
Key Up;D;359326
Key Down;Q;359439
Key Up;Q;359743
Key Down;D;359759
Key Down;Z;359919
Key Up;D;360071
Key Down;Q;361879
Key Up;Q;362095
Key Down;D;364023
Key Up;D;364263
Key Down;D;364799
Key Up;D;365055
Key Down;Q;366318
Key Up;Q;366503
Key Up;Z;368039
Key Down;Q;368295
Key Down;S;368303
Key Up;S;368431
Key Up;Q;368463
Key Down;Z;371439
Key Down;D;371743
Key Up;D;371823
Key Up;Z;371831
Key Down;Z;373286
Key Down;D;373655
Key Up;D;373751
Key Down;Q;373935
Key Up;Q;374031
Key Down;D;374135
Key Up;D;374287
Key Up;Z;374319
Key Down;Q;377983
Key Down;Z;378095
Key Up;Q;378359
Key Down;D;378391
Key Up;D;378655
Key Down;D;378927
Key Up;D;379078
Key Down;Q;379735
Key Up;Q;379935
Key Up;Z;381743
Key Down;S;381886
Key Up;S;382535
Key Down;D;382575
Key Up;D;382759
Key Down;Z;382879
Key Up;Z;383158
Key Down;A;383238
Key Up;A;384175
Key Down;Z;384263
Key Up;Z;385015
Key Down;Z;385079
Key Down;Q;387839
Key Up;Q;388135
Key Down;D;388463
Key Up;D;388615
Key Down;D;388894
Key Up;Z;389039
Key Down;Z;389871
Key Up;D;390039
Key Down;D;390655
Key Up;D;390879
Key Up;Z;391031
Key Down;E;391143
Key Up;E;391262
Key Down;Q;396991
Key Down;Z;398263
Key Up;Q;398271
Key Down;Q;398662
Key Up;Q;399031
Key Up;Z;399191
Key Down;Q;399423
Key Down;Z;399687
Key Up;Z;399799
Key Up;Q;399927
Key Down;Z;400183
Key Up;Z;400343
Key Down;Z;401207
Key Down;Q;401567
Key Up;Q;401815
Key Up;Z;402143
Key Down;Q;402535
Key Down;Z;402543
Key Up;Q;402823
Key Up;Z;402927
Key Down;Q;403143
Key Up;Q;403246
Key Down;D;403871
Key Up;D;404015
Key Down;D;404951
Key Up;D;405095
Key Down;Z;405199
Key Up;Z;405375
Key Down;Z;406118
Key Up;Z;406295
Key Down;F;407055
Key Up;F;407143
Key Down;Q;407446
Key Down;Z;407470
Key Up;Z;407983
Key Down;Z;408215
Key Up;Z;408367
Key Up;Q;408551
Key Down;Z;408639
Key Up;Z;408783
Key Down;D;408974
Key Down;Z;409095
Key Up;D;409231
Key Down;Espace;409535
Key Up;Espace;409727
Key Up;Z;410214
Key Down;Q;410270
Key Up;Q;410431
Key Down;Z;410703
Key Up;Z;410863
Key Down;Espace;411495
Key Down;S;411654
Key Up;Espace;411671
Key Down;D;411742
Key Up;S;411920
Key Up;D;412151
Key Down;E;412639
Key Up;E;412759
Key Down;F;413391
Key Up;F;413511
Key Down;S;413775
Key Down;Q;413943
Key Up;S;414039
Key Up;Q;414135
Key Down;Z;414399
Key Up;Z;414535
Key Down;Q;415887
Key Down;Z;416031
Key Up;Z;416175
Key Up;Q;416375
Key Down;S;416383
Key Up;S;416551
Key Down;S;417038
Key Down;Q;417175
Key Down;Espace;417223
Key Up;S;417287
Key Up;Q;417383
Key Up;Espace;417439
Key Down;Z;417440
Key Down;D;417759
Key Up;Z;417783
Key Up;D;417855
Key Down;Z;418159
Key Up;Z;418366
Key Down;Z;418566
Key Up;Z;418631
Key Down;D;418775
Key Up;D;419055
Key Down;Z;419183
Key Up;Z;419679
Key Down;Z;420455
Key Down;Espace;420543
Key Up;Espace;420831
Key Down;D;421079
Key Up;Z;421119
Key Up;D;421254
Key Down;Q;421519
Key Down;Z;421559
Key Up;Q;422063
Key Down;D;422327
Key Up;D;422447
Key Up;Z;422751
Key Down;Q;422935
Key Down;Z;423183
Key Up;Q;423727
Key Up;Z;424158
Key Down;Q;424367
Key Up;Q;424567
Key Down;D;424623
Key Down;S;424855
Key Up;D;424999
Key Up;S;425127
Key Down;Z;427327
Key Down;Q;427983
Key Up;Z;428047
Key Up;Q;428135
Key Down;Q;428727
Key Up;Q;428895
Key Down;D;428991
Key Up;D;429207
Key Down;Q;429287
Key Up;Q;429399
Key Down;S;429511
Key Down;Q;429543
Key Up;Q;429806
Key Up;S;429871
Key Down;Q;430191
Key Up;Q;430367
Key Down;Z;432447
Key Down;D;432455
Key Up;D;432622
Key Down;D;432879
Key Up;D;432919
Key Down;Q;433039
Key Up;Z;433047
Key Up;Q;433215
Key Down;Z;434071
Key Down;D;434919
Key Up;D;435567
Key Up;Z;435903
Key Down;D;435991
Key Down;S;435999
Key Up;D;436367
Key Down;Q;436455
Key Up;S;436574
Key Up;Q;436590
Key Down;Z;436959
Key Up;Z;437071
Key Down;D;437495
Key Up;D;437559
Key Down;Z;437711
Key Down;Q;439151
Key Up;Q;439342
Key Up;Z;439663
Key Down;Z;444767
Key Up;Z;445127
Key Down;Q;449151
Key Up;Q;449431
Key Down;D;449743
Key Up;D;450158
Key Down;Z;450695
Key Down;D;451391
Key Up;Z;451550
Key Down;Z;451582
Key Up;Z;452551
Key Up;D;452950
Key Down;Z;453215
Key Down;E;453287
Key Up;Z;453311
Key Up;E;453423
Key Down;Q;453607
Key Up;Q;453687
Key Down;E;454751
Key Up;E;454831
Key Down;E;467807
Key Up;E;467935
Key Down;E;474455
Key Up;E;474615
Key Down;E;475215
Key Up;E;475359
Key Down;E;475935
Key Up;E;475991
Key Down;E;477903
Key Up;E;478039
Key Down;E;478087
Key Up;E;478159
Key Down;E;478231
Key Up;E;478335
Key Down;Q;484887
Key Down;Z;485639
Key Up;Q;485823
Key Down;Q;486583
Key Up;Q;486942
Key Up;Z;487199
Key Down;Z;492758
Key Down;D;493135
Key Up;Z;493471
Key Down;S;493711
Key Up;D;493815
Key Up;S;494351
Key Down;Z;494983
Key Down;Q;495415
Key Up;Z;495630
Key Down;S;495855
Key Up;Q;495927
Key Up;S;496071
Key Down;D;496623
Key Up;D;496751
Key Down;Z;499199
Key Down;D;499223
Key Up;Z;499455
Key Up;D;499471
Key Down;Q;499646
Key Down;Z;499654
Key Up;Q;499822
Key Down;Espace;501318
Key Up;Espace;501503
Key Down;Q;503167
Key Up;Q;503423
Key Down;D;503791
Key Up;Z;503958
Key Up;D;503966
Key Down;E;535999
Key Down;S;536191
Key Up;S;536350
Key Up;E;536607
Key Down;Z;536759
Key Down;D;537087
Key Up;D;537447
Key Down;D;538247
Key Up;D;538503
Key Up;Z;538511
Key Down;Z;538855
Key Up;Z;539007
Key Down;Q;539278
Key Down;Z;539423
Key Up;Q;539511
Key Up;Z;540047
Key Down;Q;540678
Key Up;Q;540871
Key Down;D;541303
Key Up;D;541767
Key Down;D;541831
Key Down;Z;542287
Key Up;D;542367
Key Up;Z;542463
Key Down;D;542839
Key Up;D;543015
Key Down;Z;543566
Key Down;D;543590
Key Up;D;543951
Key Down;D;544223
Key Up;D;544343
Key Up;Z;544359
Key Down;Q;547614
Key Up;Q;547919
Key Down;D;548319
Key Up;D;548399
Key Down;Q;548607
Key Down;Z;549367
Key Up;Z;549551
Key Down;Z;550063
Key Up;Q;550223
Key Down;Q;550494
Key Up;Q;550679
Key Down;Q;551015
Key Up;Z;551151
Key Up;Q;551798
Key Down;Q;553527
Key Up;Q;553815
Key Down;D;553967
Key Up;D;554351
Key Down;Z;554639
Key Down;D;554782
Key Up;D;554991
Key Up;Z;555071
Key Down;Q;556343
Key Down;Z;556367
Key Up;Z;556711
Key Down;S;557023
Key Up;S;557295
Key Down;S;557534
Key Up;Q;558103
Key Up;S;558239
Key Down;Z;558671
Key Down;Q;558823
Key Up;Z;558950
Key Up;Q;559070
Key Down;Q;559279
Key Up;Q;559311
Key Down;Q;561479
Key Up;Q;561646
Key Down;D;561734
Key Up;D;561854
Key Down;D;563423
Key Up;D;563631
Key Down;S;564726
Key Up;S;565039
Key Down;Q;565175
Key Down;Z;565183
Key Up;Q;565287
Key Down;D;565575
Key Up;D;565687
Key Up;Z;565711
Key Down;S;566086
Key Down;Q;566663
Key Up;Q;566871
Key Up;S;566959
Key Down;D;567103
Key Up;D;567199
Key Down;F;567374
Key Up;F;568487
Key Down;Z;569311
Key Up;Z;569423
Key Down;Q;569655
Key Up;Q;569791
Key Down;Z;571463
Key Up;Z;572135
Key Down;D;574591
Key Up;D;574767
Key Down;D;574863
Key Down;Z;574895
Key Up;D;575031
Key Down;D;576551
Key Up;D;576879
Key Down;Q;577000
Key Up;Z;577647
Key Down;Z;577855
Key Up;Q;577895
Key Down;Q;578119
Key Up;Z;578223
Key Up;Q;578374
Key Down;D;578486
Key Down;Z;578671
Key Up;D;578751
Key Up;Z;579287
Key Down;Z;579375
Key Up;Z;579942
Key Down;E;579958
Key Up;E;580047
Key Down;Z;580511
Key Down;D;580903
Key Up;D;581198
Key Down;D;581559
Key Down;Espace;581711
Key Up;D;581735
Key Up;Espace;581847
Key Down;Q;582439
Key Up;Q;582567
Key Down;Q;584142
Key Up;Q;584239
Key Down;D;584623
Key Up;D;584743
Key Up;Z;584911
Key Down;Q;585303
Key Up;Q;585367
Key Down;S;585918
Key Up;S;585966
Key Down;D;586983
Key Up;D;587711
Key Down;Z;587911
Key Down;D;587959
Key Up;D;588095
Key Up;Z;588135
Key Down;E;592007
Key Up;E;592135
Key Down;Q;592271
Key Up;Q;592559
Key Down;Z;592671
Key Down;Q;592846
Key Up;Q;593095
Key Up;Z;593239
Key Down;D;593631
Key Up;D;593775
Key Down;S;595311
Key Down;Q;595574
Key Up;Q;595871
Key Down;Q;596119
Key Up;Q;596503
Key Up;S;596655
Key Down;Z;596783
Key Down;D;597271
Key Up;D;597447
Key Up;Z;598255
Key Down;Q;598399
Key Up;Q;598607
Key Down;E;598680
Key Up;E;598814
Key Down;Q;598902
Key Up;Q;598942
Key Down;S;598982
Key Down;Q;599247
Key Up;S;599319
Key Down;S;599655
Key Up;Q;599855
Key Down;Q;600063
Key Up;S;600286
Key Down;Z;600463
Key Up;Q;600575
Key Down;D;601359
Key Up;D;601519
Key Down;Espace;601591
Key Up;Espace;601743
Key Down;D;601855
Key Up;Z;601991
Key Down;S;602303
Key Up;D;602367
Key Up;S;602535
Key Down;S;602767
Key Up;S;602983
Key Down;E;603143
Key Up;E;603279
Key Down;D;603663
Key Up;D;603831
Key Down;E;607151
Key Up;E;607351
Key Down;E;607567
Key Up;E;607694
Key Down;E;607871
Key Up;E;607991
Key Down;E;608095
Key Up;E;608223
Key Down;E;608303
Key Up;E;608383
Key Down;E;608463
Key Up;E;608551
Key Down;E;608671
Key Up;E;608703
Key Down;E;608783
Key Up;E;608879
Key Down;E;608969
Key Up;E;609038
Key Down;E;609134
Key Up;E;609223
Key Down;E;609327
Key Up;E;609395
Key Down;E;610199
Key Up;E;610303
Key Down;Q;610679
Key Up;Q;610863
Key Down;Q;611303
Key Down;Z;611383
Key Up;Q;611583
Key Down;Q;611926
Key Up;Q;612175
Key Up;Z;612495
Key Down;D;612583
Key Down;Z;612703
Key Up;D;612919
Key Down;Espace;614686
Key Up;Espace;614895
Key Up;Z;617622
Key Down;D;619183
Key Up;D;619375
Key Down;D;619719
Key Up;D;619926
Key Down;Q;621839
Key Down;S;622023
Key Up;Q;622183
Key Down;Q;622511
Key Up;Q;622774
Key Down;Q;623063
Key Up;S;623263
Key Down;Z;623431
Key Up;Q;623511
Key Down;Q;623703
Key Up;Z;624047
Key Down;S;624182
Key Up;Q;624230
Key Up;S;624943
Key Down;Q;624951
Key Down;Z;625175
Key Up;Q;625247
Key Up;Z;625399
Key Down;Q;625542
Key Down;Z;625702
Key Up;Q;625831
Key Down;Q;626519
Key Up;Q;626727
Key Up;Z;627991
Key Down;D;628255
Key Down;S;628263
Key Up;S;628326
Key Down;Z;628655
Key Up;Z;628943
Key Up;D;630167
Key Down;Q;630239
Key Up;Q;630599
Key Down;D;630663
Key Up;D;631503
Key Down;D;631951
Key Up;D;632119
Key Down;D;632727
Key Up;D;633007
Key Down;Z;633567
Key Up;Z;633782
Key Down;Z;634023
Key Down;D;635015
Key Up;D;635102
Key Up;Z;635270
Key Down;Z;635503
Key Down;Q;635815
Key Up;Z;635879
Key Up;Q;635975
Key Down;D;636183
Key Up;D;636375
Key Down;Q;637375
Key Up;Q;637647
Key Down;F;638231
Key Up;F;638343
Key Down;S;638767
Key Down;Q;639127
Key Up;Q;639399
Key Up;S;639494
Key Down;Q;640023
Key Up;Q;640247
Key Down;D;640311
Key Up;D;640607
Key Down;Z;640871
Key Down;Q;640959
Key Up;Q;641118
Key Up;Z;641183
Key Down;Q;641366
Key Up;Q;641607
Key Down;D;642023
Key Up;D;642231
Key Down;Q;642319
Key Up;Q;642454
Key Down;D;642526
Key Up;D;642686
Key Down;Z;642838
Key Down;D;642895
Key Up;Z;642999
Key Up;D;643255
Key Down;D;643503
Key Down;Z;643527
Key Up;D;643671
Key Down;D;643775
Key Down;Espace;643839
Key Up;Espace;644038
Key Up;Z;644158
Key Up;D;644174
Key Down;Q;644263
Key Down;Z;644527
Key Up;Q;644543
Key Down;D;644639
Key Up;D;645191
Key Up;Z;645486
Key Down;Q;645855
Key Down;Z;646111
Key Up;Q;646303
Key Down;Q;646543
Key Up;Z;646551
Key Up;Q;646806
Key Down;Q;647239
Key Up;Q;647455
Key Down;Q;647487
Key Down;S;647488
Key Up;Q;647631
Key Up;S;647743
Key Down;D;647879
Key Down;Z;648119
Key Up;D;648199
Key Down;D;648294
Key Up;D;648519
Key Up;Z;648975
Key Down;D;649279
Key Up;D;649495
Key Down;S;649702
Key Up;S;649798
Key Down;Q;650023
Key Up;Q;650191
Key Down;D;650327
Key Up;D;650423
Key Down;Q;651286
Key Up;Q;651367
Key Down;Q;651935
Key Down;Z;652063
Key Up;Z;652143
Key Up;Q;652319
Key Down;S;652414
Key Up;S;652727
Key Down;Q;652927
Key Up;Q;653247
Key Down;Q;654239
Key Up;Q;654391
Key Down;Q;654807
Key Up;Q;654991
Key Down;D;655047
Key Up;D;655190
Key Down;Z;655222
Key Up;Z;655454
Key Down;Z;655887
Key Up;Z;656503
Key Down;Z;656815
Key Down;D;656950
Key Up;Z;657022
Key Up;D;657190
Key Down;Q;657439
Key Down;Z;657543
Key Up;Q;657583
Key Down;D;658326
Key Up;D;658414
Key Up;Z;658919
Key Down;Z;659671
Key Down;D;661158
Key Down;Espace;661358
Key Up;Espace;661527
Key Up;D;662063
Key Down;Q;662127
Key Up;Z;662247
Key Down;Z;662479
Key Up;Q;662551
Key Down;D;662606
Key Up;D;662903
Key Down;D;663167
Key Up;D;663455
Key Up;Z;666199
Key Down;Z;668294
Key Up;Z;668502
Key Down;Z;669967
Key Down;D;671879
Key Up;D;672383
Key Down;Espace;673023
Key Up;Espace;673223
Key Down;Espace;673990
Key Up;Espace;674191
Key Down;Q;676159
Key Up;Z;676375
Key Down;Z;676463
Key Up;Q;676902
Key Down;Q;677383
Key Up;Z;677543
Key Up;Q;677631
Key Down;Z;677823
Key Down;Espace;678111
Key Up;Espace;678270
Key Down;D;678375
Key Up;D;678479
Key Up;Z;678783
Key Down;D;678791
Key Up;D;678927
Key Down;Z;678967
Key Up;Z;679630
Key Down;Q;679895
Key Down;Z;679943
Key Up;Q;680463
Key Up;Z;680695
Key Down;Q;680863
Key Down;Z;680998
Key Up;Q;681030
Key Down;D;681191
Key Up;Z;681415
Key Up;D;681439
Key Down;Q;681623
Key Up;Q;681999
Key Down;D;682278
Key Up;D;682350
Key Down;Z;682462
Key Down;Espace;682510
Key Up;Z;682583
Key Up;Espace;682615
Key Down;Z;682871
Key Up;Z;683143
Key Down;Q;683271
Key Down;Z;683311
Key Up;Q;683615
Key Down;Q;683974
Key Up;Q;684287
Key Down;Q;684631
Key Up;Q;684839
Key Down;Q;685222
Key Up;Q;685342
Key Down;Espace;685671
Key Up;Espace;685823
Key Down;Q;685863
Key Up;Q;686135
Key Down;Q;686231
Key Up;Z;686399
Key Up;Q;686718
Key Down;S;686774
Key Up;S;686855
Key Down;Z;687007
Key Down;D;687759
Key Up;Z;687855
Key Up;D;688375
Key Down;D;688599
Key Down;Z;688751
Key Up;D;688807
Key Down;Q;689071
Key Up;Q;689119
Key Up;Z;689159
Key Down;Z;689286
Key Down;Espace;689647
Key Up;Espace;689815
Key Down;Espace;691967
Key Up;Espace;692183
Key Down;D;692255
Key Up;Z;692390
Key Down;Q;692855
Key Up;D;692935
Key Down;Z;693159
Key Up;Q;693487
Key Down;Q;693718
Key Up;Q;693911
Key Down;D;694183
Key Down;Q;694311
Key Up;D;694319
Key Up;Z;694391
Key Down;D;694743
Key Up;Q;694751
Key Down;Z;694942
Key Up;D;695295
Key Down;D;695335
Key Up;Z;695447
Key Up;D;695695
Key Down;S;695751
Key Down;Q;695871
Key Up;S;696327
Key Up;Q;696647
Key Down;Z;696775
Key Down;Q;696975
Key Up;Z;697023
Key Down;Z;697263
Key Up;Q;697311
Key Down;D;697623
Key Up;D;697774
Key Down;Q;697878
Key Up;Q;698327
Key Up;Z;698343
Key Down;D;699174
Key Up;D;699326
Key Down;D;699551
Key Down;Z;699919
Key Up;D;700063
Key Down;Q;700279
Key Up;Q;700407
Key Down;Espace;700519
Key Up;Espace;700694
Key Down;D;700814
Key Up;Z;701215
Key Up;D;701471
Key Down;Q;701535
Key Up;Q;701895
Key Down;D;701990
Key Down;Z;702190
Key Up;D;702278
Key Down;D;702511
Key Up;Z;702631
Key Down;Z;703342
Key Up;D;703951
Key Down;Espace;704527
Key Up;Espace;704774
Key Down;D;704934
Key Up;Z;705143
Key Down;Z;705399
Key Up;D;705463
Key Up;Z;705727
Key Down;Z;705959
Key Down;D;706446
Key Up;Z;706695
Key Up;D;707511
Key Down;Z;707527
Key Down;Espace;707935
Key Up;Espace;708063
Key Down;Q;708135
Key Up;Z;708607
Key Up;Q;708647
Key Down;S;708751
Key Down;Q;709071
Key Up;Q;709230
Key Up;S;709599
Key Down;Z;709783
Key Down;Espace;710151
Key Up;Espace;710239
Key Up;Z;710335
Key Down;D;710414
Key Down;Z;710582
Key Up;D;710678
Key Down;D;710799
Key Up;D;710871
Key Up;Z;712038
Key Down;D;712159
Key Down;Q;712295
Key Up;D;712327
Key Up;Q;712663
Key Down;D;712719
Key Down;Z;712943
Key Up;D;713207
Key Down;D;713479
Key Up;D;714286
Key Down;Q;714287
Key Up;Z;714430
Key Up;Q;714582
Key Down;Z;714775
Key Down;Q;714919
Key Up;Q;715119
Key Up;Z;715191
Key Down;D;715231
Key Down;Z;715239
Key Up;Z;715319
Key Down;Z;715431
Key Up;D;715575
Key Down;D;715686
Key Up;Z;715798
Key Up;D;715982
Key Down;Q;716054
Key Up;Q;716223
Key Down;Z;716239
Key Up;Z;716447
Key Down;Q;716487
Key Up;Q;716607
Key Down;D;716967
Key Up;D;717110
Key Down;Z;718654
Key Up;Z;718919
Key Down;D;719495
Key Up;D;719687
Key Down;Q;720791
Key Up;Q;721071
Key Down;D;721438
Key Up;D;721590
Key Down;Q;721895
Key Down;Z;722007
Key Up;Q;722047
Key Down;Q;722375
Key Up;Q;722599
Key Up;Z;724519
Key Down;D;724711
Key Up;D;725031
Key Down;Q;725255
Key Up;Q;726151
Key Down;Q;726319
Key Up;Q;726799
Key Down;Z;727294
Key Down;Q;727431
Key Up;Z;727599
Key Up;Q;728279
Key Down;Z;728999
Key Down;D;729191
Key Up;Z;729359
Key Up;D;729431
Key Down;Q;732383
Key Up;Q;732575
Key Down;D;732599
Key Down;Z;732623
Key Up;D;732759
Key Down;D;733134
Key Up;D;733431
Key Up;Z;733639
Key Down;Q;733895
Key Up;Q;734127
Key Down;Z;734215
Key Down;D;734407
Key Up;Z;734998
Key Up;D;735063
Key Down;D;735351
Key Up;D;735463
Key Down;Q;736126
Key Up;Q;736230
Key Down;Q;736983
Key Up;Q;737023
Key Down;S;737247
Key Up;S;737359
Key Down;Q;741023
Key Up;Q;741223
Key Down;D;742375
Key Down;Z;742583
Key Up;Z;742902
Key Up;D;743102
Key Down;Q;743487
Key Up;Q;743591
Key Down;S;743663
Key Up;S;743991
Key Down;D;744119
Key Up;D;744206
Key Down;D;744406
Key Down;Z;744791
Key Up;D;744903
Key Up;Z;744927
Key Down;D;746191
Key Up;D;746239
Key Down;Z;747126
Key Down;Espace;747487
Key Up;Espace;747607
Key Down;Q;749239
Key Up;Z;750070
Key Up;Q;750351
Key Down;Z;750567
Key Down;Espace;751238
Key Up;Espace;751414
Key Down;Q;752079
Key Up;Z;752239
Key Up;Q;752479
Key Down;Z;752734
Key Down;D;752814
Key Up;Z;752942
Key Up;D;753183
Key Down;Q;754671
Key Up;Q;754743
Key Down;D;754759
Key Up;D;755023
Key Down;Z;755055
Key Up;Z;755207
Key Down;D;755575
Key Up;D;755703
Key Down;Q;755798
Key Down;Z;755886
Key Up;Q;755950
Key Down;Q;756367
Key Up;Q;756575
Key Down;D;757031
Key Up;Z;757238
Key Up;D;757254
Key Down;Q;757759
Key Up;Q;757903
Key Down;Z;760263
Key Down;D;760455
Key Up;Z;760535
Key Up;D;760631
Key Down;Q;760711
Key Down;Z;760719
Key Up;Q;760863
Key Down;Q;761095
Key Up;Z;761191
Key Up;Q;761263
Key Down;D;761638
Key Up;D;761687
Key Down;Z;761759
Key Up;Z;761855
Key Down;Z;763431
Key Up;Z;763527
Key Down;Q;767495
Key Up;Q;767607
Key Down;D;769358
Key Up;D;769470
Key Down;S;769847
Key Up;S;769975
Key Down;Q;769999
Key Up;Q;770063
Key Down;D;770271
Key Up;D;770423
Key Down;D;770463
Key Down;S;770655
Key Up;D;770663
Key Down;Q;770838
Key Up;S;770958
Key Up;Q;771006
Key Down;Z;771126
Key Down;Q;771375
Key Up;Q;771535
Key Down;Espace;771735
Key Up;Espace;771919
Key Down;Q;772255
Key Up;Q;772382
Key Down;Q;772831
Key Up;Q;773239
Key Down;D;773263
Key Up;Z;773351
Key Up;D;773399
Key Down;Z;774054
Key Up;Z;774447
Key Down;S;774543
Key Up;S;774639
Key Down;Z;774751
Key Down;Q;774855
Key Up;Q;775055
Key Down;D;775454
Key Up;Z;775526
Key Up;D;775678
Key Down;Q;776199
Key Down;Z;776255
Key Up;Z;776479
Key Up;Q;776727
Key Down;S;776727
Key Up;S;777006
Key Down;Q;777855
Key Up;Q;778382
Key Down;Q;778871
Key Down;Z;778991
Key Up;Q;779055
Key Up;Z;779279
Key Down;Z;779375
Key Up;Z;779575
Key Down;Z;780247
Key Up;Z;780535
Key Down;Z;782231
Key Up;Z;782422
Key Down;D;782479
Key Up;D;782574
Key Down;E;782847
Key Up;E;782999
Key Down;Z;783151
Key Up;Z;783295
Key Down;Z;783607
Key Down;E;784967
Key Up;E;785071
Key Up;Z;785087
Key Down;S;785254
Key Up;S;785622
Key Down;D;785630
Key Up;D;786063
Key Down;Q;786351
Key Up;Q;786471
Key Down;D;786495
Key Up;D;786583
Key Down;D;786958
Key Up;D;787143
Key Down;Z;787423
Key Up;Z;787679
Key Down;D;788078
Key Up;D;788294
Key Down;D;789007
Key Down;Z;789143
Key Up;D;789151
Key Up;Z;789319
Key Down;Q;790567
Key Down;Z;790671
Key Up;Q;790743
Key Down;D;790903
Key Up;Z;790958
Key Up;D;791166
Key Down;Q;791311
Key Up;Q;791527
Key Down;D;791647
Key Up;D;792183
Key Down;Z;793039
Key Down;Q;793479
Key Up;Q;793639
Key Up;Z;793671
Key Down;Z;794046
Key Down;D;794199
Key Up;D;794455
Key Down;Espace;794743
Key Up;Espace;794887
Key Down;D;795158
Key Up;Z;795366
Key Up;D;795446
Key Down;D;796071
Key Up;D;796183
Key Down;Z;796623
Key Up;Z;796702
Key Down;Q;796886
Key Up;Q;796991
Key Down;Z;816127
Key Up;Z;816351
Key Down;Z;816670
Key Up;Z;816975
Key Down;S;817335
Key Up;S;817703
Key Down;Z;817863
Key Up;Z;817974
Key Down;Z;818351
Key Down;D;818743
Key Up;D;818943
Key Up;Z;819079
Key Down;Q;819510
Key Down;Z;819743
Key Up;Z;820191
Key Up;Q;820199
Key Down;Q;820535
Key Up;Q;820607
Key Down;Z;821039
Key Down;D;821262
Key Up;D;821478
Key Up;Z;821575
Key Down;Q;824087
Key Down;Z;824103
Key Up;Q;824255
Key Up;Z;824327
Key Down;Q;825191
Key Up;Q;825239
Key Down;Q;825303
Key Up;Q;825479
Key Down;Z;826103
Key Up;Z;826287
Key Down;S;826743
Key Up;S;826839
Key Down;Z;827047
Key Up;Z;827206
Key Down;Z;827262
Key Down;D;827575
Key Up;D;827855
Key Down;Espace;827935
Key Up;Espace;828119
Key Down;D;828279
Key Up;Z;828287
Key Up;D;828367
Key Down;S;828870
Key Up;S;828991
Key Down;Q;829271
Key Up;Q;829463
Key Down;Q;830142
Key Up;Q;830286
Key Down;D;833751
Key Up;D;833919
Key Down;Q;834438
Key Up;Q;834526
Key Down;D;834711
Key Up;D;834943
Key Down;Z;836599
Key Down;D;837078
Key Down;Espace;837190
Key Up;Espace;837383
Key Up;D;837639
Key Down;D;837951
Key Up;D;838143
Key Down;E;839071
Key Up;E;839223
Key Up;Z;839263
Key Down;D;839351
Key Down;S;839687
Key Up;D;839894
Key Up;S;839927
Key Down;D;840014
Key Up;D;840142
Key Down;Q;840375
Key Up;Q;840463
Key Down;Q;840751
Key Up;Q;840807
Key Down;Z;842055
Key Up;Z;842135
Key Down;E;846399
Key Down;Q;846463
Key Up;E;846511
Key Down;Z;846639
Key Up;Q;846862
Key Down;Espace;849487
Key Down;Q;849615
Key Up;Espace;849638
Key Up;Z;849790
Key Down;S;849951
Key Up;Q;850087
Key Up;S;850503
Key Down;Z;851374
Key Down;D;851671
Key Up;D;851871
Key Down;Q;852023
Key Up;Q;852167
Key Down;D;852407
Key Up;D;852583
Key Down;Q;853134
Key Up;Q;853327
Key Down;Q;854951
Key Up;Q;855167
Key Down;Q;856975
Key Up;Q;857174
Key Down;Q;857262
Key Up;Q;857358
Key Up;Z;859110
Key Down;E;859230
Key Up;E;859351
Key Down;S;859503
Key Down;D;859527
Key Up;S;859615
Key Down;Z;859751
Key Up;D;859903
Key Down;D;864910
Key Up;D;865007
Key Down;D;865279
Key Up;D;865583
Key Down;D;865839
Key Up;D;866078
Key Down;Espace;866230
Key Up;Espace;866383
Key Down;D;866407
Key Up;Z;866575
Key Down;Z;866703
Key Up;D;866879
Key Up;Z;867079
Key Down;Z;868023
Key Up;Z;868263
Key Down;D;869086
Key Down;Z;869303
Key Up;D;869831
Key Down;D;870071
Key Up;D;870455
Key Up;Z;870943
Key Down;Q;870959
Key Down;Z;871143
Key Up;Q;871191
Key Down;Q;872527
Key Up;Z;872743
Key Up;Q;873071
Key Down;D;873151
Key Down;Z;873319
Key Up;D;873566
Key Down;E;874463
Key Up;E;874599
Key Down;D;874823
Key Up;Z;874975
Key Up;D;875383
Key Down;D;877214
Key Down;Z;877350
Key Up;Z;877575
Key Up;D;877607
Key Down;Z;877719
Key Down;Q;877831
Key Up;Q;877911
Key Down;D;877935
Key Up;Z;878087
Key Up;D;878287
Key Down;Z;878471
Key Up;Z;878663
Key Down;Z;878830
Key Down;Q;878878
Key Up;Q;879063
Key Down;D;879239
Key Up;D;879607
Key Down;D;879911
Key Up;D;880102
Key Down;D;880190
Key Down;Q;880246
Key Up;D;880270
Key Up;Z;880575
Key Down;S;880911
Key Up;S;881063
Key Up;Q;881111
Key Down;D;881175
Key Up;D;882167
Key Down;D;882263
Key Down;Z;882423
Key Up;Z;882719
Key Down;Z;883046
Key Up;D;883126
Key Down;D;883751
Key Up;Z;883783
Key Up;D;883847
Key Down;Z;884143
Key Up;Z;884334
Key Down;Q;884335
Key Up;Q;884607
Key Down;Q;884671
Key Up;Q;884823
Key Down;D;884879
Key Down;Z;885055
Key Up;D;885151
Key Down;Q;885726
Key Up;Q;885942
Key Up;Z;886015
Key Down;Q;886191
Key Down;Z;886231
Key Up;Q;886327
Key Up;Z;887039
Key Down;Z;887334
Key Down;Q;887350
Key Up;Q;887631
Key Up;Z;888031
Key Down;Z;888455
Key Up;Z;888614
Key Down;Z;891151
Key Up;Z;891278
Key Down;S;891983
Key Up;S;892143
Key Down;Q;893527
Key Up;Q;893663
Key Down;Z;894271
Key Down;D;894383
Key Up;Z;894551
Key Up;D;894751
Key Down;Q;895015
Key Up;Q;895246
Key Down;Q;895518
Key Up;Q;895703
Key Down;D;895871
Key Up;D;896015
Key Down;D;896774
Key Up;D;896982
Key Down;Q;897407
Key Up;Q;897615
Key Down;D;899103
Key Up;D;899295
Key Down;D;899558
Key Up;D;899686
Key Down;Q;900039
Key Up;Q;900159
Key Down;D;900894
Key Up;D;900982
Key Down;Q;904855
Key Up;Q;904983
Key Down;Q;905430
Key Up;Q;905679
Key Down;Q;905759
Key Down;S;905775
Key Up;S;905863
Key Up;Q;905959
Key Down;Q;906383
Key Down;Z;906550
Key Up;Q;906686
Key Down;Espace;908887
Key Up;Espace;909078
Key Down;Q;910951
Key Up;Q;911135
Key Down;D;911615
Key Up;D;911695
Key Up;Z;911703
Key Down;Q;912158
Key Up;Q;912215
Key Down;S;912695
Key Up;S;912823
Key Down;Z;970294
Key Down;D;970607
Key Up;Z;970783
Key Up;D;970879
Key Down;Z;971079
Key Down;D;971135
Key Up;Z;971351
Key Up;D;971398
Key Down;Z;971686
Key Down;Espace;972511
Key Up;Espace;972703
Key Down;D;973070
Key Up;Z;973198
Key Up;D;973767
Key Down;Q;974174
Key Up;Q;974342
Key Down;D;974823
Key Down;Z;974967
Key Up;D;975031
Key Down;Q;975199
Key Up;Q;975367
Key Up;Z;975399
Key Down;D;975455
Key Down;Z;975463
Key Up;Z;975519
Key Down;Z;975655
Key Up;D;975671
Key Up;Z;975726
Key Down;Q;975886
Key Down;Z;976014
Key Up;Q;976046
Key Down;Q;976767
Key Down;Espace;977015
Key Up;Espace;977182
Key Up;Z;977935
Key Up;Q;978295
Key Down;Q;978558
Key Down;Z;978582
Key Up;Q;978886
Key Up;Z;979223
Key Down;Z;979623
Key Up;Z;979823
Key Down;D;979831
Key Up;D;979942
Key Down;Z;980279
Key Down;Q;980463
Key Up;Q;980814
Key Down;Q;981046
Key Up;Z;981158
Key Up;Q;981294
Key Down;Q;981591
Key Down;Z;981671
Key Up;Q;981735
Key Down;Q;982175
Key Up;Q;982334
Key Up;Z;982374
Key Down;Z;982495
Key Up;Z;982694
Key Down;Q;983095
Key Up;Q;983335
Key Down;D;983527
Key Down;Z;983670
Key Up;D;983711
Key Down;Q;983894
Key Up;Q;984255
Key Up;Z;984439
Key Down;Z;984727
Key Up;Z;984855
Key Down;S;985110
Key Up;S;985318
Key Down;S;985887
Key Up;S;986039
Key Down;Q;986303
Key Down;Z;986407
Key Up;Q;986527
Key Down;Q;987455
Key Up;Z;987647
Key Up;Q;987663
Key Down;Z;987719
Key Down;Espace;987871
Key Down;Q;987982
Key Up;Espace;988023
Key Up;Q;988374
Key Down;D;988559
Key Up;D;988663
Key Down;D;988983
Key Up;Z;989183
Key Up;D;989415
Key Down;Q;989590
Key Down;Z;989726
Key Up;Q;989815
Key Down;Espace;990367
Key Up;Espace;990471
Key Down;D;990799
Key Up;Z;990934
Key Down;Z;991287
Key Up;D;991591
Key Down;D;992478
Key Up;D;992590
Key Up;Z;992663
Key Down;Q;992679
Key Up;Q;992839
Key Down;D;993127
Key Down;Z;993159
Key Up;D;993207
Key Down;Q;993974
Key Up;Q;994199
Key Down;Espace;994287
Key Up;Espace;994423
Key Down;D;994471
Key Up;D;994687
Key Down;Q;994831
Key Up;Q;995471
Key Down;Q;996023
Key Up;Z;996055
Key Down;Z;996414
Key Up;Q;996574
Key Down;Q;997231
Key Up;Q;997670
Key Down;Espace;998182
Key Up;Espace;998391
Key Down;Q;999166
Key Up;Q;999943
Key Down;D;1000359
Key Up;D;1000886
Key Down;Q;1001463
Key Up;Z;1002711
Key Down;Z;1002871
Key Up;Q;1003023
Key Up;Z;1003606
Key Down;S;1004039
Key Down;Q;1004159
Key Up;S;1004199
Key Down;Z;1004431
Key Up;Q;1004471
Key Down;D;1005030
Key Up;D;1005182
Key Down;Q;1005238
Key Up;Q;1005591
Key Down;Q;1006055
Key Up;Q;1006646
Key Down;Q;1007015
Key Up;Q;1007231
Key Down;D;1007463
Key Up;D;1007686
Key Down;D;1007894
Key Up;D;1008143
Key Down;Q;1008351
Key Up;Q;1008711
Key Down;Q;1008967
Key Up;Q;1009206
Key Down;D;1009511
Key Up;D;1009743
Key Down;Espace;1010047
Key Up;Espace;1010183
Key Down;Q;1010223
Key Up;Z;1010399
Key Up;Q;1010582
Key Down;Q;1011151
Key Down;Z;1011559
Key Up;Q;1011799
Key Up;Z;1012198
Key Down;Z;1013223
Key Up;Z;1013590
Key Down;Q;1013807
Key Down;Z;1014215
Key Up;Z;1014479
Key Up;Q;1014974
Key Down;Z;1015175
Key Down;Q;1015239
Key Up;Z;1015431
Key Up;Q;1016079
Key Down;Z;1016438
Key Down;D;1016663
Key Up;Z;1016815
Key Up;D;1016919
Key Down;Q;1016935
Key Down;Z;1017103
Key Up;Q;1017175
Key Down;D;1017774
Key Up;Z;1017958
Key Up;D;1018031
Key Down;Q;1018319
Key Up;Q;1018614
Key Down;Q;1018943
Key Down;Z;1019103
Key Up;Q;1019175
Key Down;D;1019351
Key Up;Z;1019575
Key Up;D;1019974
Key Down;Q;1020046
Key Up;Q;1020231
Key Down;Z;1020479
Key Down;D;1020559
Key Up;D;1020743
Key Down;Q;1020775
Key Up;Z;1020943
Key Down;Z;1021254
Key Up;Q;1021358
Key Up;Z;1021398
Key Down;D;1021494
Key Up;D;1021567
Key Down;Z;1021735
Key Up;Z;1021903
Key Down;Z;1021975
Key Down;D;1021999
Key Up;D;1022199
Key Up;Z;1022239
Key Down;Q;1022295
Key Down;Z;1022470
Key Up;Q;1022558
Key Down;D;1022934
Key Up;D;1023095
Key Down;Q;1023223
Key Up;Q;1023431
Key Down;D;1023439
Key Up;D;1023823
Key Down;Q;1024431
Key Up;Q;1024775
Key Down;D;1025662
Key Up;D;1026623
Key Down;D;1026742
Key Up;D;1026918
Key Up;Z;1027455
Key Down;D;1028198
Key Up;D;1028831
Key Down;Z;1029391
Key Up;Z;1029567
Key Down;Z;1030670
Key Down;Q;1030886
Key Up;Z;1030950
Key Down;S;1031151
Key Up;Q;1031207
Key Up;S;1031319
Key Down;Q;1031327
Key Up;Q;1031495
Key Down;Z;1031503
Key Down;D;1031703
Key Up;Z;1031838
Key Down;Z;1032142
Key Up;D;1032190
Key Up;Z;1032487
Key Down;Z;1032831
Key Up;Z;1033071
Key Down;Z;1033422
Key Up;Z;1033702
Key Down;D;1033846
Key Up;D;1033999
Key Down;Z;1034023
Key Up;Z;1034247
Key Down;Z;1034607
Key Down;Q;1035103
Key Up;Q;1035350
Key Down;D;1036039
Key Up;D;1036630
Key Up;Z;1036878
Key Down;Z;1037247
Key Down;Q;1037367
Key Up;Q;1037623
Key Down;D;1037910
Key Up;D;1038062
Key Down;Q;1038198
Key Up;Q;1038583
Key Down;Q;1038975
Key Up;Z;1039207
Key Up;Q;1039478
Key Down;Z;1039566
Key Down;Q;1039871
Key Up;Z;1039887
Key Up;Q;1040039
Key Down;Z;1040215
Key Down;D;1040351
Key Up;D;1040519
Key Up;Z;1040639
Key Down;S;1040806
Key Up;S;1041198
Key Down;Z;1041919
Key Up;Z;1042230
Key Down;Espace;1042406
Key Down;Z;1042414
Key Up;Espace;1042590
Key Up;Z;1043191
Key Down;D;1043479
Key Down;Z;1043590
Key Up;D;1044167
Key Down;D;1044607
Key Up;Z;1044966
Key Down;Z;1045543
Key Up;D;1045975
Key Down;Q;1046143
Key Up;Q;1046606
Key Down;Q;1046766
Key Up;Z;1047015
Key Down;Z;1047223
Key Up;Q;1047335
Key Down;D;1047639
Key Up;D;1047783
Key Down;Espace;1047894
Key Up;Espace;1048055
Key Down;Q;1048791
Key Up;Q;1048975
Key Down;D;1049095
Key Up;D;1049702
Key Down;Espace;1050015
Key Down;Q;1050207
Key Up;Espace;1050215
Key Up;Q;1050622
Key Down;D;1050774
Key Up;D;1051062
Key Down;D;1051311
Key Up;D;1052055
Key Down;Espace;1052222
Key Up;Espace;1052671
Key Down;D;1052751
Key Up;D;1052863
Key Down;Q;1052943
Key Up;Q;1053135
Key Down;D;1053798
Key Up;D;1054135
Key Down;D;1054535
Key Up;Z;1054942
Key Down;Z;1055094
Key Up;D;1055479
Key Down;D;1055839
Key Up;D;1056135
Key Down;Espace;1056622
Key Up;Espace;1056799
Key Down;D;1057103
Key Up;D;1057239
Key Up;Z;1059382
Key Down;D;1060039
Key Up;D;1060191
Key Down;Q;1060351
Key Down;S;1060566
Key Up;Q;1060806
Key Down;Q;1060958
Key Up;S;1061015
Key Up;Q;1061415
Key Down;Z;1061575
Key Up;Z;1061870
Key Down;Q;1061910
Key Down;Z;1062078
Key Up;Z;1062150
Key Down;S;1062342
Key Up;Q;1062647
Key Up;S;1062711
Key Down;Z;1067511
Key Down;D;1067950
Key Up;D;1068239
Key Up;Z;1068511
Key Down;S;1068823
Key Up;S;1069038
Key Down;Q;1069198
Key Up;Q;1069286
Key Down;D;1069895
Key Up;D;1070023
Key Down;Q;1070175
Key Up;Q;1070310
Key Down;Z;1070494
Key Up;Z;1070686
Key Down;D;1070782
Key Up;D;1070911
Key Down;Q;1071079
Key Up;Q;1071151
Key Down;Z;1071287
Key Down;D;1071343
Key Up;D;1071431
Key Up;Z;1071447
Key Down;Z;1071766
Key Up;Z;1071998
Key Down;Q;1072631
Key Down;Z;1072647
Key Up;Q;1072855
Key Down;Q;1073047
Key Up;Z;1073175
Key Up;Q;1073446
Key Down;S;1073478
Key Up;S;1073767
Key Down;D;1073983
Key Up;D;1074135
Key Down;Q;1074670
Key Down;Z;1075063
Key Up;Q;1075223
Key Down;Q;1075439
Key Up;Q;1075631
Key Up;Z;1075871
Key Down;Q;1075919
Key Up;Q;1076086
Key Down;D;1076110
Key Up;D;1076374
Key Down;Q;1076567
Key Up;Q;1076815
Key Down;D;1076887
Key Up;D;1076951
Key Down;Q;1076999
Key Up;Q;1077135
Key Down;D;1077159
Key Down;Z;1077351
Key Up;D;1077375
Key Down;Q;1077582
Key Up;Z;1078095
Key Up;Q;1078519
Key Down;S;1078519
Key Up;S;1078886
Key Down;Q;1079102
Key Up;Q;1079343
Key Down;Z;1079487
Key Down;D;1079695
Key Up;Z;1079839
Key Up;D;1079847
Key Down;D;1080286
Key Down;Z;1080679
Key Up;D;1081175
Key Down;D;1082327
Key Up;D;1082431
Key Down;Q;1082551
Key Up;Z;1082671
Key Up;Q;1082727
Key Down;Q;1082886
Key Up;Q;1083054
Key Down;Q;1086791
Key Down;Z;1086967
Key Up;Q;1087110
Key Down;Q;1087222
Key Up;Q;1087414
Key Down;D;1087558
Key Up;D;1087807
Key Down;Q;1087871
Key Up;Q;1088087
Key Down;Q;1088319
Key Up;Q;1088999
Key Down;Q;1089391
Key Up;Z;1089567
Key Up;Q;1089583
Key Down;Q;1089774
Key Down;Z;1090062
Key Up;Q;1090094
Key Up;Z;1090198
Key Down;Z;1090655
Key Up;Z;1090783
Key Down;Espace;1090919
Key Up;Espace;1091055
Key Down;S;1091063
Key Down;Q;1091095
Key Up;Q;1091294
Key Up;S;1091303
Key Down;D;1091438
Key Down;S;1091550
Key Down;Q;1091606
Key Up;D;1091614
Key Up;S;1091967
Key Down;Z;1092047
Key Up;Q;1092079
Key Down;D;1092143
Key Up;Z;1092239
Key Up;D;1092295
Key Down;Q;1092439
Key Up;Q;1092511
Key Down;Z;1092654
Key Up;Z;1092782
Key Down;S;1093014
Key Up;S;1093247
Key Down;D;1093543
Key Up;D;1093623
Key Down;S;1093631
Key Up;S;1093839
Key Down;S;1093935
Key Up;S;1094182
Key Down;D;1094286
Key Down;Z;1094382
Key Up;D;1094390
Key Down;Q;1094406
Key Up;Z;1094470
Key Down;S;1094574
Key Up;Q;1094582
Key Down;D;1094607
Key Up;D;1094903
Key Down;Q;1094967
Key Up;S;1095199
Key Up;Q;1095239
Key Down;Z;1095902
Key Up;Z;1096207
Key Down;Q;1096319
Key Down;Z;1096407
Key Up;Q;1096495
Key Down;D;1096615
Key Up;D;1096999
Key Down;Q;1097174
Key Up;Q;1097535
Key Up;Z;1097711
Key Down;D;1097855
Key Up;D;1097975
Key Down;Q;1097999
Key Down;D;1098127
Key Up;Q;1098159
Key Up;D;1098239
Key Down;Q;1098271
Key Up;Q;1098534
Key Down;D;1098622
Key Up;D;1098879
Key Down;Z;1098927
Key Up;Z;1099575
Key Down;Q;1099854
Key Up;Q;1100094
Key Down;D;1100110
Key Up;D;1100287
Key Down;Q;1100383
Key Up;Q;1100895
Key Down;D;1101095
Key Up;D;1101302
Key Down;Q;1101711
Key Up;Q;1101927
Key Down;D;1102071
Key Up;D;1102199
Key Down;Q;1102439
Key Up;Q;1102606
Key Down;D;1102742
Key Up;D;1102822
Key Down;Z;1103575
Key Down;Q;1106647
Key Up;Q;1106806
Key Up;Z;1107687
Key Down;Z;1109686
Key Up;Z;1109846
Key Down;Q;1110183
Key Up;Q;1110255
Key Down;Z;1110255
Key Down;D;1110511
Key Up;D;1110607
Key Up;Z;1110639
Key Down;Z;1111006
Key Up;Z;1111206
Key Down;Z;1111478
Key Up;Z;1111735
Key Down;Z;1111919
Key Up;Z;1112318
Key Down;Z;1112478
Key Up;Z;1112734
Key Down;S;1113567
Key Down;E;1113670
Key Up;S;1113726
Key Down;Q;1113807
Key Up;E;1113846
Key Up;Q;1113910
Key Down;Q;1113998
Key Down;Z;1114078
Key Up;Z;1114246
Key Down;Z;1114351
Key Up;Q;1114535
Key Up;Z;1114727
Key Down;D;1115358
Key Up;D;1115526
Key Down;D;1115991
Key Down;Z;1116031
Key Up;D;1116319
Key Up;Z;1116766
Key Down;Q;1117046
Key Up;Q;1117102
Key Down;Z;1117183
Key Down;Q;1117751
Key Down;E;1118270
Key Up;E;1118366
Key Up;Z;1118382
Key Up;Q;1118534
Key Down;D;1118767
Key Up;D;1118887
Key Down;Z;1119039
Key Down;Q;1119167
Key Up;Q;1119598
Key Down;Q;1119846
Key Up;Z;1119894
Key Up;Q;1119935
Key Down;E;1119951
Key Up;E;1120055
Key Down;S;1120151
Key Down;D;1120199
Key Up;S;1120279
Key Up;D;1120431
Key Down;Z;1120439
Key Down;Q;1120607
Key Up;Z;1120758
Key Up;Q;1120886
Key Down;Z;1120910
Key Down;Q;1120998
Key Up;Q;1121070
Key Down;D;1122199
Key Up;D;1122494
Key Down;D;1122758
Key Up;Z;1123007
Key Down;Z;1123231
Key Up;Z;1123423
Key Up;D;1123647
Key Down;Z;1123887
Key Up;Z;1124031
Key Down;E;1127679
Key Up;E;1127823
Key Down;Q;1129726
Key Up;Q;1129926
Key Down;E;1130271
Key Up;E;1130431
Key Down;D;1130751
Key Up;D;1130815
Key Down;D;1131094
Key Up;D;1131198
Key Down;E;1164919
Key Up;E;1165063
Key Down;E;1165830
Key Up;E;1166014
Key Down;E;1166926
Key Up;E;1167046
Key Down;E;1167214
Key Up;E;1167414
Key Down;E;1167487
Key Down;Z;1167511
Key Up;E;1167623
Key Up;Z;1167711
Key Down;S;1168103
Key Up;S;1168335
Key Down;Z;1168495
Key Up;Z;1168655
Key Down;D;1175438
Key Up;D;1175551
Key Down;Left Alt;1176606
Key Down;Tab;1176678
Key Up;Left Alt;1177156
Key Up;Tab;1177248
