Event;Key;Time
Key Down;Left Alt;412
Key Down;Tab;484
Key Up;Tab;587
Key Up;Left Alt;1443
Key Down;Espace;10276
Key Up;Espace;10356
Key Down;Echap;12771
Key Up;Echap;12891
Key Down;A;35051
Key Up;A;35179
Key Down;A;39403
Key Up;A;39515
Key Down;A;40195
Key Up;A;40467
Key Down;A;40827
Key Up;A;41851
Key Down;F;55539
Key Up;F;56123
Key Down;F;57163
Key Up;F;58083
Key Down;F;83507
Key Up;F;83835
Key Down;A;90035
Key Up;A;90195
Key Down;Z;91571
Key Down;D;92483
Key Up;D;92963
Key Down;Espace;93379
Key Up;Espace;93555
Key Up;Z;94323
Key Down;D;94467
Key Down;Z;94728
Key Up;D;95011
Key Up;Z;95163
Key Down;Z;95739
Key Up;Z;96027
Key Down;Espace;102787
Key Up;Espace;102931
Key Down;Espace;103714
Key Up;Espace;103875
Key Down;F;104963
Key Up;F;105427
Key Down;Q;107843
Key Up;Q;108099
Key Down;F;108243
Key Up;F;108539
Key Down;F;109003
Key Up;F;109347
Key Down;S;109875
Key Up;S;110171
Key Down;Z;110987
Key Up;Z;111459
Key Down;F;112467
Key Up;F;112635
Key Down;Z;113899
Key Down;D;114930
Key Up;D;115130
Key Up;Z;115259
Key Down;Z;115819
Key Up;Z;116027
Key Down;Z;120035
Key Up;Z;120251
Key Down;Z;120315
Key Up;Z;120915
Key Down;Z;121795
Key Up;Z;122907
Key Down;Z;124475
Key Down;Q;125179
Key Up;Z;125203
Key Up;Q;126370
Key Down;Z;127275
Key Up;Z;128795
Key Down;Z;129026
Key Up;Z;129419
Key Down;Z;130490
Key Down;Q;131035
Key Up;Z;131163
Key Down;Z;131962
Key Up;Q;131986
Key Down;Q;132523
Key Up;Z;132595
Key Up;Q;132915
Key Down;Q;133434
Key Down;Z;133723
Key Up;Q;133891
Key Up;Z;133907
Key Down;Z;134515
Key Down;Q;135267
Key Up;Z;135995
Key Up;Q;136226
Key Down;D;136379
Key Down;Z;136571
Key Up;D;137003
Key Down;D;137803
Key Up;D;138403
Key Down;D;138531
Key Up;D;139523
Key Up;Z;140019
Key Down;D;140827
Key Up;D;141403
Key Down;S;141427
Key Up;S;141914
Key Down;Z;144131
Key Up;Z;144843
Key Down;Q;145970
Key Up;Q;146050
Key Down;Z;147123
Key Up;Z;147474
Key Down;Z;148107
Key Up;Z;148571
Key Down;S;149179
Key Up;S;149347
Key Down;Z;149667
Key Up;Z;149923
Key Down;D;150210
Key Up;D;150386
Key Down;F;152035
Key Up;F;152123
Key Down;F;152267
Key Up;F;152355
Key Down;F;152459
Key Up;F;152571
Key Down;F;152691
Key Up;F;152779
Key Down;F;152914
Key Up;F;153002
Key Down;Q;153226
Key Up;Q;153475
Key Down;S;153515
Key Up;S;153611
Key Down;S;153659
Key Up;S;153739
Key Down;Z;154674
Key Up;Z;154987
Key Down;Z;155355
Key Down;D;161362
Key Up;D;161698
Key Down;Q;165139
Key Up;Q;165738
Key Up;Z;166203
Key Down;D;168723
Key Up;D;168787
Key Down;Z;169603
Key Up;Z;169746
Key Down;S;170779
Key Up;S;171027
Key Down;D;176810
Key Up;D;177098
Key Down;Q;177259
Key Up;Q;177707
Key Down;D;180691
Key Down;Z;180978
Key Up;D;181483
Key Up;Z;184979
Key Down;Z;186275
Key Up;Z;187779
Key Down;Z;188242
Key Down;Espace;189546
Key Up;Espace;189658
Key Down;Espace;192115
Key Up;Espace;192322
Key Up;Z;193794
Key Down;Z;196075
Key Down;Q;196522
Key Up;Q;196930
Key Up;Z;197563
Key Down;Z;198114
Key Up;Z;198435
Key Down;F;198667
Key Up;F;198851
Key Down;F;199027
Key Up;F;199075
Key Down;F;199187
Key Up;F;199466
Key Down;F;199602
Key Up;F;199690
Key Down;Q;200643
Key Up;Q;200794
Key Down;Z;200946
Key Up;Z;201130
Key Down;F;201307
Key Up;F;201427
Key Down;F;201619
Key Up;F;201715
Key Down;F;201939
Key Up;F;202059
Key Down;Q;202570
Key Up;Q;202832
Key Down;D;203898
Key Up;D;204042
Key Down;Z;204219
Key Up;Z;204387
Key Down;F;204523
Key Up;F;204611
Key Down;F;204723
Key Up;F;204795
Key Down;Z;205378
Key Down;Q;206570
Key Up;Q;206882
Key Down;D;210307
Key Up;D;210634
Key Up;Z;211779
Key Down;Q;211795
Key Up;Q;212210
Key Down;Z;212619
Key Up;Z;212755
Key Down;F;212891
Key Up;F;213003
Key Down;F;213858
Key Up;F;214019
Key Down;F;214499
Key Up;F;214619
Key Down;E;215691
Key Up;E;215787
Key Down;D;216226
Key Up;D;216418
Key Down;Z;217786
Key Down;E;219482
Key Up;Z;219506
Key Up;E;219586
Key Down;Q;219827
Key Down;Z;220051
Key Up;Z;220610
Key Up;Q;221010
Key Down;S;221267
Key Up;S;221411
Key Down;E;221898
Key Up;E;222002
Key Down;Z;222699
Key Down;D;222915
Key Up;Z;223122
Key Up;D;223306
Key Down;Q;223402
Key Up;Q;223778
Key Down;Z;224179
Key Up;Z;224315
Key Down;E;224547
Key Up;E;224642
Key Down;Q;225010
Key Up;Q;225130
Key Down;Z;225707
Key Up;Z;225787
Key Down;D;226034
Key Up;D;226098
Key Down;Q;226506
Key Up;Q;226578
Key Down;S;227107
Key Up;S;227195
Key Down;D;227450
Key Up;D;227530
Key Down;Z;227866
Key Up;Z;227930
Key Down;E;228347
Key Up;E;228443
Key Down;D;229050
Key Down;Z;229186
Key Up;D;229490
Key Down;D;233178
Key Up;D;234139
Key Down;Espace;234890
Key Up;Z;234914
Key Up;Espace;235050
Key Down;Espace;235834
Key Up;Espace;235994
Key Down;Q;236010
Key Up;Q;236675
Key Down;Espace;237027
Key Up;Espace;237195
Key Down;Z;237738
Key Up;Z;238483
Key Down;E;238722
Key Up;E;238866
Key Down;D;239194
Key Up;D;239563
Key Down;Z;240338
Key Up;Z;240626
Key Down;Q;241219
Key Up;Q;241379
Key Down;E;249675
Key Up;E;249803
Key Down;Z;250650
Key Up;Z;250925
Key Down;D;253394
Key Down;Z;253859
Key Up;D;254051
Key Up;Z;254642
Key Down;Z;254762
Key Up;Z;254826
Key Down;Z;255075
Key Up;Z;255522
Key Down;Q;255666
Key Up;Q;256258
Key Down;Z;256507
Key Down;D;256539
Key Up;D;256939
Key Down;Q;257090
Key Down;Espace;257122
Key Up;Espace;257266
Key Up;Z;257490
Key Up;Q;257522
Key Down;Q;257730
Key Up;Q;258003
Key Down;F;258650
Key Up;F;258738
Key Down;Espace;259138
Key Up;Espace;259347
Key Down;F;259723
Key Up;F;259858
Key Down;Q;260386
Key Down;Z;261123
Key Up;Z;261378
Key Up;Q;261586
Key Down;Z;261818
Key Up;Z;262010
Key Down;E;262275
Key Up;E;262427
Key Down;Q;263402
Key Down;Z;263531
Key Down;Espace;263803
Key Up;Q;263819
Key Up;Espace;263971
Key Up;Z;264034
Key Down;D;264995
Key Down;Z;265075
Key Up;Z;265354
Key Up;D;265370
Key Down;Espace;266002
Key Up;Espace;266178
Key Down;D;266866
Key Up;D;267018
Key Down;D;267234
Key Down;Z;267402
Key Up;D;267474
Key Up;Z;267594
Key Down;E;268155
Key Up;E;268258
Key Down;Q;268514
Key Down;Z;268634
Key Up;Z;268810
Key Up;Q;268826
Key Down;Q;269010
Key Up;Q;269139
Key Down;Espace;269331
Key Up;Espace;269459
Key Down;Espace;270282
Key Up;Espace;270434
Key Down;D;270635
Key Down;Z;270659
Key Up;D;270795
Key Up;Z;270867
Key Down;Espace;271634
Key Up;Espace;271802
Key Down;E;272474
Key Up;E;272594
Key Down;Z;273234
Key Down;D;273731
Key Up;D;274434
Key Down;Espace;275298
Key Up;Espace;275578
Key Down;Q;275858
Key Up;Q;276507
Key Up;Z;276778
Key Down;Z;276986
Key Down;Espace;277034
Key Up;Espace;277386
Key Up;Z;277570
Key Down;Z;278027
Key Down;Espace;278059
Key Up;Espace;278418
Key Down;Espace;278914
Key Up;Espace;279235
Key Down;E;279331
Key Up;E;279458
Key Up;Z;279474
Key Down;D;279994
Key Down;Z;280906
Key Up;D;281114
Key Down;D;281162
Key Up;Z;281915
Key Down;S;282115
Key Up;S;282322
Key Down;Z;282410
Key Up;D;282562
Key Down;D;285738
Key Up;D;286179
Key Up;Z;286578
Key Down;D;286762
Key Up;D;286858
Key Down;D;289163
Key Up;D;289339
Key Down;D;290579
Key Up;D;290778
Key Down;Q;292242
Key Up;Q;292538
Key Down;D;293970
Key Down;Z;294282
Key Up;D;294731
Key Up;Z;294891
Key Down;Q;295690
Key Up;Q;296482
Key Down;Q;296970
Key Up;Q;297226
Key Down;Z;297802
Key Up;Z;297946
Key Down;Q;297978
Key Up;Q;298274
Key Down;D;299458
Key Up;D;299658
Key Down;Z;302378
Key Down;D;302578
Key Up;D;304274
Key Up;Z;304450
Key Down;D;304539
Key Up;D;304818
Key Down;Z;304866
Key Up;Z;304999
Key Down;Z;305826
Key Up;Z;305955
Key Down;Q;306658
Key Down;Z;306826
Key Up;Z;306978
Key Up;Q;307026
Key Down;Z;307098
Key Down;D;307274
Key Up;Z;307315
Key Up;D;307515
Key Down;D;307666
Key Up;D;307794
Key Down;Z;308843
Key Up;Z;308955
Key Down;Z;310498
Key Down;D;310682
Key Up;Z;310730
Key Up;D;310810
Key Down;D;310978
Key Down;Z;311138
Key Up;D;311154
Key Up;Z;311250
Key Down;Z;313203
Key Up;Z;313626
Key Down;D;313738
Key Up;D;313890
Key Down;Q;315378
Key Up;Q;315650
Key Down;D;316930
Key Up;D;317058
Key Down;Q;317426
Key Up;Q;317546
Key Down;D;317674
Key Up;D;317842
Key Down;Q;319074
Key Up;Q;319482
Key Down;D;319754
Key Up;D;319986
Key Down;D;326906
Key Up;D;327131
Key Down;Z;327498
Key Down;D;327682
Key Up;Z;327738
Key Up;D;327930
Key Down;Z;328770
Key Down;D;330778
Key Down;Q;333442
Key Up;D;333482
Key Up;Q;333850
Key Up;Z;333970
Key Down;D;335114
Key Up;D;335290
Key Down;Z;337035
Key Up;Z;337123
Key Down;Z;337754
Key Down;D;338002
Key Up;D;338338
Key Up;Z;338387
Key Down;Z;340666
Key Down;D;340682
Key Up;Z;340722
Key Down;Z;340746
Key Up;D;340922
Key Down;Q;344050
Key Up;Z;344131
Key Up;Q;344410
Key Down;A;344786
Key Up;A;344914
Key Down;A;345818
Key Up;A;345962
Key Down;A;346282
Key Up;A;347226
Key Down;D;357002
Key Up;D;357162
Key Down;S;357418
Key Up;S;357570
Key Down;Z;391642
Key Down;D;392434
Key Up;Z;392466
Key Down;Z;393122
Key Up;D;393210
Key Down;Espace;394506
Key Up;Espace;394594
Key Down;D;395161
Key Up;D;395258
Key Up;Z;395474
Key Down;A;396434
Key Up;A;396554
Key Down;A;397290
Key Up;A;397818
Key Down;Z;399290
Key Down;Espace;399994
Key Up;Espace;400098
Key Down;Espace;400410
Key Up;Espace;400474
Key Up;Z;403170
Key Down;Z;403322
Key Down;Espace;403714
Key Up;Espace;403866
Key Down;D;405314
Key Up;D;405410
Key Up;Z;405578
Key Down;Z;406610
Key Up;Z;407986
Key Down;Z;411658
Key Down;Q;412498
Key Up;Q;412794
Key Down;Espace;414058
Key Up;Espace;414186
Key Down;Espace;414953
Key Up;Espace;415130
Key Down;Q;417138
Key Up;Q;418202
Key Down;Q;420178
Key Up;Z;420242
Key Up;Q;420370
Key Down;S;420778
Key Up;S;421010
Key Down;D;421026
Key Up;D;421154
Key Down;Espace;426554
Key Up;Espace;426650
Key Down;Z;445674
Key Up;Z;449217
Key Down;Q;454066
Key Up;Q;454178
Key Down;D;455146
Key Down;Z;455434
Key Up;D;455530
Key Up;Z;456410
Key Down;Z;457577
Key Down;Q;457665
Key Up;Q;457962
Key Up;Z;457970
Key Down;Q;458106
Key Down;Z;458202
Key Up;Z;458418
Key Up;Q;458458
Key Down;D;458698
Key Up;D;459105
Key Down;D;459370
Key Up;D;459810
Key Down;Z;459834
Key Down;Q;460289
Key Up;Q;460457
Key Up;Z;460553
Key Down;Z;460882
Key Down;D;461482
Key Up;Z;461833
Key Up;D;462450
Key Down;Z;462714
Key Up;Z;462906
Key Down;D;463137
Key Up;D;463337
Key Down;Tab;463425
Key Up;Tab;464026
Key Down;Tab;464042
Key Down;D;464537
Key Up;D;464649
Key Down;S;464882
Key Up;S;464938
Key Up;Tab;466570
Key Down;D;468682
Key Down;Z;468857
Key Up;D;470746
Key Up;Z;471018
Key Down;Q;471346
Key Up;Q;471577
Key Down;Q;471809
Key Up;Q;472394
Key Down;Z;472969
Key Down;Q;473073
Key Up;Z;473634
Key Up;Q;473714
Key Down;Z;474274
Key Down;Q;474505
Key Up;Z;474537
Key Up;Q;474641
Key Down;D;474898
Key Up;D;475442
Key Down;S;475753
Key Up;S;475905
Key Down;D;475977
Key Down;Z;476282
Key Up;D;476546
Key Up;Z;476834
Key Down;Q;477617
Key Down;Z;477729
Key Up;Q;477825
Key Up;Z;477961
Key Down;D;478122
Key Up;D;478642
Key Down;Z;478682
Key Down;Q;478969
Key Up;Q;479121
Key Up;Z;479161
Key Down;Q;479514
Key Down;Z;480529
Key Up;Q;480553
Key Down;D;480889
Key Up;D;480978
Key Down;Q;481314
Key Up;Z;481370
Key Up;Q;481777
Key Down;S;481905
Key Up;S;482073
Key Down;D;482354
Key Up;D;482410
Key Down;Z;499786
Key Up;Z;501170
Key Down;Z;501529
Key Up;Z;501897
Key Down;Z;502922
Key Up;Z;503633
Key Down;Q;503913
Key Up;Q;504122
Key Down;Q;506385
Key Down;Z;506665
Key Up;Q;506970
Key Down;D;507186
Key Up;D;507338
Key Up;Z;507809
Key Down;Z;508578
Key Down;Q;508770
Key Up;Z;508802
Key Down;Z;508858
Key Up;Z;508978
Key Up;Q;509105
Key Down;Z;509569
Key Up;Z;509842
Key Down;D;510306
Key Up;D;510458
Key Down;D;514817
Key Up;D;514961
Key Down;Z;515282
Key Down;Espace;516033
Key Up;Espace;516193
Key Down;Q;516217
Key Up;Z;517018
Key Down;Z;517137
Key Up;Q;517201
Key Up;Z;517705
Key Down;D;521977
Key Up;D;522306
Key Down;Z;526866
Key Up;Z;529153
Key Down;Z;529434
Key Down;Q;530161
Key Up;Q;530682
Key Up;Z;531034
Key Down;S;531521
Key Down;D;531753
Key Up;D;531937
Key Up;S;532010
Key Down;A;532242
Key Up;A;532274
Key Down;A;532801
Key Up;A;533257
Key Down;Z;537090
Key Up;Z;537457
Key Down;Z;538849
Key Down;Q;538969
Key Up;Z;539097
Key Up;Q;539290
Key Down;Z;539722
Key Down;D;540401
Key Up;D;540634
Key Down;Espace;541353
Key Up;Espace;541617
Key Down;Espace;542945
Key Up;Espace;543105
Key Down;D;544081
Key Up;Z;544193
Key Up;D;544409
Key Down;Z;545018
Key Down;D;546714
Key Up;D;547121
Key Up;Z;547249
Key Down;Z;547906
Key Up;Z;548154
Key Down;Q;548737
Key Up;Q;548873
Key Down;Z;551721
Key Down;D;552234
Key Up;D;553025
Key Down;D;553129
Key Up;Z;553145
Key Up;D;553313
Key Down;S;553338
Key Up;S;553618
Key Down;Z;554105
Key Down;Espace;554409
Key Up;Espace;554577
Key Up;Z;554810
Key Down;Z;581081
Key Down;Espace;583217
Key Up;Espace;583393
Key Down;D;584401
Key Up;D;584825
Key Up;Z;586586
Key Down;E;587065
Key Up;E;587233
Key Down;Q;589474
Key Up;Q;589681
Key Down;D;592497
Key Down;Z;592753
Key Up;D;593329
Key Up;Z;594146
