Event;Key;Time
Key Up;Left Alt;461
Key Up;Tab;493
Key Down;Z;1573
Key Up;Z;1718
Key Down;Entrée;2029
Key Up;Entrée;2109
Key Down;Z;2405
Key Up;Z;3133
Key Down;Z;3253
Key Down;Espace;6333
Key Up;Espace;7093
Key Down;Left Shift;7597
Key Up;Left Shift;8077
Key Down;Espace;10389
Key Down;Left Shift;10621
Key Up;Espace;10637
Key Up;Left Shift;11029
Key Down;Left Shift;11517
Key Up;Left Shift;11941
Key Down;Espace;13453
Key Up;Espace;13597
Key Down;Espace;14573
Key Up;Espace;15101
Key Down;Espace;18117
Key Up;Espace;18309
Key Down;Left Shift;21381
Key Up;Left Shift;21557
Key Down;Espace;22605
Key Up;Espace;22860
Key Down;Espace;23541
Key Up;Espace;23973
Key Down;Espace;24733
Key Up;Espace;24989
Key Down;Espace;25461
Key Up;Espace;26093
Key Down;Espace;26181
Key Up;Espace;26501
Key Down;Espace;26597
Key Up;Espace;27349
Key Down;Espace;27501
Key Up;Espace;27917
Key Down;Espace;28140
Key Up;Espace;28301
Key Down;Espace;28429
Key Up;Espace;28709
Key Down;Espace;30165
Key Up;Espace;30773
Key Down;Espace;33133
Key Up;Espace;33517
Key Down;Q;34789
Key Up;Q;34941
Key Down;D;35341
Key Up;D;35709
Key Down;Q;37541
Key Up;Q;37765
Key Down;Q;38693
Key Up;Q;39173
Key Down;D;39997
Key Up;D;40189
Key Down;Espace;42357
Key Up;Espace;42604
Key Down;Left Shift;44861
Key Up;Left Shift;45436
Key Down;Espace;45541
Key Up;Espace;45869
Key Down;Espace;47669
Key Up;Espace;47997
Key Down;Espace;52701
Key Down;Q;53621
Key Up;Espace;53956
Key Up;Q;53972
Key Down;Espace;59269
Key Up;Espace;59428
Key Down;Left Shift;59661
Key Up;Left Shift;59877
Key Down;Espace;67709
Key Up;Espace;67956
Key Down;Q;68805
Key Up;Q;69085
Key Down;Espace;69468
Key Up;Espace;69877
Key Down;Espace;71565
Key Up;Espace;72252
Key Down;Espace;73893
Key Up;Espace;74189
Key Down;Espace;74845
Key Up;Espace;74980
Key Down;Left Shift;81629
Key Up;Left Shift;81892
Key Down;Espace;96132
Key Up;Espace;96340
Key Down;D;98197
Key Up;D;98405
Key Down;Q;100716
Key Up;Q;101093
Key Down;Q;101357
Key Up;Q;101764
Key Down;D;103556
Key Up;D;103861
Key Down;Espace;103989
Key Up;Espace;104213
Key Down;Espace;109461
Key Up;Espace;109629
Key Down;Espace;114396
Key Up;Espace;115429
Key Down;Left Shift;115669
Key Up;Left Shift;116108
Key Down;Espace;117380
Key Up;Espace;117749
Key Down;Espace;118516
Key Up;Espace;118948
Key Down;Espace;120004
Key Up;Espace;120588
Key Down;Espace;121125
Key Up;Espace;121508
Key Down;Left Shift;121524
Key Up;Left Shift;121860
Key Down;Left Shift;123172
Key Up;Left Shift;123428
Key Down;Espace;126461
Key Up;Espace;126597
Key Down;Espace;126685
Key Up;Espace;126773
Key Down;Espace;126853
Key Up;Espace;126925
Key Down;Espace;127020
Key Up;Espace;127140
Key Down;Left Shift;128468
Key Up;Left Shift;128716
Key Down;Espace;129828
Key Up;Espace;130428
Key Down;Espace;130549
Key Up;Espace;130725
Key Down;Espace;130821
Key Up;Espace;130949
Key Down;Espace;131756
Key Up;Espace;131909
Key Down;Espace;133341
Key Up;Espace;133597
Key Down;Espace;140669
Key Up;Espace;140773
Key Down;Espace;140869
Key Up;Espace;140949
Key Down;Espace;141044
Key Up;Espace;141140
Key Down;Espace;141236
Key Up;Espace;141468
Key Down;Espace;142572
Key Up;Espace;142716
Key Down;Espace;147180
Key Up;Espace;147621
Key Down;Espace;147717
Key Up;Espace;147973
Key Down;Espace;151044
Key Up;Espace;152133
Key Down;Espace;152628
Key Up;Espace;152812
Key Up;Z;156524
Key Down;Z;157076
Key Down;Espace;158188
Key Up;Espace;158396
Key Down;Espace;161012
Key Up;Espace;161124
Key Down;Espace;161212
Key Up;Espace;161292
Key Down;Espace;161388
Key Up;Espace;161460
Key Down;Espace;161548
Key Up;Espace;161925
Key Down;Espace;164212
Key Up;Espace;165180
Key Down;Espace;167477
Key Up;Espace;167573
Key Down;Espace;167685
Key Up;Espace;167756
Key Down;Espace;167852
Key Up;Espace;167924
Key Down;Espace;168044
Key Up;Espace;168132
Key Down;Left Shift;169476
Key Up;Left Shift;169924
Key Down;Espace;171076
Key Up;Espace;171829
Key Down;Espace;172156
Key Up;Espace;172284
Key Down;Espace;173293
Key Up;Espace;173405
Key Down;Espace;174573
Key Up;Espace;174932
Key Down;Espace;179508
Key Up;Espace;179804
Key Down;Espace;181260
Key Up;Espace;181356
Key Down;Espace;181452
Key Up;Espace;181525
Key Down;Espace;181605
Key Up;Espace;181717
Key Down;Espace;181836
Key Up;Espace;181932
Key Down;Espace;188516
Key Up;Espace;189308
Key Down;Espace;192476
Key Up;Espace;193436
Key Down;Espace;193612
Key Up;Espace;193732
Key Down;Espace;193796
Key Up;Espace;194028
Key Down;D;195628
Key Up;D;196188
Key Down;D;196764
Key Up;D;197428
Key Down;Q;197988
Key Up;Q;198325
Key Down;Espace;198500
Key Up;Espace;198708
Key Up;Z;199468
Key Down;Z;199860
Key Down;Espace;201404
Key Up;Espace;201684
Key Down;Espace;202460
Key Up;Espace;203236
Key Down;Espace;203364
Key Up;Espace;203564
Key Down;Left Shift;205084
Key Up;Left Shift;205373
Key Down;Espace;211548
Key Up;Espace;212477
Key Up;Z;213756
Key Down;Espace;214436
Key Up;Espace;214508
Key Down;Left Alt;215724
Key Down;Tab;215836
Key Down;Apostrophe;215837
Key Up;Left Alt;215852
Key Up;Left Alt;216420
Key Up;Tab;216436
Key Down;Left Alt;217012
Key Down;Tab;217084
Key Up;Tab;217204
Key Up;Left Alt;217276
