Event;Key;Time
Key Down;Left Alt;326
Key Down;Tab;366
Key Up;Left Alt;454
Key Up;Tab;471
Key Down;W;29678
Key Down;A;32470
Key Up;A;32718
Key Down;D;33142
Key Up;D;33662
Key Down;A;34246
Key Up;A;34454
Key Up;W;34862
Key Down;3;35502
Key Up;3;35606
Key Down;W;35766
Key Down;A;36383
Key Up;A;37006
Key Down;D;37582
Key Up;D;37862
Key Up;W;38590
Key Down;S;38670
Key Down;D;40006
Key Up;D;40270
Key Down;A;40342
Key Up;A;40662
Key Down;A;40974
Key Up;A;41166
Key Down;A;41206
Key Up;S;41254
Key Down;W;41438
Key Up;A;41750
Key Down;D;41958
Key Up;D;42094
Key Down;D;42262
Key Up;W;42318
Key Down;W;42774
Key Up;W;43134
Key Down;S;43598
Key Up;D;44318
Key Down;D;45214
Key Up;S;45294
Key Down;W;45391
Key Up;D;45486
Key Down;Left Shift;45550
Key Up;Left Shift;46591
Key Up;W;46990
Key Down;D;47006
Key Down;W;47294
Key Up;D;47702
Key Down;D;48246
Key Up;D;48630
Key Up;W;49318
Key Down;S;49406
Key Down;D;49646
Key Up;S;49902
Key Down;W;50078
Key Up;W;51222
Key Down;W;51310
Key Up;D;51582
Key Up;W;51798
Key Down;S;51855
Key Down;D;52078
Key Up;D;52302
Key Down;A;53246
Key Up;A;53814
Key Up;S;53862
Key Down;W;53926
Key Down;D;54382
Key Up;W;54454
Key Down;S;54622
Key Up;S;55326
Key Down;W;55454
Key Up;W;55846
Key Down;W;56102
Key Up;D;56190
Key Up;W;56806
Key Down;S;56878
Key Up;S;58302
Key Down;W;58430
Key Down;D;58646
Key Up;D;58886
Key Down;D;59326
Key Up;W;59382
Key Down;A;59678
Key Up;D;59734
Key Down;S;59870
Key Up;A;60422
Key Up;S;61726
Key Down;W;61814
Key Down;D;62030
Key Up;W;62150
Key Down;S;62446
Key Up;D;62526
Key Down;D;62582
Key Up;D;62854
Key Down;A;63206
Key Up;S;63886
Key Down;W;64110
Key Up;A;64446
Key Down;Left Shift;65663
Key Up;Left Shift;66830
Key Down;A;66902
Key Up;W;67030
Key Down;W;67326
Key Up;W;68262
Key Down;W;68414
Key Up;A;68782
Key Down;A;69286
Key Up;A;69662
Key Down;A;69942
Key Up;W;70046
Key Down;S;70175
Key Up;S;70414
Key Down;W;70494
Key Up;A;70550
Key Down;Left Shift;74926
Key Up;Left Shift;75534
Key Down;Left Shift;76558
Key Up;Left Shift;77310
Key Down;A;78790
Key Up;W;79902
Key Down;S;80038
Key Up;S;80126
Key Down;S;80222
Key Up;S;80430
Key Down;3;80902
Key Up;3;81030
Key Down;W;81278
Key Up;A;81518
Key Down;A;81846
Key Up;A;84894
Key Down;D;85198
Key Up;D;85278
Key Up;W;85510
Key Down;S;85574
Key Down;A;85846
Key Up;S;85918
Key Down;S;85974
Key Up;A;85990
Key Down;A;86062
Key Up;A;86286
Key Up;S;86510
Key Down;W;86606
Key Down;A;86926
Key Up;A;87374
Key Down;A;88094
Key Up;A;88430
Key Down;D;88798
Key Up;W;89398
Key Up;D;89774
Key Down;D;90030
Key Down;S;90158
Key Up;D;90518
Key Down;A;90663
Key Up;A;91198
Key Up;S;91310
Key Down;W;91855
Key Down;Left Shift;92182
Key Down;A;92862
Key Up;A;93014
Key Up;Left Shift;98222
Key Down;D;99046
Key Up;W;99070
Key Down;S;99168
Key Up;D;99238
Key Down;A;99718
Key Up;A;100798
Key Down;A;101031
Key Up;A;101118
Key Down;A;102111
Key Up;A;102286
Key Down;D;103558
Key Up;D;103774
Key Down;V;104718
Key Up;V;104806
Key Down;V;104870
Key Up;V;104927
Key Down;A;106094
Key Up;A;106534
Key Down;D;106758
Key Up;D;107486
Key Down;A;107782
Key Up;S;108030
Key Down;W;108142
Key Up;W;108214
Key Down;W;108294
Key Up;W;108558
Key Down;S;108630
Key Up;A;108744
Key Down;A;109430
Key Up;A;109734
Key Down;A;109958
Key Up;A;110854
Key Up;S;111614
Key Down;Tab;113238
Key Up;Tab;116558
Key Down;W;119438
Key Up;W;121590
Key Down;W;121743
Key Down;A;122342
Key Up;A;123294
Key Up;W;123494
Key Down;W;123847
Key Down;A;124070
Key Up;A;124190
Key Up;W;124526
Key Down;W;124799
Key Down;A;125039
Key Up;A;125702
Key Up;W;126382
Key Down;C;126911
Key Up;C;128630
Key Down;W;129326
Key Up;W;129918
Key Down;W;130246
Key Down;3;131018
Key Up;3;131142
Key Down;A;132486
Key Up;A;135662
Key Down;A;135782
Key Up;A;136206
Key Down;A;136511
Key Up;A;136838
Key Down;Left Shift;136966
Key Up;Left Shift;139342
Key Down;A;139510
Key Up;A;139630
Key Down;D;139782
Key Up;D;139902
Key Down;D;140758
Key Up;D;141494
Key Down;D;141686
Key Up;D;142038
Key Up;W;142174
Key Down;W;142694
Key Up;W;142886
Key Down;W;143654
Key Up;W;143758
Key Down;D;143766
Key Up;D;143894
Key Down;A;144110
Key Down;S;144167
Key Up;S;144318
Key Down;S;144486
Key Up;S;144857
Key Down;W;144966
Key Up;A;145074
Key Down;Left Shift;145334
Key Down;A;148022
Key Up;Left Shift;148054
Key Up;W;148158
Key Down;W;148270
Key Up;W;148846
Key Up;A;148894
Key Down;W;149006
Key Up;W;149102
Key Down;A;149207
Key Down;W;149382
Key Up;A;149486
Key Down;Left Shift;149558
Key Up;Left Shift;151735
Key Down;Left Shift;152006
Key Up;Left Shift;152542
Key Down;A;152574
Key Up;W;152854
Key Down;S;152911
Key Up;A;152942
Key Down;A;153494
Key Up;S;153550
Key Down;W;153630
Key Up;A;153662
Key Up;W;154126
Key Down;S;154206
Key Down;D;154278
Key Up;D;154502
Key Down;A;156262
Key Up;A;156518
Key Up;S;156654
Key Down;W;156718
Key Down;A;156798
Key Up;W;157270
Key Down;S;157342
Key Up;A;157414
Key Down;A;157862
Key Up;S;158030
Key Down;S;158294
Key Up;A;159366
Key Down;D;159766
Key Up;S;159830
Key Down;W;159958
Key Up;D;160094
Key Down;A;160110
Key Up;A;160430
Key Down;A;160550
Key Up;W;160566
Key Up;A;160934
Key Down;W;182046
Key Up;W;182566
Key Down;A;182590
Key Up;A;182942
Key Down;D;183055
Key Down;W;184190
Key Up;D;184430
Key Down;D;185558
Key Up;D;185958
Key Down;Left Shift;186318
Key Down;V;188646
Key Up;V;188742
Key Down;C;189126
Key Up;C;189534
Key Up;Left Shift;192190
Key Down;D;192630
Key Up;D;193030
Key Down;A;193326
Key Up;A;193606
Key Down;A;193918
Key Up;W;194030
Key Down;W;194238
Key Up;W;194559
Key Down;S;194758
Key Up;S;194966
Key Down;W;195326
Key Up;A;195470
Key Down;D;195750
Key Up;W;195806
Key Down;S;196159
Key Up;D;196454
Key Up;S;196670
Key Down;D;196798
Key Down;S;196830
Key Up;D;196878
Key Down;D;197406
Key Up;D;197742
Key Down;D;198142
Key Up;S;198150
Key Down;A;198430
Key Up;D;198446
Key Down;W;198486
Key Up;W;199694
Key Down;W;200286
Key Up;W;200366
Key Down;W;200894
Key Up;A;201118
Key Up;W;201142
Key Down;W;201286
Key Down;A;201350
Key Up;W;201406
Key Up;A;201614
Key Down;A;201791
Key Up;A;202006
Key Down;D;202070
Key Down;S;202110
Key Up;S;202278
Key Down;2;202542
Key Up;2;202606
Key Down;S;203094
Key Up;D;203710
Key Down;3;204614
Key Up;3;204766
Key Up;S;205126
Key Down;A;205134
Key Down;W;205215
Key Up;A;205271
Key Down;D;205478
Key Up;W;205550
Key Down;W;205614
Key Up;D;205694
Key Down;D;205782
Key Up;D;206014
Key Down;A;206022
Key Up;W;206046
Key Down;W;206278
Key Up;A;206406
Key Down;D;206414
Key Up;D;206566
Key Up;W;206638
Key Down;S;206742
Key Up;S;207134
Key Down;W;207254
Key Down;D;208022
Key Up;D;208414
Key Down;D;209719
Key Up;D;209886
Key Up;W;209902
Key Down;A;210006
Key Up;A;210102
Key Down;S;210120
Key Down;D;210351
Key Up;D;210574
Key Up;S;210606
Key Down;W;210911
Key Down;D;211615
Key Up;W;211710
Key Down;W;211822
Key Up;D;212302
Key Down;Left Shift;212310
Key Up;Left Shift;222222
Key Down;A;223038
Key Up;W;223158
Key Down;S;223310
Key Up;A;223398
Key Down;D;223886
Key Up;D;224318
Key Down;A;224358
Key Up;S;224718
Key Down;S;225186
Key Up;A;225254
Key Down;D;225327
Key Up;S;225598
Key Down;W;225750
Key Up;D;225902
Key Down;Left Shift;226054
Key Up;Left Shift;227678
Key Down;D;227782
Key Up;W;227830
Key Down;S;227934
Key Up;D;228038
Key Down;A;228270
Key Up;S;228286
Key Down;W;228366
Key Up;A;228406
Key Up;W;229574
Key Down;S;229646
Key Up;S;230958
Key Down;W;231150
Key Up;W;231814
Key Down;S;231903
Key Down;D;231910
Key Up;D;232687
Key Down;A;234215
Key Up;S;235158
Key Down;W;235246
Key Up;A;235446
Key Down;D;235486
Key Up;W;235590
Key Down;S;235870
Key Up;D;236038
Key Down;A;236894
Key Up;A;236966
Key Down;A;237366
Key Up;S;238254
Key Down;W;238358
Key Up;W;238582
Key Down;W;238662
Key Up;W;238982
Key Down;S;239127
Key Up;A;239502
Key Down;D;239583
Key Up;S;239742
Key Down;S;240446
Key Up;D;240998
Key Down;D;241286
Key Up;S;241390
Key Down;W;241526
Key Up;W;241590
Key Down;W;241654
Key Up;W;241775
Key Down;A;241814
Key Up;D;241886
Key Down;S;242143
Key Up;S;242590
Key Down;W;242678
Key Up;A;242710
Key Down;Left Shift;242862
Key Up;Left Shift;248974
Key Up;W;249366
Key Down;E;256590
Key Up;E;257206
Key Down;4;257814
Key Up;4;257966
Key Down;W;258638
Key Down;3;259558
Key Up;3;259702
Key Down;Left Shift;260830
Key Up;Left Shift;263103
Key Down;D;264966
Key Up;D;265286
Key Down;A;267134
Key Up;A;267870
Key Down;D;268678
Key Up;W;268734
Key Down;W;268990
Key Up;W;269198
Key Up;D;269558
Key Down;S;269654
Key Up;S;269838
Key Down;W;269934
Key Down;A;269966
Key Up;W;270574
Key Down;S;270654
Key Up;A;270702
Key Down;A;271294
Key Up;A;271566
Key Up;S;271590
Key Down;W;271678
Key Down;A;271782
Key Up;A;273398
Key Down;A;273550
Key Up;A;273830
Key Down;Left Shift;273879
Key Up;Left Shift;277142
Key Down;A;277478
Key Up;W;278094
Key Down;W;278382
Key Up;W;278718
Key Down;S;279134
Key Up;S;279542
Key Down;W;279854
Key Up;A;279926
Key Down;D;280022
Key Up;W;280142
Key Down;W;280255
Key Up;D;280294
Key Up;W;280854
Key Down;S;280926
Key Down;A;281246
Key Up;A;281894
Key Up;S;282502
Key Down;W;282582
Key Up;W;283558
Key Down;S;283638
Key Up;S;284286
Key Down;W;284375
Key Down;A;284470
Key Up;W;284494
Key Down;W;284583
Key Up;A;284734
Key Down;A;284990
Key Up;A;285102
Key Down;A;285623
Key Up;W;285646
Key Down;S;285726
Key Up;A;285774
Key Up;S;286646
Key Down;W;286710
Key Up;W;287110
Key Down;A;287118
Key Up;A;287174
Key Down;S;287206
Key Down;A;287526
Key Up;S;287622
Key Down;S;287654
Key Up;S;287910
Key Down;W;288014
Key Up;A;288606
Key Up;W;289806
Key Down;S;289895
Key Up;S;290454
Key Down;D;290535
Key Down;W;290663
Key Up;W;290942
Key Up;D;290990
Key Down;A;290999
Key Down;W;291167
Key Up;A;291302
Key Down;A;291614
Key Up;W;291670
Key Down;W;291758
Key Up;A;291822
Key Up;W;292222
Key Down;S;292295
Key Down;A;293166
Key Up;A;293326
Key Down;A;293438
Key Up;A;293646
Key Down;A;293670
Key Up;S;293782
Key Down;W;293878
Key Up;A;293942
Key Down;A;293958
Key Up;W;294062
Key Down;D;294158
Key Up;A;294166
Key Down;W;294334
Key Up;D;294414
Key Down;Left Shift;294543
Key Down;D;295750
Key Up;W;295814
Key Up;Left Shift;295830
Key Down;S;295910
Key Up;D;296158
Key Down;D;296383
Key Up;D;296630
Key Down;D;296702
Key Up;D;296870
Key Down;A;297038
Key Up;S;297102
Key Down;W;297198
Key Up;A;297638
Key Down;A;297726
Key Up;A;297934
Key Down;A;298183
Key Up;A;299974
Key Down;A;300318
Key Up;A;300550
Key Down;Left Shift;300726
Key Up;W;301870
Key Up;Left Shift;301878
Key Down;S;301959
Key Down;A;302062
Key Up;S;302262
Key Down;W;302334
Key Up;A;302446
Key Up;W;302678
Key Down;W;302775
Key Down;A;302846
Key Up;A;302886
Key Up;W;303494
Key Down;W;303719
Key Down;A;304606
Key Up;W;304614
Key Down;S;304726
Key Up;S;305670
Key Down;W;306054
Key Up;W;306198
Key Down;S;306303
Key Up;A;306374
Key Down;D;306598
Key Up;S;306846
Key Down;A;307126
Key Up;A;307190
Key Down;W;307207
Key Up;W;307318
Key Down;S;307422
Key Up;D;307550
Key Down;D;307766
Key Up;D;307870
Key Down;A;307982
Key Up;S;308046
Key Down;W;308110
Key Up;A;308142
Key Up;W;308342
Key Down;D;308350
Key Down;W;308478
Key Up;D;308550
Key Down;A;308750
Key Up;W;308790
Key Down;W;308894
Key Up;W;309030
Key Down;S;309111
Key Up;A;309222
Key Down;A;309311
Key Up;S;309846
Key Down;S;309966
Key Up;A;310366
Key Down;A;310614
Key Up;S;310766
Key Down;W;310846
Key Up;A;311006
Key Down;A;311574
Key Up;W;311622
Key Down;S;311703
Key Up;A;312854
Key Down;A;312942
Key Up;S;313582
Key Down;S;313830
Key Up;A;313934
Key Down;A;314199
Key Up;S;315510
Key Down;W;315799
Key Up;A;316110
Key Down;D;316206
Key Up;D;316326
Key Up;W;316382
Key Down;A;316390
Key Up;A;316430
Key Down;S;316470
Key Down;A;316654
Key Up;A;316878
Key Down;A;316927
Key Up;A;317158
Key Down;A;317198
Key Up;S;317486
Key Up;A;317550
Key Down;W;317574
Key Up;W;318502
Key Down;S;318575
Key Down;A;318958
Key Up;S;319398
Key Down;W;319623
Key Up;A;320198
Key Down;Left Shift;320550
Key Up;Left Shift;321583
Key Up;W;321702
Key Down;W;322086
Key Up;W;322350
Key Down;A;322358
Key Down;S;322831
Key Up;A;323070
Key Up;S;323462
Key Down;W;323574
Key Down;D;323982
Key Up;W;324078
Key Down;A;324238
Key Up;D;324286
Key Down;S;324366
Key Up;A;324558
Key Down;A;324919
Key Up;A;325118
Key Down;D;325174
Key Up;S;326230
Key Down;S;326446
Key Up;S;326614
Key Down;W;326862
Key Up;D;327038
Key Up;W;327486
Key Down;W;328942
Key Down;D;329918
Key Up;D;330118
Key Down;A;330774
Key Up;A;331174
Key Down;Left Shift;331567
Key Up;Left Shift;331830
Key Down;D;332062
Key Up;D;332470
Key Down;Left Shift;332494
Key Up;Left Shift;333950
Key Down;Left Control;334302
Key Up;Left Control;335447
Key Down;Left Control;335966
Key Down;A;339470
Key Up;A;339726
Key Down;D;345238
Key Up;W;345254
Key Down;W;345286
Key Up;W;345342
Key Up;Left Control;345390
Key Down;W;345590
Key Down;Left Shift;345926
Key Up;D;346022
Key Down;D;348542
Key Up;Left Shift;348566
Key Down;Left Shift;349055
Key Up;D;350078
Key Up;Left Shift;350662
Key Down;A;353622
Key Up;A;353854
Key Down;D;354078
Key Up;D;354166
Key Up;W;354198
Key Down;W;354343
Key Up;W;354518
Key Down;S;354615
Key Down;A;354870
Key Up;S;355166
Key Down;W;355222
Key Up;A;355262
Key Down;A;355358
Key Up;W;355502
Key Down;W;356038
Key Up;A;356166
Key Down;D;356278
Key Up;W;356470
Key Down;W;356510
Key Up;W;356630
Key Down;W;356726
Key Down;Left Shift;357190
Key Up;D;357302
Key Down;A;364815
Key Up;Left Shift;364823
Key Up;W;365070
Key Down;W;365310
Key Up;A;365494
Key Down;Left Shift;365583
Key Up;Left Shift;366422
Key Down;D;366750
Key Up;D;366966
Key Down;D;367415
Key Up;W;367678
Key Down;W;367774
Key Up;D;368022
Key Up;W;369334
Key Down;S;369406
Key Down;D;369638
Key Up;D;370318
Key Down;D;371126
Key Up;S;371214
Key Down;W;371454
Key Up;W;371950
Key Down;S;372471
Key Up;D;373350
Key Down;A;373758
Key Up;A;373798
Key Down;D;373806
Key Down;A;373966
Key Up;D;373990
Key Up;S;374038
Key Down;W;374398
Key Up;W;374574
Key Down;S;374678
Key Up;S;376030
Key Down;S;376190
Key Up;S;376382
Key Down;S;376510
Key Up;A;376614
Key Down;D;376687
Key Up;D;377062
Key Up;S;377358
Key Down;Tab;381263
Key Up;Tab;383718
Key Down;Tab;398566
Key Up;Tab;401326
Key Down;3;403486
Key Up;3;403646
Key Down;W;404127
Key Down;Left Shift;405294
Key Down;A;408271
Key Up;Left Shift;408278
Key Up;A;408934
Key Down;A;409518
Key Up;W;410510
Key Down;W;411031
Key Up;A;411686
Key Down;A;411790
Key Up;W;412318
Key Down;S;412671
Key Up;S;412734
Key Down;W;412902
Key Up;A;413462
Key Down;A;413782
Key Up;A;414022
Key Down;Left Control;414239
Key Up;Left Control;415862
Key Down;D;417142
Key Up;D;417422
Key Down;Left Shift;417910
Key Up;Left Shift;419118
Key Down;Left Shift;419598
Key Up;Left Shift;419646
Key Down;A;419926
Key Up;A;420590
Key Down;A;421110
Key Up;A;421358
Key Down;D;423430
Key Up;D;423582
Key Down;A;423950
Key Up;A;424982
Key Down;A;425142
Key Up;A;425470
Key Down;A;426087
Key Up;A;426238
Key Down;Left Shift;426766
Key Up;Left Shift;430910
Key Down;A;431359
Key Up;W;431518
Key Down;W;431894
Key Up;A;431950
Key Down;D;432334
Key Up;W;432422
Key Down;S;432734
Key Up;D;433462
Key Up;S;433758
Key Down;A;433766
Key Down;W;433830
Key Up;A;433854
Key Up;W;434110
Key Down;A;434134
Key Down;S;434254
Key Up;A;434334
Key Up;S;435342
Key Down;A;435406
Key Down;S;435575
Key Up;A;435622
Key Up;S;435862
Key Down;W;435943
Key Down;D;436263
Key Up;W;436382
Key Down;S;436558
Key Up;D;436782
Key Down;A;436919
Key Up;S;436958
Key Down;W;437254
Key Up;A;437294
Key Down;A;437310
Key Up;A;437486
Key Up;W;437862
Key Down;A;437870
Key Down;S;437950
Key Up;A;437958
Key Down;A;438031
Key Up;A;438262
Key Down;A;438415
Key Up;A;438494
Key Down;A;438695
Key Up;A;439086
Key Down;A;439430
Key Up;A;439654
Key Down;D;439959
Key Up;D;440630
Key Down;A;440679
Key Up;A;440750
Key Down;A;440855
Key Up;S;441142
Key Down;W;441230
Key Up;A;441294
Key Down;A;441422
Key Up;W;441934
Key Up;A;442158
Key Down;W;450046
Key Down;D;450462
Key Up;W;450486
Key Down;W;450806
Key Up;D;451310
Key Down;V;451814
Key Up;V;452022
Key Down;C;452686
Key Up;C;452814
Key Up;W;453982
Key Down;W;454935
Key Up;W;455622
Key Down;W;455854
Key Down;A;457150
Key Up;A;457654
Key Down;3;458078
Key Up;3;458198
Key Down;A;458246
Key Up;W;460358
Key Down;W;461782
Key Down;Left Shift;463654
Key Up;A;463678
Key Up;Left Shift;465743
Key Up;W;466102
Key Down;Left Control;466286
Key Down;W;466679
Key Up;Left Control;466910
Key Down;Left Shift;467110
Key Up;Left Shift;470239
Key Down;A;470478
Key Up;W;470814
Key Down;S;470942
Key Up;S;471526
Key Up;A;471622
Key Down;D;471638
Key Down;W;471734
Key Up;D;471799
Key Up;W;472286
Key Down;S;472350
Key Up;S;473014
Key Down;W;473086
Key Up;W;473462
Key Down;D;473550
Key Down;S;473558
Key Up;D;474214
Key Down;A;474327
Key Up;A;474566
Key Down;D;474734
Key Up;D;474958
Key Down;D;475086
Key Up;S;475270
Key Down;A;475318
Key Up;D;475350
Key Down;W;475414
Key Up;A;475702
Key Down;A;475814
Key Up;W;475846
Key Down;W;475950
Key Up;W;476006
Key Down;W;476238
Key Up;W;476606
Key Down;W;476774
Key Up;A;476894
Key Down;A;477142
Key Up;W;477310
Key Down;S;477479
Key Up;A;477638
Key Up;S;477790
Key Down;W;477830
Key Down;A;477959
Key Up;W;477998
Key Down;S;478070
Key Up;A;478134
Key Up;S;478774
Key Down;Tab;483894
Key Up;Tab;486350
Key Down;W;487662
Key Down;A;488910
Key Up;A;490062
Key Up;W;490094
Key Down;A;490382
Key Down;W;490902
Key Up;A;491054
Key Up;W;491134
Key Down;D;491246
Key Up;D;491798
Key Down;W;492014
Key Up;W;492175
Key Down;A;510718
Key Down;W;510870
Key Up;A;513070
Key Down;Left Shift;513894
Key Down;C;514582
Key Up;C;514734
Key Up;Left Shift;517161
Key Down;Left Shift;518006
Key Down;A;519766
Key Up;A;519870
Key Down;C;519878
Key Up;C;520030
Key Up;Left Shift;520686
Key Down;Left Shift;521182
Key Down;Space;523462
Key Up;Space;523582
Key Up;Left Shift;524831
Key Down;A;525119
Key Up;A;526630
Key Down;D;526679
Key Up;D;527726
Key Down;Left Shift;527775
Key Down;D;531446
Key Up;Left Shift;531494
Key Up;W;531526
Key Down;W;531878
Key Up;W;531982
Key Down;A;532198
Key Up;D;532230
Key Down;W;532326
Key Down;D;532359
Key Up;A;532366
Key Up;D;532878
Key Down;D;533238
Key Up;W;533318
Key Down;S;533487
Key Up;D;533686
Key Down;D;533774
Key Up;D;533862
Key Down;A;534174
Key Up;S;534278
Key Down;W;534374
Key Up;A;534838
Key Down;D;534839
Key Up;W;534902
Key Down;W;534982
Key Up;W;535304
Key Down;S;535398
Key Up;D;535582
Key Down;D;536239
Key Up;D;536414
Key Up;S;537286
Key Down;W;537383
Key Up;W;537526
Key Down;S;537606
Key Up;S;538118
Key Down;W;538190
Key Down;A;538326
Key Up;A;538358
Key Down;A;538527
Key Up;A;538839
Key Down;A;539294
Key Up;W;539446
Key Up;A;539470
Key Down;D;539494
Key Down;W;539590
Key Down;Left Shift;539718
Key Up;D;539726
Key Down;C;540694
Key Up;C;540886
Key Up;Left Shift;545974
Key Down;2;546446
Key Up;2;546630
Key Down;A;547222
Key Up;A;547430
Key Down;Left Shift;547455
Key Down;D;548367
Key Up;W;548470
Key Down;S;548559
Key Up;Left Shift;548566
Key Up;D;548742
Key Down;A;549366
Key Up;A;549566
Key Down;A;549911
Key Up;A;550214
Key Down;3;550998
Key Up;3;551174
Key Down;A;551415
Key Up;S;551510
Key Down;S;551695
Key Up;A;552110
Key Down;A;552198
Key Up;A;552270
Key Down;D;552334
Key Up;S;552366
Key Down;W;552526
Key Up;D;552686
Key Down;A;552758
Key Up;W;552806
Key Down;S;552934
Key Up;A;553014
Key Down;A;553622
Key Up;S;553910
Key Down;W;554070
Key Up;A;554406
Key Down;D;554774
Key Up;D;554854
Key Down;D;555438
Key Up;D;555686
Key Up;W;555750
Key Down;A;555750
Key Down;S;555830
Key Up;A;555894
Key Down;A;556055
Key Up;S;556750
Key Down;W;556895
Key Up;W;557318
Key Down;W;557414
Key Up;A;557798
Key Down;Left Shift;557855
Key Up;Left Shift;558814
Key Down;A;558934
Key Up;A;560222
Key Down;Left Shift;560494
Key Down;A;561390
Key Up;Left Shift;561438
Key Up;W;561502
Key Down;W;561694
Key Up;W;562030
Key Down;W;562158
Key Up;A;562863
Key Up;W;563438
Key Down;S;563510
Key Down;D;564070
Key Up;S;564502
Key Down;S;564623
Key Up;S;564758
Key Down;W;564934
Key Up;D;565494
Key Down;A;566023
Key Up;A;566502
Key Up;W;566918
Key Down;W;567102
Key Up;W;567566
Key Down;S;567782
Key Up;S;568118
Key Down;D;568199
Key Down;S;568479
Key Up;D;568518
Key Down;A;568614
Key Up;S;568766
Key Down;W;568934
Key Up;A;569150
Key Up;W;569262
Key Down;D;569262
Key Up;D;569566
Key Down;C;569742
Key Up;C;572278
Key Down;S;575831
Key Up;S;577054
Key Down;A;577230
Key Down;W;577462
Key Up;A;577566
Key Up;W;577582
Key Down;C;579182
Key Up;C;579590
Key Down;W;580934
Key Up;W;581990
Key Down;W;582190
Key Down;2;583294
Key Up;2;583478
Key Down;A;584039
Key Up;A;584470
Key Down;3;585319
Key Up;3;585486
Key Down;A;585830
Key Up;A;586430
Key Down;A;586822
Key Up;A;587918
Key Down;D;588014
Key Up;D;588206
Key Down;A;589902
Key Up;A;590246
Key Down;Left Shift;590670
Key Up;Left Shift;594598
Key Down;A;594686
Key Up;A;595422
Key Up;W;597342
Key Down;S;597431
Key Down;A;598438
Key Up;A;598670
Key Down;A;598822
Key Up;S;599206
Key Down;W;599342
Key Up;W;599478
Key Down;W;599567
Key Up;A;599582
Key Down;A;599639
Key Up;A;599726
Key Down;A;600254
Key Up;W;600262
Key Down;S;600334
Key Up;A;600695
Key Up;S;600934
Key Down;W;601023
Key Down;A;601150
Key Up;W;601310
Key Down;S;601454
Key Up;A;601550
Key Up;S;601838
Key Down;W;601919
Key Down;A;602790
Key Up;W;602822
Key Down;S;602942
Key Up;A;603150
Key Up;S;603382
Key Down;W;603438
Key Up;W;603638
Key Down;S;603742
Key Up;S;603966
Key Down;W;604038
Key Up;W;605022
Key Down;A;605046
Key Down;S;605134
Key Up;A;605174
Key Up;S;605334
Key Down;W;605470
Key Up;W;606430
Key Down;S;606518
Key Up;S;607158
Key Down;W;607238
Key Up;W;607766
Key Down;S;607878
Key Up;S;608271
Key Down;W;608343
Key Down;A;609310
Key Up;W;609350
Key Down;S;609415
Key Up;A;609470
Key Down;D;609710
Key Up;S;609726
Key Down;W;609830
Key Up;D;609886
Key Down;A;610255
Key Up;W;610278
Key Down;S;610374
Key Up;A;610590
Key Up;S;610702
Key Down;W;610782
Key Down;A;610911
Key Up;A;610982
Key Down;A;611127
Key Up;A;611494
Key Up;W;611766
Key Down;A;611790
Key Down;S;611846
Key Up;A;612134
Key Up;S;612302
Key Down;W;612390
Key Up;W;612582
Key Down;S;612638
Key Up;S;613062
Key Down;W;613110
Key Up;W;613942
Key Down;S;614014
Key Up;S;614478
Key Down;W;614558
Key Up;W;615126
Key Down;S;615199
Key Up;S;615526
Key Down;W;615615
Key Up;W;616238
Key Down;S;616310
Key Up;S;616910
Key Down;W;616983
Key Up;W;617446
Key Down;S;617502
Key Down;A;618262
Key Up;S;618270
Key Down;D;618438
Key Up;A;618462
Key Down;S;618550
Key Up;S;618630
Key Down;S;618798
Key Up;D;619142
Key Down;A;619182
Key Up;A;619598
Key Down;D;619614
Key Up;D;620078
Key Down;A;620094
Key Up;S;620374
Key Down;W;620510
Key Up;W;620734
Key Down;S;620799
Key Up;A;620926
Key Down;A;621375
Key Up;A;621480
Key Down;A;621774
Key Up;A;622062
Key Up;S;622286
Key Down;W;622358
Key Up;W;622550
Key Down;S;622630
Key Up;S;622886
Key Down;S;622919
Key Up;S;623078
Key Down;S;623166
Key Down;A;623342
Key Up;A;624014
Key Down;A;624679
Key Up;S;624974
Key Down;W;625094
Key Up;W;626118
Key Down;S;626374
Key Up;A;626438
Key Up;S;626526
Key Down;C;626646
Key Up;C;628702
Key Down;W;631415
Key Down;A;632862
Key Down;3;633182
Key Up;3;633334
Key Up;A;634278
Key Down;A;634590
Key Up;A;634726
Key Down;A;635494
Key Up;A;636254
Key Down;A;636742
Key Up;A;636942
Key Down;A;637223
Key Up;A;637910
Key Down;Left Shift;637950
Key Down;A;640486
Key Up;A;640590
Key Up;Left Shift;644638
Key Up;W;644718
Key Down;S;644846
Key Down;D;644958
Key Up;D;645022
Key Down;A;645054
Key Up;A;645710
Key Down;D;645814
Key Up;S;646166
Key Down;W;646287
Key Up;W;646558
Key Down;S;646647
Key Up;D;647230
Key Down;D;647270
Key Up;S;647286
Key Down;W;647367
Key Up;D;647430
Key Up;W;648054
Key Down;S;648126
Key Down;D;648246
Key Up;S;649222
Key Down;W;649310
Key Up;W;649758
Key Down;S;649878
Key Up;D;650278
Key Up;S;650286
Key Down;W;650342
Key Up;W;650606
Key Down;S;650679
Key Up;S;651534
Key Down;W;657415
Key Down;D;658646
Key Up;D;659014
Key Down;D;660150
Key Up;D;660518
Key Down;Space;660847
Key Up;Space;660998
Key Down;D;661318
Key Up;D;661614
Key Up;W;661902
Key Down;D;662022
Key Down;W;662158
Key Up;D;662230
Key Up;W;662278
Key Down;W;662494
Key Up;W;662710
Key Down;Space;662806
Key Down;W;662927
Key Up;Space;663038
Key Up;W;663198
Key Down;W;663487
Key Down;A;663519
Key Up;W;663838
Key Down;W;664127
Key Up;W;664246
Key Down;Space;664279
Key Up;A;664318
Key Up;Space;664742
Key Down;S;666134
Key Up;S;666310
Key Down;A;666374
Key Up;A;666670
Key Down;A;666870
Key Up;A;666958
Key Down;A;668062
Key Up;A;668262
Key Down;A;668406
Key Down;W;668622
Key Up;A;669118
Key Down;Space;669422
Key Up;W;669694
Key Up;Space;669934
Key Down;W;670414
Key Down;Space;673238
Key Down;A;673422
Key Up;Space;673558
Key Up;W;673878
Key Up;A;673966
Key Down;D;673998
Key Down;W;674166
Key Up;D;674398
Key Down;Space;674727
Key Up;Space;675126
Key Up;W;675150
Key Down;W;675326
Key Up;W;675639
Key Down;W;675838
Key Up;W;676702
Key Down;A;676862
Key Down;W;677014
Key Up;W;677702
Key Down;W;678175
Key Up;A;678502
Key Up;W;678558
Key Down;W;679086
Key Up;W;679190
Key Down;W;679710
Key Up;W;680230
Key Down;3;683567
Key Up;3;683710
Key Down;W;683942
Key Down;A;684294
Key Up;W;684975
Key Down;W;686726
Key Up;W;686942
Key Down;W;688662
Key Up;A;689310
Key Down;Left Shift;689678
Key Up;Left Shift;698774
Key Down;A;699246
Key Up;W;699262
Key Down;S;699342
Key Up;A;699358
Key Down;A;699430
Key Up;S;700390
Key Down;W;700543
Key Up;A;700958
Key Down;Left Shift;701007
Key Up;Left Shift;705598
Key Up;W;705622
Key Down;A;705646
Key Down;S;705750
Key Up;S;705974
Key Down;S;706326
Key Up;S;706614
Key Up;A;706790
Key Down;D;706790
Key Down;A;706855
Key Up;D;706902
Key Down;W;707790
Key Up;W;708630
Key Down;W;708958
Key Up;A;709262
Key Down;A;710343
Key Up;W;710350
Key Down;S;710471
Key Up;A;711014
Key Up;S;711342
Key Down;W;711430
Key Up;W;712334
Key Down;S;712447
Key Up;S;712703
Key Down;D;712703
Key Down;W;712815
Key Up;D;713078
Key Down;D;713686
Key Up;D;713894
Key Down;D;714646
Key Up;D;714838
Key Down;A;714927
Key Up;W;714958
Key Down;D;715078
Key Up;A;715134
Key Down;W;715663
Key Up;D;715726
Key Down;A;715775
Key Up;A;715902
Key Down;D;715983
Key Down;Left Shift;716286
Key Up;D;716302
Key Down;A;720774
Key Up;Left Shift;720782
Key Up;A;720894
Key Down;A;720983
Key Up;W;721198
Key Down;S;721287
Key Up;S;721982
Key Down;W;722078
Key Up;A;722198
Key Down;Left Shift;722934
Key Up;Left Shift;727238
Key Up;W;727326
Key Down;D;727367
Key Down;W;727470
Key Up;W;727638
Key Down;S;727751
Key Up;D;728262
Key Down;A;728374
Key Up;A;728854
Key Down;D;728862
Key Up;S;728982
Key Down;W;729094
Key Up;D;729278
Key Down;Left Shift;729310
Key Down;D;729846
Key Up;Left Shift;729894
Key Up;W;729934
Key Down;S;730062
Key Up;S;730238
Key Down;W;730334
Key Down;Left Shift;730543
Key Up;D;730550
Key Up;Left Shift;731486
Key Up;W;732238
Key Down;S;732318
Key Down;A;732639
Key Up;S;732782
Key Down;W;732870
Key Up;W;733422
Key Down;W;733790
Key Up;W;734038
Key Down;S;734127
Key Up;A;734822
Key Down;D;735279
Key Up;S;735286
Key Up;D;735374
Key Down;Tab;735518
Key Up;Tab;736710
Key Down;W;737287
Key Down;D;738055
Key Up;W;738262
Key Up;D;738359
Key Down;V;738638
Key Up;V;738950
Key Down;C;739447
Key Up;C;740102
Key Down;Tab;750039
Key Up;Tab;750190
Key Down;D;751126
Key Up;D;751646
Key Down;S;751686
Key Down;D;752182
Key Up;D;752326
Key Up;S;752350
Key Down;W;752406
Key Down;D;752774
Key Up;D;752878
Key Up;W;753166
Key Down;S;753239
Key Up;S;754862
Key Down;W;754959
Key Up;W;755110
Key Down;S;755574
Key Up;S;755982
Key Down;Left Alt;778870
Key Down;Tab;778958
Key Up;Left Alt;779062
Key Up;Tab;779090
