Event;Key;Time
Key Down;Left Alt;40
Key Down;Tab;136
Key Up;Tab;272
Key Down;Tab;1088
Key Up;Tab;1200
Key Up;Left Alt;1208
Key Down;W;1648
Key Down;Left Shift;1944
Key Up;Left Shift;8176
Key Up;W;8672
Key Down;A;8696
Key Down;S;8912
Key Up;A;8984
Key Down;D;9144
Key Up;S;9272
Key Down;W;9360
Key Up;D;9592
Key Down;Left Shift;9880
Key Up;Left Shift;24416
Key Down;A;24480
Key Up;W;24560
Key Down;S;24776
Key Up;A;24872
Key Down;D;24912
Key Up;S;25016
Key Down;W;25216
Key Up;D;25624
Key Down;Left Shift;25696
Key Up;Left Shift;37680
Key Down;A;37896
Key Up;W;37904
Key Down;S;37976
Key Up;A;38056
Key Down;D;38264
Key Up;D;38392
Key Down;D;38584
Key Up;D;38720
Key Up;S;39136
Key Down;D;39144
Key Up;D;39240
Key Down;W;39248
Key Up;W;39656
Key Down;S;39704
Key Up;S;40400
Key Down;W;40448
Key Down;A;40592
Key Up;W;40608
Key Up;A;40720
Key Down;W;40720
Key Down;D;42008
Key Up;W;42112
Key Down;W;42240
Key Up;D;42360
Key Down;D;42536
Key Up;W;42688
Key Down;S;42784
Key Up;D;42872
Key Down;D;42928
Key Up;S;42968
Key Down;A;42984
Key Up;D;43032
Key Down;W;43040
Key Up;A;43376
Key Down;D;43456
Key Up;W;43512
Key Down;W;44096
Key Up;W;44464
Key Down;A;44680
Key Down;S;44712
Key Up;D;44720
Key Up;A;44792
Key Down;D;44960
Key Up;S;45120
Key Down;A;45176
Key Up;D;45184
Key Down;W;45200
Key Up;A;45552
Key Down;A;46056
Key Up;W;46296
Key Down;W;46512
Key Up;W;46696
Key Down;S;46824
Key Up;S;47192
Key Up;A;47280
Key Down;Tab;49584
Key Up;Tab;51176
Key Down;Tab;52472
Key Up;Tab;52928
Key Down;Tab;53128
Key Up;Tab;53248
Key Down;W;56888
Key Down;Left Shift;57152
Key Up;Left Shift;70752
Key Down;A;71112
Key Up;W;71128
Key Down;S;71280
Key Up;A;71344
Key Down;D;71496
Key Up;S;71824
Key Down;S;72072
Key Up;D;72168
Key Down;D;72400
Key Up;S;72568
Key Down;W;72648
Key Up;W;73088
Key Down;W;73200
Key Up;D;73352
Key Down;A;73472
Key Up;A;73664
Key Up;W;74040
Key Down;A;74048
Key Down;D;74072
Key Down;S;74152
Key Up;A;74192
Key Down;A;74344
Key Up;D;74352
Key Up;A;74488
Key Down;D;74704
Key Up;S;74928
Key Down;W;74984
Key Up;D;75048
Key Down;D;75096
Key Up;W;75160
Key Down;S;75240
Key Up;D;75312
Key Up;S;75912
Key Down;A;75952
Key Down;W;76008
Key Up;A;76056
Key Down;D;76408
Key Up;D;76576
Key Down;A;76576
Key Up;W;76600
Key Down;D;76736
Key Up;A;76784
Key Down;S;76816
Key Down;A;76824
Key Up;D;76856
Key Up;A;77152
Key Down;A;77200
Key Up;A;77408
Key Down;D;77480
Key Up;S;77488
Key Down;A;77656
Key Down;S;77704
Key Up;D;77744
Key Up;A;77760
Key Down;D;77944
Key Up;S;77952
Key Down;W;78000
Key Up;D;78048
Key Down;A;78744
Key Up;W;78800
Key Down;S;78936
Key Up;A;79160
Key Down;A;79512
Key Up;S;79576
Key Down;W;79800
Key Up;A;80224
Key Down;Left Shift;80384
Key Up;Left Shift;85560
Key Up;W;85720
Key Down;A;85720
Key Down;S;85832
Key Up;A;85896
Key Down;D;86040
Key Up;D;86344
Key Down;D;86504
Key Up;D;86632
Key Up;S;86816
Key Down;S;87280
Key Down;D;87336
Key Up;D;87528
Key Up;S;87608
Key Down;D;87800
Key Down;A;88120
Key Up;D;88160
Key Down;W;88336
Key Up;A;88456
Key Down;Left Shift;88472
Key Up;Left Shift;108376
Key Down;D;108568
Key Up;W;108832
Key Down;A;109256
Key Up;D;109312
Key Down;W;109472
Key Up;A;109648
Key Down;Left Shift;109832
Key Up;Left Shift;118240
Key Up;W;118344
Key Down;C;118984
Key Up;C;119168
Key Down;W;121208
Key Down;A;122072
Key Up;A;123088
Key Down;Left Shift;123728
Key Up;Left Shift;135984
Key Down;A;136112
Key Up;W;136184
Key Down;S;136344
Key Up;A;136600
Key Down;D;136768
Key Up;D;136968
Key Down;D;137208
Key Up;D;137272
Key Down;D;137368
Key Up;D;137576
Key Down;A;137608
Key Up;S;137928
Key Down;W;138088
Key Up;W;138232
Key Down;S;138288
Key Up;A;138328
Key Down;D;138680
Key Up;D;138872
Key Down;D;139088
Key Up;D;139176
Key Down;A;139376
Key Up;A;139552
Key Down;A;139720
Key Up;A;139896
Key Up;S;140097
Key Down;W;140152
Key Down;A;140280
Key Up;W;140376
Key Down;S;140696
Key Up;A;140872
Key Down;D;140936
Key Up;D;141488
Key Up;S;141568
Key Down;D;141608
Key Up;D;141704
Key Down;W;141776
Key Down;A;141840
Key Up;W;141856
Key Up;A;141968
Key Down;S;142041
Key Down;D;142400
Key Up;D;142480
Key Down;D;142680
Key Up;D;142792
Key Up;S;142904
Key Down;W;142968
Key Up;W;143360
Key Down;S;143448
Key Down;A;144000
Key Up;S;144096
Key Down;W;144184
Key Up;A;144224
Key Down;A;144240
Key Up;W;144272
Key Down;W;144320
Key Up;A;144328
Key Down;A;144520
Key Up;W;144528
Key Down;S;144600
Key Up;A;144656
Key Down;A;144776
Key Up;S;144872
Key Down;W;144968
Key Up;W;145048
Key Down;D;145184
Key Up;A;145208
Key Down;A;145280
Key Up;D;145304
Key Down;W;145448
Key Up;W;145608
Key Down;S;145704
Key Down;D;146064
Key Up;D;146152
Key Up;S;146184
Key Down;W;146704
Key Up;A;146792
Key Up;W;146800
Key Down;W;147008
Key Down;A;147120
Key Up;W;147200
Key Up;A;147224
Key Down;A;147592
Key Down;S;147672
Key Up;A;147960
Key Up;S;148344
Key Down;C;148648
Key Up;C;149408
Key Down;D;150896
Key Down;W;151192
Key Up;W;151256
Key Up;D;151736
Key Down;W;152824
Key Down;A;152984
Key Up;W;153672
Key Up;A;153920
Key Down;A;154168
Key Down;W;154208
Key Up;A;154304
Key Down;Left Shift;154616
Key Up;Left Shift;167504
Key Down;A;167584
Key Up;W;167616
Key Down;S;167728
Key Up;A;168408
Key Down;D;168488
Key Up;S;168648
Key Down;W;168720
Key Up;D;168824
Key Down;A;168984
Key Up;A;169136
Key Down;D;169200
Key Up;W;169328
Key Down;S;169568
Key Up;D;169808
Key Down;A;170112
Key Up;A;170304
Key Down;A;170440
Key Up;S;170472
Key Down;W;170552
Key Up;A;170768
Key Down;A;170993
Key Up;W;171016
Key Down;S;171080
Key Up;A;171280
Key Down;A;171328
Key Up;A;171408
Key Up;S;171600
Key Down;D;171600
Key Down;W;171656
Key Up;D;171696
Key Down;A;172296
Key Up;W;172320
Key Down;W;172400
Key Up;A;172440
Key Down;S;172440
Key Up;W;172472
Key Down;D;173104
Key Up;S;173504
Key Up;D;173592
Key Down;A;173608
Key Up;A;174016
Key Down;C;174080
Key Down;A;174088
Key Up;C;174112
Key Up;A;174272
Key Down;A;174296
Key Down;S;174320
Key Up;S;174376
Key Down;S;174432
Key Up;A;174648
Key Up;S;174760
Key Down;Tab;175072
Key Up;Tab;178512
Key Down;Tab;179584
Key Up;Tab;181728
Key Down;Tab;182600
Key Up;Tab;183144
Key Down;W;184384
Key Down;Left Shift;185440
Key Down;C;186752
Key Up;C;186848
Key Up;Left Shift;195048
Key Down;A;195520
Key Up;W;195552
Key Down;W;195592
Key Up;A;195640
Key Up;W;195800
Key Down;D;195832
Key Down;S;195928
Key Up;S;196585
Key Down;S;197088
Key Down;A;197136
Key Up;D;197200
Key Up;S;197432
Key Up;A;197944
Key Down;D;197944
Key Down;S;198152
Key Down;A;198256
Key Up;A;198336
Key Down;A;198368
Key Up;D;198376
Key Up;S;198560
Key Down;D;199192
Key Up;A;199304
Key Down;W;199664
Key Up;D;199912
Key Down;D;200256
Key Up;W;200600
Key Down;W;200640
Key Up;W;200832
Key Down;A;200912
Key Down;S;200912
Key Up;D;200968
Key Up;A;201344
Key Down;D;201664
Key Up;S;201736
Key Down;W;201840
Key Up;D;202112
Key Down;D;202920
Key Up;W;203016
Key Down;S;203120
Key Up;D;203568
Key Down;A;203680
Key Up;S;203872
Key Down;D;204040
Key Up;A;204080
Key Down;W;204144
Key Up;D;204208
Key Down;D;204296
Key Up;W;204368
Key Down;S;204584
Key Up;S;204960
Key Down;W;205008
Key Up;D;205048
Key Down;A;205448
Key Up;W;205496
Key Down;S;205624
Key Up;S;206032
Key Down;W;207120
Key Up;W;207408
Key Down;W;207600
Key Up;A;207992
Key Down;Left Shift;208048
Key Up;Left Shift;220480
Key Down;D;220568
Key Up;W;220808
Key Down;W;221176
Key Up;D;221232
Key Down;D;221376
Key Up;D;221560
Key Up;W;221776
Key Down;S;221840
Key Up;S;222312
Key Down;W;222360
Key Down;A;222704
Key Up;W;222720
Key Down;S;222888
Key Down;D;222896
Key Up;D;222928
Key Up;A;222968
Key Down;D;222968
Key Up;S;223024
Key Down;S;223376
Key Up;S;223440
Key Down;S;223480
Key Down;A;223600
Key Up;D;223664
Key Up;S;223880
Key Down;S;224080
Key Up;A;224368
Key Down;A;224520
Key Up;S;224624
Key Down;S;224792
Key Up;A;225112
Key Down;D;225184
Key Down;A;225576
Key Up;D;225600
Key Up;S;225680
Key Down;W;225752
Key Up;A;225776
Key Up;W;226000
Key Down;A;226008
Key Down;S;226088
Key Up;A;226168
Key Down;D;226320
Key Up;S;226544
Key Down;S;226680
Key Up;S;226856
Key Down;W;226912
Key Up;D;226944
Key Up;W;227256
Key Down;D;227400
Key Down;W;227424
Key Up;D;227464
Key Down;D;227496
Key Up;W;227552
Key Down;S;227664
Key Down;A;228304
Key Up;D;228312
Key Up;S;228848
Key Down;S;228904
Key Up;A;229024
Key Up;S;229248
Key Down;Tab;229528
Key Up;Tab;232496
Key Down;Tab;234232
Key Up;Tab;234376
Key Down;A;235440
Key Down;W;235488
Key Up;A;236152
Key Down;A;236592
Key Up;A;237072
Key Down;D;237152
Key Up;D;237272
Key Up;W;238360
Key Down;W;238704
Key Down;Left Shift;239016
Key Up;Left Shift;257096
Key Down;D;257120
Key Up;W;257168
Key Down;S;257256
Key Up;D;257352
Key Down;A;257368
Key Up;A;257696
Key Down;A;257768
Key Up;A;257952
Key Down;A;258096
Key Up;A;258368
Key Down;A;258424
Key Up;S;258720
Key Down;D;258736
Key Up;A;258784
Key Down;W;258793
Key Up;D;258840
Key Down;D;258888
Key Down;A;258896
Key Up;W;258928
Key Up;D;258944
Key Down;W;259008
Key Up;A;259304
Key Down;A;259368
Key Up;W;259408
Key Down;S;259488
Key Up;A;259568
Key Down;A;259624
Key Up;A;259696
Key Down;D;259840
Key Up;S;260112
Key Down;W;260536
Key Up;D;260784
Key Down;D;262024
Key Up;W;262200
Key Down;S;262304
Key Up;S;263000
Key Down;S;263144
Key Up;S;263424
Key Down;S;263600
Key Up;S;264080
Key Down;W;264184
Key Up;D;264264
Key Down;A;264496
Key Up;W;264584
Key Down;S;264664
Key Up;S;265240
Key Down;W;265312
Key Up;W;265432
Key Down;S;265536
Key Up;A;265600
Key Down;D;265624
Key Up;S;266392
Key Down;W;266472
Key Up;D;266744
Key Down;D;266808
Key Up;W;266872
Key Down;S;266960
Key Down;A;266968
Key Up;A;267008
Key Up;S;267280
Key Down;W;267344
Key Up;D;267400
Key Down;A;267472
Key Up;A;267600
Key Down;A;267736
Key Up;A;267848
Key Up;W;267936
Key Down;A;267936
Key Down;S;268024
Key Down;D;268032
Key Up;A;268064
Key Up;D;268264
Key Down;D;268448
Key Up;S;268808
Key Down;W;268872
Key Up;D;268920
Key Up;W;269240
Key Down;S;269304
Key Down;D;269456
Key Up;S;269768
Key Down;W;269848
Key Up;D;270216
Key Down;D;270800
Key Up;W;270832
Key Down;S;270968
Key Up;D;271424
Key Down;D;271560
Key Up;S;271880
Key Down;W;271976
Key Up;W;272184
Key Down;S;272432
Key Up;D;272488
Key Up;S;273096
Key Down;W;273144
Key Up;W;273672
Key Down;S;273744
Key Down;A;273928
Key Up;S;274464
Key Up;A;274472
Key Down;A;274528
Key Down;W;274536
Key Up;W;274584
Key Down;S;274696
Key Up;S;275800
Key Down;W;275864
Key Up;A;275880
Key Down;D;275952
Key Up;D;276496
Key Down;D;276648
Key Up;W;276944
Key Down;W;277032
Key Up;D;277096
Key Down;A;277456
Key Up;W;277504
Key Down;S;277600
Key Up;A;278192
Key Down;D;278472
Key Up;D;278800
Key Up;S;278904
Key Down;W;278968
Key Down;D;279448
Key Up;W;279808
Key Down;S;279976
Key Up;D;280312
Key Down;A;280392
Key Up;A;280544
Key Up;S;280608
Key Down;Tab;280992
Key Up;Tab;283112
Key Down;W;289968
Key Down;Left Shift;290072
Key Up;Left Shift;296384
Key Down;A;296440
Key Up;W;296608
Key Down;S;296808
Key Up;S;298088
Key Down;S;298848
Key Up;A;299688
Key Down;D;299856
Key Up;D;300080
Key Down;A;300088
Key Up;S;300216
Key Down;W;300296
Key Up;A;300336
Key Down;A;300416
Key Up;A;300608
Key Up;W;300784
Key Down;S;300856
Key Down;3;301560
Key Up;3;301696
Key Down;D;301968
Key Up;D;302344
Key Down;D;302728
Key Up;D;302816
Key Up;S;304656
Key Down;W;304728
Key Down;Left Shift;304912
Key Up;Left Shift;306000
Key Down;D;306016
Key Up;D;306056
Key Down;D;306104
Key Up;W;306384
Key Down;W;306464
Key Down;A;306664
Key Up;W;306688
Key Up;D;306712
Key Down;S;306768
Key Up;A;307048
Key Down;A;307176
Key Up;S;307640
Key Down;W;307864
Key Up;W;308464
Key Down;S;308608
Key Up;A;308712
Key Down;A;308888
Key Up;S;309008
Key Down;W;309104
Key Up;W;309320
Key Down;S;309408
Key Up;A;309504
Key Down;A;309680
Key Up;S;309792
Key Down;W;309968
Key Up;A;310552
Key Down;Left Shift;310696
Key Up;Left Shift;312128
Key Down;D;312208
Key Up;D;312272
Key Down;D;312568
Key Up;D;312712
Key Up;W;312888
Key Down;S;312960
Key Down;D;313392
Key Up;D;313848
Key Up;S;314248
Key Down;A;314288
Key Down;W;314360
Key Up;A;314424
Key Up;W;314944
Key Down;S;315024
Key Up;S;315968
Key Down;Tab;316416
Key Up;Tab;318128
Key Down;Tab;319248
Key Up;Tab;320376
Key Down;W;325160
Key Down;Left Shift;325280
Key Up;Left Shift;326712
Key Down;D;326776
Key Up;W;327272
Key Down;A;327344
Key Down;S;327344
Key Up;A;327384
Key Down;A;327584
Key Up;A;327840
Key Down;A;327920
Key Up;D;327976
Key Down;D;328008
Key Up;D;328072
Key Up;S;328184
Key Down;W;328280
Key Up;A;328328
Key Down;A;328536
Key Up;W;328552
Key Down;W;328624
Key Up;W;328728
Key Down;S;328824
Key Up;A;328896
Key Down;A;329184
Key Up;S;329248
Key Down;S;329336
Key Up;A;329392
Key Down;A;329672
Key Up;S;329888
Key Down;W;329968
Key Up;A;330008
Key Down;A;330272
Key Up;W;330288
Key Down;S;330360
Key Up;A;330832
Key Down;D;330928
Key Up;S;331168
Key Down;W;331232
Key Up;D;331272
Key Down;D;331352
Key Up;W;331408
Key Down;S;331672
Key Down;A;331864
Key Up;S;331899
Key Down;S;331952
Key Up;A;331992
Key Up;S;332240
Key Down;S;332376
Key Up;D;332800
Key Down;A;332816
Key Up;S;333328
Key Down;S;333712
Key Up;S;334408
Key Down;W;334640
Key Up;A;335048
Key Down;Tab;335256
Key Up;Tab;335656
Key Down;D;335936
Key Up;D;336224
Key Down;A;336312
Key Up;W;336584
Key Up;A;336656
Key Down;S;336696
Key Down;D;336704
Key Up;S;336736
Key Down;W;336912
Key Up;D;337368
Key Down;D;337456
Key Up;W;337464
Key Down;S;337560
Key Up;S;337648
Key Down;W;337728
Key Up;W;337920
Key Down;S;338016
Key Up;D;338176
Key Down;A;338224
Key Up;A;338288
Key Down;A;338728
Key Up;A;338840
Key Down;D;338864
Key Up;S;338920
Key Down;S;339184
Key Up;S;339384
Key Down;W;339456
Key Up;D;339728
Key Up;W;340392
Key Down;S;340488
Key Down;D;340720
Key Up;D;340888
Key Up;S;341200
Key Down;W;341280
Key Down;D;341472
Key Up;W;341480
Key Down;W;341672
Key Up;D;341736
Key Down;D;341864
Key Up;W;341872
Key Down;W;342072
Key Up;D;342120
Key Up;W;342288
Key Down;A;342288
Key Down;S;342384
Key Up;A;342448
Key Up;S;343192
Key Down;W;343288
Key Down;A;343464
Key Up;A;343568
Key Up;W;343640
Key Down;W;344304
Key Down;A;344472
Key Up;W;344512
Key Down;S;344672
Key Up;A;344880
Key Down;A;345168
Key Up;S;345616
Key Down;W;345848
Key Down;Left Shift;346048
Key Up;A;346048
Key Up;Left Shift;347120
Key Down;Tab;347224
Key Up;Tab;347880
Key Down;Left Shift;347992
Key Up;W;349656
Key Up;Left Shift;349712
Key Down;S;349720
Key Down;D;349888
Key Up;S;350248
Key Down;W;350392
Key Up;D;350496
Key Down;A;350600
Key Up;W;350632
Key Down;S;350760
Key Up;A;351232
Key Down;A;351288
Key Up;A;351696
Key Up;S;352224
Key Down;Tab;352504
Key Up;Tab;353952
Key Down;Tab;354680
Key Up;Tab;356944
Key Down;Tab;357288
Key Up;Tab;358112
Key Down;W;361456
Key Down;Left Shift;361632
Key Up;Left Shift;370848
Key Down;A;371000
Key Up;W;371208
Key Down;S;371416
Key Up;A;371840
Key Down;D;372112
Key Down;A;372224
Key Up;D;372232
Key Up;S;372432
Key Down;D;372488
Key Up;A;372512
Key Down;W;372584
Key Up;D;373048
Key Down;D;373248
Key Up;W;373416
Key Down;S;373480
Key Up;D;373568
Key Down;A;373712
Key Down;D;374152
Key Up;A;374160
Key Up;S;374624
Key Down;W;374752
Key Up;W;374872
Key Down;W;374952
Key Up;W;374992
Key Down;S;375096
Key Up;D;375368
Key Down;A;375488
Key Up;S;376232
Key Down;S;376416
Key Up;S;376520
Key Down;S;377152
Key Up;A;377184
Key Down;A;377288
Key Up;A;378056
Key Up;S;378080
Key Down;Tab;379608
Key Up;Tab;380952
Key Down;W;385040
Key Down;A;387032
Key Up;A;387320
Key Up;W;387361
Key Down;W;387472
Key Down;Left Shift;387568
Key Up;Left Shift;390432
Key Up;W;390560
Key Down;A;390576
Key Up;A;390632
Key Down;S;390640
Key Down;A;390728
Key Up;A;391240
Key Up;S;391344
Key Down;D;391352
Key Down;W;391400
Key Up;D;391456
Key Down;D;391496
Key Up;D;391720
Key Down;A;391800
Key Up;W;392928
Key Down;S;393272
Key Up;S;393360
Key Down;S;393512
Key Up;A;393752
Key Down;D;393768
Key Up;D;393856
Key Up;S;394136
Key Down;M;398864
Key Up;M;398968
Key Down;Escape;403728
Key Up;Escape;403880
Key Down;W;404680
Key Down;Left Shift;405224
Key Up;Left Shift;412128
Key Down;A;412320
Key Up;W;412368
Key Down;S;412465
Key Up;A;412552
Key Down;A;412680
Key Up;A;413032
Key Down;D;413264
Key Up;S;413488
Key Down;W;413592
Key Up;W;413736
Key Down;W;414128
Key Up;W;414200
Key Down;W;414264
Key Up;D;414328
Key Down;D;414720
Key Up;D;414896
Key Up;W;415048
Key Down;S;415120
Key Down;A;415496
Key Up;A;415664
Key Up;S;415728
Key Down;W;415792
Key Down;A;416160
Key Up;W;416168
Key Down;S;416376
Key Up;A;416728
Key Down;A;416968
Key Up;S;417016
Key Up;A;417080
Key Down;W;417088
Key Down;D;417208
Key Up;W;417352
Key Down;W;417528
Key Up;D;417768
Key Up;W;418640
Key Down;S;418728
Key Down;D;419008
Key Up;S;419140
Key Down;S;419200
Key Up;D;419328
Key Up;S;419896
Key Down;W;419952
Key Down;A;420808
Key Up;W;420840
Key Down;S;420920
Key Up;A;421072
Key Down;D;421728
Key Up;S;421952
Key Down;W;422032
Key Up;W;422264
Key Down;S;422488
Key Down;A;423312
Key Up;D;423336
Key Up;A;423424
Key Up;S;423584
Key Down;Tab;423728
Key Up;Tab;429392
Key Down;W;432872
Key Down;Left Shift;433080
Key Up;W;434880
Key Up;Left Shift;434952
Key Down;W;435064
Key Up;W;435376
Key Down;S;435456
Key Up;S;435520
Key Down;S;435560
Key Down;A;435992
Key Up;S;436320
Key Down;D;436512
Key Up;A;436568
Key Up;D;436776
Key Down;Tab;437680
Key Up;Tab;438872
Key Down;A;446136
Key Down;W;446312
Key Up;A;446984
Key Down;Left Shift;447040
Key Up;Left Shift;451280
Key Down;D;451408
Key Up;W;451504
Key Down;S;451800
Key Up;D;452944
Key Up;S;454048
Key Down;Tab;456976
Key Up;Tab;459008
Key Down;W;462240
Key Down;Left Shift;462304
Key Up;Left Shift;465720
Key Down;A;466072
Key Up;A;466192
Key Down;Left Shift;466209
Key Up;Left Shift;492672
Key Down;A;492928
Key Up;W;492976
Key Down;S;493064
Key Up;A;493144
Key Down;D;493360
Key Up;D;493960
Key Down;D;494608
Key Up;S;494912
Key Down;W;495040
Key Up;D;495128
Key Down;A;495896
Key Up;W;495920
Key Down;S;496064
Key Up;A;496352
Key Down;A;496672
Key Up;A;497240
Key Down;A;497408
Key Up;A;497728
Key Down;D;498152
Key Up;D;498657
Key Down;D;498808
Key Up;D;499000
Key Up;S;499752
Key Down;Tab;499928
Key Up;Tab;503528
Key Down;W;508672
Key Down;Left Shift;508864
Key Up;W;517248
Key Up;Left Shift;517296
Key Down;S;517352
Key Down;A;517360
Key Up;S;517744
Key Down;W;517856
Key Up;A;517944
Key Down;Left Shift;518000
Key Up;Left Shift;533200
Key Down;A;533952
Key Up;W;533960
Key Down;S;534040
Key Up;A;534096
Key Down;D;534256
Key Up;D;534752
Key Up;S;534792
Key Down;D;534864
Key Down;W;534888
Key Up;D;534944
Key Down;A;535144
Key Up;A;535200
Key Down;A;535440
Key Up;W;535656
Key Down;S;535736
Key Up;A;535904
Key Down;D;536176
Key Up;S;536456
Key Down;A;536496
Key Down;W;536544
Key Up;D;536568
Key Up;A;536792
Key Down;D;537120
Key Up;W;537288
Key Down;S;537408
Key Up;S;537712
Key Down;W;537768
Key Up;D;537824
Key Down;A;537912
Key Up;W;538176
Key Down;S;538280
Key Up;A;538464
Key Up;S;538776
Key Down;W;538856
Key Up;W;539200
Key Down;W;539408
Key Up;W;539624
Key Down;S;539760
Key Up;S;540208
Key Down;W;540272
Key Up;W;540656
Key Down;F;540688
Key Up;F;541488
Key Down;W;541688
Key Down;A;542208
Key Up;W;542464
Key Down;S;542608
Key Up;A;542928
Key Down;D;543064
Key Up;S;543312
Key Down;S;543360
Key Up;S;543520
Key Down;W;543576
Key Up;W;543680
Key Down;W;543824
Key Up;D;543960
Key Down;D;544048
Key Up;D;544160
Key Down;A;544360
Key Up;W;544464
Key Down;S;544608
Key Up;A;544792
Key Down;D;545024
Key Up;S;545304
Key Down;A;545664
Key Down;S;545696
Key Up;D;545808
Key Up;S;546000
Key Down;W;546096
Key Up;A;546176
Key Down;A;546416
Key Up;W;546464
Key Down;S;546616
Key Up;S;547016
Key Down;W;547368
Key Up;A;547392
Key Down;A;547432
Key Up;A;547792
Key Down;A;548288
Key Up;W;548336
Key Down;S;548424
Key Up;A;548912
Key Down;A;548992
Key Up;S;549696
Key Down;W;549800
Key Up;A;549856
Key Down;A;549912
Key Up;W;550064
Key Down;S;550520
Key Up;A;550832
Key Down;D;550920
Key Up;D;550968
Key Down;A;550984
Key Up;S;551424
Key Down;S;551832
Key Up;A;551976
Key Down;A;552240
Key Up;A;552376
Key Up;S;552442
Key Down;D;552456
Key Down;A;552464
Key Up;D;552528
Key Down;W;552560
Key Up;A;552616
Key Down;D;552688
Key Up;D;552920
Key Down;A;552944
Key Up;W;552984
Key Down;S;553128
Key Up;A;554120
Key Up;S;554536
Key Down;D;554616
Key Down;W;554640
Key Up;D;554704
Key Down;Left Shift;555096
Key Up;Left Shift;555504
Key Down;D;555800
Key Up;D;556592
Key Down;D;556760
Key Up;W;557056
Key Down;W;557368
Key Up;W;557760
Key Down;S;557864
Key Up;D;558568
Key Up;S;558712
Key Down;Tab;558984
Key Up;Tab;561704
Key Down;Tab;565160
Key Up;Tab;567336
Key Down;W;568064
Key Down;Left Shift;568168
Key Up;Left Shift;574920
Key Down;A;575024
Key Up;W;575088
Key Down;S;575344
Key Up;S;575768
Key Down;D;575912
Key Down;W;575976
Key Up;D;576000
Key Up;A;576192
Key Down;Left Shift;576376
Key Up;Left Shift;593024
Key Down;A;593216
Key Up;W;593272
Key Down;S;593368
Key Up;A;593432
Key Down;A;593648
Key Up;A;594184
Key Down;D;594336
Key Up;S;594432
Key Down;A;594480
Key Down;W;594520
Key Up;D;594528
Key Up;A;594584
Key Down;D;594904
Key Up;D;594968
Key Down;A;595392
Key Up;W;595440
Key Up;A;595472
Key Down;D;595472
Key Down;W;595896
Key Up;D;596440
Key Down;D;596496
Key Up;D;596680
Key Down;Left Shift;597120
Key Up;Left Shift;597768
Key Down;A;597768
Key Up;W;597784
Key Down;W;597816
Key Up;W;598384
Key Down;S;598480
Key Up;S;599448
Key Down;W;599528
Key Up;A;599600
Key Down;Left Shift;599928
Key Up;Left Shift;600392
Key Up;W;600408
Key Down;W;600728
Key Down;D;600792
Key Up;W;600816
Key Down;W;600904
Key Up;D;601080
Key Up;W;601232
Key Down;S;601296
Key Down;D;601656
Key Up;S;601872
Key Up;D;601904
Key Down;W;601960
Key Up;W;602440
Key Down;S;602536
Key Down;D;602648
Key Up;D;602888
Key Down;D;603448
Key Up;S;603736
Key Down;W;603928
Key Up;D;603976
Key Down;A;604280
Key Up;W;604288
Key Down;S;604368
Key Up;A;604560
Key Down;D;604784
Key Up;D;605080
Key Up;S;605096
Key Down;W;605152
Key Up;W;605328
Key Down;A;605344
Key Down;S;605432
Key Up;A;605528
Key Down;A;605832
Key Up;A;605928
Key Up;S;605936
Key Down;W;605984
Key Up;W;606552
Key Down;S;606624
Key Down;A;607024
Key Up;A;607192
Key Down;Tab;607280
Key Up;Tab;607416
Key Down;D;607584
Key Up;D;607912
Key Down;D;608080
Key Up;S;608536
Key Down;W;608816
Key Up;D;608864
Key Down;A;608920
Key Up;A;609144
Key Down;A;609232
Key Up;W;609272
Key Down;S;609376
Key Up;S;609888
Key Down;W;609952
Key Up;A;609992
Key Down;A;610552
Key Up;W;610576
Key Down;S;610656
Key Up;A;610696
Key Down;A;611152
Key Up;A;611240
Key Up;S;611264
Key Down;W;611328
Key Down;A;611616
Key Up;W;611848
Key Down;S;611928
Key Up;S;612400
Key Down;D;612408
Key Up;A;612432
Key Down;W;612472
Key Up;D;612512
Key Up;W;612808
Key Down;S;612872
Key Down;A;613152
Key Up;A;613408
Key Up;S;613512
Key Down;D;613536
Key Down;W;613576
Key Up;D;613616
Key Down;A;613888
Key Up;A;614280
Key Up;W;614384
Key Down;A;614560
Key Up;A;614632
Key Down;S;614664
Key Up;S;614808
Key Down;W;614864
Key Up;W;615384
Key Down;S;615488
Key Down;A;616104
Key Up;A;616312
Key Down;A;616432
Key Up;A;616520
Key Down;A;616536
Key Up;A;616704
Key Up;S;617216
Key Down;W;617264
Key Up;W;617656
Key Down;A;617664
Key Down;S;617728
Key Up;A;617856
Key Down;A;617952
Key Up;A;618160
Key Up;S;618640
Key Down;W;618736
Key Up;W;620072
Key Down;S;620144
Key Up;S;620800
Key Down;W;620864
Key Down;A;621336
Key Up;W;621360
Key Down;S;621480
Key Up;A;622080
Key Down;D;622152
Key Up;S;622256
Key Down;W;622352
Key Up;W;622440
Key Down;A;622544
Key Down;S;622544
Key Up;A;622616
Key Up;D;622624
Key Down;D;623032
Key Up;D;623448
Key Down;D;623568
Key Up;S;623576
Key Down;W;623656
Key Up;D;623776
Key Down;A;623784
Key Up;W;623824
Key Down;S;623904
Key Up;A;623992
Key Up;S;624240
Key Down;S;624808
Key Down;A;624952
Key Up;A;625144
Key Up;S;625184
Key Down;Tab;625480
Key Up;Tab;625800
Key Down;Left Alt;627256
Key Down;Tab;627296
Key Up;Left Alt;627384
Key Up;Tab;627432
