Event;Key;Time
Key Down;Escape;1370
Key Up;Escape;1482
Key Down;W;2010
Key Up;W;2114
Key Down;W;2226
Key Down;A;3330
Key Up;A;3442
Key Down;A;3498
Key Up;W;3786
Key Down;W;3890
Key Up;A;4026
Key Up;W;4130
Key Down;D;4306
Key Up;D;4538
Key Down;W;4746
Key Down;A;4802
Key Up;A;5250
Key Down;D;5274
Key Up;W;5306
Key Down;W;5570
Key Up;D;5706
Key Down;D;6002
Key Up;W;6042
Key Up;D;6082
Key Down;W;6955
Key Down;A;7154
Key Up;W;7162
Key Up;A;7250
Key Down;D;7339
Key Down;W;7458
Key Up;D;7498
Key Down;D;7851
Key Up;D;8074
Key Up;W;8306
Key Down;W;8499
Key Down;D;8690
Key Up;W;8786
Key Up;D;8842
Key Down;W;8842
Key Down;D;9003
Key Up;W;9098
Key Up;D;9114
Key Down;A;10218
Key Down;W;10347
Key Up;A;10451
Key Down;D;10514
Key Up;D;10850
Key Down;Space;10963
Key Up;Space;11170
Key Up;W;11435
Key Down;A;11722
Key Up;A;11858
Key Down;W;13002
Key Down;Space;13274
Key Down;A;13506
Key Up;Space;13554
Key Up;A;13778
Key Down;Space;13834
Key Up;Space;14410
Key Down;A;14970
Key Up;W;15122
Key Down;S;15250
Key Up;A;15354
Key Up;S;15410
Key Down;W;15490
Key Down;Space;15498
Key Up;Space;15770
Key Down;D;15786
Key Up;D;15858
Key Down;Space;15866
Key Up;Space;16162
Key Down;D;16275
Key Down;Space;16339
Key Up;D;16450
Key Up;W;16482
Key Down;S;16555
Key Up;Space;16666
Key Down;Space;16762
Key Up;Space;16986
Key Down;D;17050
Key Up;S;17058
Key Up;D;17330
Key Down;D;17994
Key Down;W;18002
Key Up;D;18026
Key Down;A;18074
Key Up;A;18738
Key Down;A;18754
Key Up;A;19410
Key Down;Left Shift;19538
Key Up;Left Shift;19698
Key Down;Space;20106
Key Up;Space;20250
Key Down;Left Shift;20314
Key Up;Left Shift;20538
Key Down;A;20899
Key Up;W;21706
Key Down;S;22082
Key Up;S;22202
Key Down;S;22402
Key Up;A;22658
Key Up;S;22722
Key Down;W;22842
Key Down;Space;23218
Key Up;Space;23450
Key Down;A;24738
Key Up;A;25122
Key Down;Space;25274
Key Up;Space;25722
Key Up;W;26074
Key Down;D;26538
Key Up;D;26658
Key Down;W;27338
Key Down;Space;27570
Key Up;Space;27738
Key Down;D;28082
Key Up;D;28466
Key Down;D;28722
Key Up;D;28986
Key Up;W;29394
Key Down;W;29530
Key Down;Space;29690
Key Up;W;29722
Key Up;Space;29874
Key Down;Space;29986
Key Down;W;30179
Key Down;D;30346
Key Up;Space;30570
Key Down;Space;30586
Key Up;D;30730
Key Up;Space;30738
Key Down;A;30738
Key Up;A;31146
Key Up;W;31178
Key Down;D;31218
Key Up;D;31322
Key Down;A;31490
Key Down;W;31746
Key Down;Space;31756
Key Up;Space;32026
Key Up;A;32074
Key Up;W;32410
Key Down;W;32658
Key Down;D;32666
Key Up;D;32826
Key Up;W;32930
Key Down;W;33266
Key Up;W;33418
Key Down;S;33874
Key Up;S;34018
Key Down;D;34267
Key Down;W;34394
Key Up;D;34426
Key Down;D;34739
Key Up;W;34866
Key Up;D;34898
Key Down;S;35002
Key Up;S;35098
Key Down;A;35122
Key Down;W;35378
Key Up;A;35442
Key Up;W;35570
Key Down;W;35906
Key Up;W;36066
Key Down;A;36194
Key Up;A;36314
Key Down;D;39242
Key Down;W;39347
Key Up;D;39442
Key Up;W;39474
Key Down;W;40474
Key Down;Space;40834
Key Up;Space;41522
Key Down;D;41586
Key Up;W;41842
Key Up;D;41850
Key Down;W;42138
Key Down;Space;42346
Key Up;Space;42522
Key Up;W;42778
Key Down;W;43043
Key Up;W;43290
Key Down;W;43474
Key Up;W;43666
Key Down;W;44555
Key Down;Space;44594
Key Up;Space;44906
Key Up;W;44986
Key Down;S;45082
Key Up;S;45386
Key Down;W;45466
Key Up;W;45650
Key Down;W;45786
Key Up;W;46394
Key Down;W;46483
Key Down;Space;46906
Key Up;Space;47074
Key Down;R;47122
Key Up;R;47362
Key Up;W;47522
Key Down;W;47699
Key Down;A;48618
Key Up;A;48978
Key Down;D;49474
Key Up;D;49666
Key Down;A;50490
Key Up;A;51066
Key Down;D;51210
Key Up;D;51538
Key Down;A;51594
Key Down;Space;51826
Key Up;A;52018
Key Down;A;52410
Key Up;Space;52490
Key Up;A;52738
Key Up;W;52882
Key Down;A;52954
Key Down;W;53082
Key Up;A;53186
Key Down;Space;53202
Key Down;A;53250
Key Up;Space;53538
Key Up;A;53546
Key Down;D;53578
Key Down;A;53722
Key Up;D;53786
Key Up;W;53834
Key Down;S;53922
Key Up;A;53970
Key Down;D;54138
Key Up;S;54146
Key Down;W;54258
Key Down;Space;54810
Key Up;D;54858
Key Up;Space;55018
Key Down;Space;55474
Key Up;Space;55802
Key Down;D;57019
Key Up;W;57906
Key Down;S;58114
Key Up;D;58466
Key Up;S;58482
Key Down;W;58626
Key Down;Space;62675
Key Up;Space;63018
Key Up;W;63138
Key Down;W;64514
Key Down;A;64994
Key Up;A;65570
Key Down;A;66090
Key Up;A;66234
Key Down;Space;70146
Key Up;Space;70298
Key Up;W;70546
Key Down;D;70546
Key Down;W;70602
Key Up;D;70810
Key Up;W;70890
Key Down;W;70963
Key Up;W;71138
Key Down;A;71146
Key Up;A;71290
Key Down;S;71314
Key Up;S;71554
Key Down;D;71738
Key Up;D;71898
Key Down;W;72178
Key Up;W;72371
Key Down;W;72475
Key Down;A;72570
Key Up;A;72738
Key Up;W;72770
Key Down;D;73139
Key Up;D;73234
Key Down;W;73458
Key Down;A;73722
Key Down;Space;73738
Key Up;Space;74042
Key Up;A;74562
Key Down;Space;74778
Key Up;Space;75346
Key Down;A;76434
Key Up;W;77362
Key Down;W;77730
Key Up;A;77794
Key Down;D;77994
Key Up;W;78306
Key Up;D;78562
Key Down;W;78578
Key Down;A;79866
Key Down;Space;80370
Key Up;A;80538
Key Up;Space;80586
Key Down;D;80730
Key Up;W;80898
Key Up;D;80954
Key Down;A;81170
Key Up;A;81282
Key Down;W;81555
Key Up;W;81898
Key Down;S;81986
Key Up;S;82146
Key Down;W;82354
Key Down;Space;82682
Key Down;D;82938
Key Up;Space;83034
Key Up;D;83202
Key Down;A;83330
Key Up;A;83562
Key Down;D;83586
Key Up;D;83842
Key Down;Space;83954
Key Up;Space;84330
Key Up;W;86554
Key Down;W;86946
Key Up;W;87050
Key Down;S;87242
Key Up;S;87490
Key Down;W;87627
Key Up;W;87762
Key Down;W;87892
Key Up;W;88098
Key Down;Space;88178
Key Down;W;88250
Key Up;Space;88338
Key Up;W;88426
Key Down;A;88603
Key Up;A;88754
Key Down;A;89242
Key Up;A;89346
Key Down;W;89956
Key Up;W;90042
Key Down;W;90274
Key Down;Space;90458
Key Up;Space;90714
Key Down;A;90731
Key Down;Space;90970
Key Up;A;90994
Key Up;W;91058
Key Up;Space;91186
Key Down;A;91187
Key Down;W;91258
Key Up;A;91370
Key Up;W;91498
Key Down;W;91802
Key Up;W;91986
Key Down;A;92034
Key Up;A;92314
Key Down;D;92794
Key Up;D;92906
Key Down;A;93282
Key Up;A;93362
Key Down;D;93490
Key Up;D;93578
Key Down;W;95050
Key Down;Space;95794
Key Up;Space;96034
Key Down;Space;96187
Key Down;D;96466
Key Up;Space;96514
Key Up;D;96826
Key Down;A;96850
Key Up;A;96930
Key Up;W;96986
Key Down;Space;97194
Key Up;Space;97434
Key Down;Space;97562
Key Up;Space;98387
Key Down;W;99098
Key Down;Space;99186
Key Up;Space;99635
Key Down;A;99899
Key Down;Space;100010
Key Up;Space;100186
Key Up;W;100346
Key Down;W;100778
Key Up;A;100842
Key Down;D;100970
Key Up;W;101034
Key Up;D;101074
Key Down;A;101162
Key Up;A;101202
Key Down;A;101498
Key Up;A;101698
Key Down;W;102122
Key Down;Space;102395
Key Up;Space;102522
Key Up;W;103490
Key Down;W;104506
Key Down;A;105274
Key Up;A;105514
Key Down;A;105962
Key Up;A;106098
Key Down;D;106162
Key Up;D;106362
Key Down;D;106674
Key Up;D;106882
Key Down;A;107386
Key Up;A;107466
Key Down;A;107594
Key Up;A;107866
Key Down;Space;108506
Key Down;A;108722
Key Up;Space;108818
Key Up;A;109050
Key Down;D;109194
Key Up;D;109554
Key Down;Space;109882
Key Down;A;109891
Key Up;Space;110282
Key Up;A;110370
Key Down;D;110434
Key Down;A;110563
Key Up;D;110635
Key Up;W;110650
Key Down;W;110874
Key Up;A;111410
Key Down;Space;111914
Key Up;Space;112114
Key Down;Space;112234
Key Up;Space;112370
Key Down;D;113330
Key Up;D;113866
Key Down;A;113906
Key Up;A;113987
Key Down;A;114786
Key Up;A;115242
Key Down;D;115418
Key Up;D;115610
Key Down;Space;116003
Key Down;A;116602
Key Up;Space;116954
Key Up;A;117058
Key Down;Space;117250
Key Up;Space;117490
Key Down;D;118106
Key Up;D;118722
Key Down;R;118834
Key Up;R;118978
Key Down;D;121282
Key Up;D;121402
Key Down;Space;122547
Key Down;A;123042
Key Up;Space;123330
Key Up;A;123682
Key Down;R;123683
Key Up;R;123850
Key Down;D;124938
Key Up;D;125450
Key Down;A;127146
Key Up;A;127266
Key Down;Space;127387
Key Down;A;127954
Key Up;Space;128090
Key Up;A;128314
Key Down;R;128315
Key Up;R;128474
Key Up;W;128602
Key Down;W;128740
Key Down;Space;130122
Key Up;Space;130354
Key Down;D;130938
Key Up;D;131162
Key Down;Space;132386
Key Down;A;132610
Key Up;Space;132802
Key Up;A;132954
Key Up;W;133170
Key Down;D;133258
Key Up;D;133370
Key Down;W;133698
Key Down;Space;133892
Key Up;Space;134610
Key Down;Space;136490
Key Up;Space;136650
Key Down;A;136842
Key Up;A;137058
Key Down;A;137250
Key Down;Space;137386
Key Up;Space;137650
Key Up;A;137675
Key Down;D;137922
Key Up;D;138322
Key Up;W;138386
Key Down;W;138690
Key Down;A;138698
Key Up;A;138802
Key Up;W;138818
Key Down;W;139282
Key Down;D;139354
Key Up;D;139610
Key Up;W;139642
Key Down;W;140115
Key Down;A;140499
Key Up;A;140626
Key Down;Space;140770
Key Up;Space;141458
Key Down;Space;141570
Key Down;A;141890
Key Up;Space;142434
Key Up;A;142546
Key Up;W;143058
Key Down;A;143194
Key Up;A;143314
Key Down;W;144834
Key Down;Space;145098
Key Up;Space;145458
Key Down;Space;145538
Key Down;A;145674
Key Up;Space;145738
Key Up;A;145802
Key Up;W;145858
Key Down;W;146002
Key Up;W;146162
Key Down;W;146611
Key Down;Space;146922
Key Up;Space;147274
Key Down;Space;147314
Key Up;Space;147754
Key Down;Space;147794
Key Up;Space;148194
Key Up;W;148330
Key Down;D;148490
Key Up;D;148810
Key Down;A;149067
Key Up;A;149658
Key Down;D;149938
Key Up;D;150458
Key Down;D;150651
Key Down;W;151410
Key Up;W;151714
Key Up;D;152730
Key Down;A;152842
Key Down;W;153034
Key Up;A;153338
Key Up;W;153730
Key Down;W;153962
Key Down;A;154067
Key Up;W;154410
Key Up;A;154779
Key Down;A;155018
Key Down;W;156034
Key Up;A;157642
Key Down;R;157938
Key Up;W;157986
Key Up;R;158066
Key Down;W;158210
Key Up;W;158514
Key Down;W;158794
Key Down;Space;160074
Key Up;Space;160403
Key Down;A;161922
Key Up;A;162002
Key Down;Space;162443
Key Down;A;162684
Key Up;Space;162746
Key Up;W;162954
Key Up;A;162978
Key Down;W;163298
Key Down;Space;163642
Key Up;Space;164170
Key Down;D;164690
Key Up;D;164842
Key Down;A;165138
Key Up;A;165530
Key Down;Space;166402
Key Down;A;166435
Key Up;Space;166618
Key Up;A;166946
Key Down;D;167258
Key Down;Space;167338
Key Down;A;167434
Key Up;D;167450
Key Up;Space;167594
Key Up;W;167698
Key Up;A;168010
Key Down;A;168410
Key Up;A;168514
Key Down;W;168962
Key Down;Space;169282
Key Up;Space;169794
Key Down;A;169931
Key Up;A;170106
Key Down;Space;170130
Key Down;A;170354
Key Up;Space;170666
Key Up;A;170754
Key Down;A;171250
Key Up;W;171467
Key Up;A;171514
Key Down;W;171754
Key Down;Space;172098
Key Up;Space;172298
Key Down;Space;172418
Key Up;Space;172554
Key Down;D;172843
Key Up;D;172914
Key Up;W;173026
Key Down;W;173522
Key Down;Space;173858
Key Up;Space;174162
Key Up;W;174714
Key Down;S;175202
Key Up;S;175354
Key Down;A;175610
Key Up;A;175754
Key Down;W;176050
Key Down;Space;176259
Key Up;Space;176498
Key Down;Space;176659
Key Up;Space;176778
Key Down;A;176954
Key Up;W;177122
Key Up;A;177138
Key Down;D;177234
Key Up;D;177346
Key Down;A;177458
Key Up;A;177618
Key Down;W;177955
Key Down;Space;178322
Key Down;A;178570
Key Up;W;178906
Key Up;A;178938
Key Up;Space;178986
Key Down;Space;179378
Key Down;W;179563
Key Down;A;179722
Key Up;Space;179762
Key Up;W;179874
Key Up;A;179906
Key Down;W;180346
Key Up;W;180458
Key Down;D;180691
Key Down;W;180762
Key Up;D;180802
Key Down;Space;180923
Key Up;Space;181530
Key Down;A;181562
Key Down;Space;181834
Key Up;A;181842
Key Up;Space;182114
Key Down;A;182131
Key Up;A;182890
Key Down;Space;182971
Key Up;Space;183194
Key Down;A;183354
Key Up;W;183682
Key Up;A;183738
Key Down;W;183914
Key Down;Space;184146
Key Up;Space;184386
Key Down;A;185410
Key Up;W;185938
Key Down;Space;186042
Key Down;W;186154
Key Up;Space;186258
Key Up;A;186266
Key Down;Space;186450
Key Down;D;186578
Key Up;Space;186675
Key Up;D;186746
Key Up;W;186754
Key Down;W;186954
Key Up;W;187186
Key Down;D;188347
Key Up;D;188395
Key Down;S;188410
Key Up;S;188530
Key Down;W;189114
Key Down;A;189402
Key Up;A;190154
Key Up;W;190234
Key Down;W;190434
Key Down;D;190922
Key Up;D;191474
Key Down;A;191659
Key Down;Space;191818
Key Up;A;191834
Key Up;Space;192098
Key Down;Space;192178
Key Down;A;192290
Key Up;Space;192442
Key Up;A;192586
Key Down;A;192603
Key Up;A;192690
Key Down;Space;193378
Key Up;Space;193674
Key Down;Space;193746
Key Up;Space;193922
Key Up;W;194042
Key Down;A;194362
Key Down;W;194410
Key Up;A;194578
Key Down;D;194786
Key Up;W;194914
Key Down;W;194946
Key Up;D;195034
Key Down;Space;195058
Key Up;Space;195258
Key Down;Space;195338
Key Up;Space;195482
Key Down;A;195650
Key Up;A;195802
Key Down;A;195962
Key Up;A;196018
Key Up;W;196138
Key Down;A;196218
Key Down;W;196322
Key Up;A;196370
Key Up;W;196450
Key Down;W;196634
Key Down;Space;196906
Key Up;Space;197266
Key Down;Space;197563
Key Up;Space;197706
Key Up;W;197826
Key Down;W;197994
Key Up;W;198058
Key Down;W;198242
Key Up;W;198402
Key Down;A;198434
Key Down;W;198547
Key Up;A;198626
Key Up;W;198738
Key Down;A;199122
Key Up;A;199258
Key Down;W;199418
Key Down;Space;199490
Key Down;A;199506
Key Up;Space;199650
Key Up;W;199786
Key Down;Space;199922
Key Up;A;199954
Key Down;W;200066
Key Up;Space;200130
Key Down;A;200370
Key Up;W;200490
Key Down;W;200690
Key Up;A;200755
Key Up;W;200778
Key Down;A;200834
Key Down;W;200915
Key Up;A;201106
Key Up;W;201170
Key Down;Space;201258
Key Up;Space;201554
Key Down;Space;201626
Key Down;W;201882
Key Up;Space;201938
Key Down;A;201963
Key Up;A;202138
Key Up;W;202154
Key Down;W;202290
Key Up;W;202418
Key Down;W;202650
Key Down;A;202690
Key Down;Space;202842
Key Up;A;202930
Key Up;Space;203234
Key Down;D;203306
Key Down;Space;203466
Key Up;D;203474
Key Down;A;203594
Key Up;Space;204138
Key Up;A;204194
Key Down;D;204474
Key Down;Space;204562
Key Up;D;204634
Key Up;Space;204850
Key Down;D;205141
Key Up;D;205466
Key Down;A;205522
Key Up;A;205618
Key Down;A;206034
Key Up;A;206266
Key Down;Space;206354
Key Up;W;206522
Key Up;Space;206738
Key Down;Space;206795
Key Down;W;206922
Key Up;Space;206946
Key Down;A;206962
Key Up;W;207058
Key Up;A;207138
Key Down;D;207586
Key Up;D;207730
Key Down;W;208714
Key Up;W;208898
Key Down;W;209482
Key Up;W;209722
Key Down;Space;211755
Key Down;W;211890
Key Up;Space;211914
Key Down;A;212010
Key Down;Space;212059
Key Up;Space;212266
Key Up;A;212290
Key Up;W;212330
Key Down;D;212459
Key Down;W;212482
Key Up;D;212530
Key Down;A;212635
Key Up;W;212690
Key Up;A;212738
Key Down;A;213058
Key Up;A;213170
Key Down;S;213434
Key Up;S;213530
Key Down;S;214394
Key Up;S;214498
Key Down;Space;219026
Key Up;Space;219266
Key Down;W;220650
Key Down;Space;220914
Key Up;Space;221338
Key Down;Space;221490
Key Up;Space;221762
Key Down;D;221787
Key Up;D;222242
Key Down;D;226066
Key Up;D;226178
Key Up;W;226186
Key Down;A;226658
Key Down;W;227426
Key Up;A;227722
Key Down;A;228162
Key Up;A;228402
Key Down;A;228754
Key Up;A;228922
Key Down;A;229298
Key Up;A;229530
Key Down;A;230146
Key Up;A;230306
Key Down;A;231114
Key Up;A;231234
Key Down;D;231498
Key Up;D;231586
Key Up;W;231618
Key Down;A;231803
Key Down;S;231819
Key Up;A;231946
Key Up;S;231978
Key Down;W;232642
Key Down;D;232786
Key Down;Space;232866
Key Up;D;232938
Key Up;Space;233066
Key Down;A;233258
Key Down;Space;233371
Key Up;Space;233570
Key Up;A;233698
Key Up;W;233850
Key Down;W;233978
Key Up;W;234130
Key Down;A;234546
Key Down;W;234706
Key Up;A;234874
Key Up;W;234922
Key Down;D;234930
Key Up;D;235082
Key Down;W;235322
Key Down;D;235354
Key Up;D;235506
Key Up;W;235514
Key Down;W;239442
Key Down;Space;239586
Key Up;Space;239762
Key Up;W;240058
Key Down;D;240394
Key Up;D;240586
Key Down;W;241122
Key Down;Space;241338
Key Up;Space;241826
Key Up;W;241970
Key Down;A;242115
Key Down;S;242146
Key Up;A;242330
Key Up;S;242362
Key Down;S;242450
Key Down;A;242466
Key Up;S;242530
Key Up;A;242562
Key Down;A;242882
Key Down;W;243002
Key Up;W;243194
Key Up;A;243266
Key Down;Space;243314
Key Down;W;243554
Key Down;A;243642
Key Up;Space;244066
Key Up;W;244274
Key Up;A;244298
Key Down;W;244882
Key Down;Space;245018
Key Up;Space;245226
Key Down;A;245418
Key Up;W;245578
Key Down;S;245762
Key Up;A;245970
Key Up;S;246202
Key Down;W;246498
Key Up;W;246722
Key Down;W;247002
Key Up;W;247258
Key Down;D;247386
Key Down;W;247530
Key Up;W;247786
Key Up;D;247794
Key Down;W;249618
Key Up;W;249802
Key Down;Space;249802
Key Down;A;249819
Key Down;W;249906
Key Up;Space;250050
Key Up;A;250114
Key Down;A;250187
Key Up;A;250266
Key Down;A;250458
Key Up;A;250762
Key Down;D;250818
Key Up;D;251074
Key Down;A;251082
Key Up;A;251234
Key Down;A;251482
Key Up;A;251762
Key Down;Space;251946
Key Up;Space;252138
Key Down;Space;252338
Key Up;Space;252386
Key Up;W;253139
Key Down;A;253258
Key Up;A;253346
Key Down;A;253394
Key Down;W;253458
Key Up;W;253642
Key Up;A;253682
Key Down;S;253722
Key Down;D;253754
Key Up;D;254058
Key Up;S;254162
Key Down;W;257058
Key Down;D;257523
Key Up;D;257906
Key Down;Space;258187
Key Up;Space;258387
Key Down;A;258531
Key Down;Space;258594
Key Up;A;258778
Key Up;Space;258786
Key Up;W;258850
Key Down;A;258938
Key Down;W;259002
Key Up;A;259306
Key Down;Space;259714
Key Up;Space;260122
Key Up;W;260698
Key Down;A;260810
Key Down;W;260940
Key Up;A;261106
Key Down;Space;261290
Key Down;D;261498
Key Up;Space;261562
Key Up;D;261778
Key Down;Space;261826
Key Down;A;262010
Key Up;Space;262026
Key Up;A;262474
Key Down;D;262490
Key Up;D;263850
Key Down;A;264194
Key Up;A;264666
Key Down;Space;264770
Key Down;A;264818
Key Up;Space;265066
Key Up;A;265162
Key Up;W;265306
Key Down;W;265538
Key Down;Space;265898
Key Up;Space;266186
Key Down;Space;266258
Key Down;A;266338
Key Up;Space;266426
Key Up;A;266714
Key Down;A;266882
Key Up;A;267058
Key Down;Space;267298
Key Up;Space;267586
Key Down;Space;267676
Key Up;Space;267810
Key Up;W;268234
Key Down;W;268626
Key Down;Space;268995
Key Up;Space;269170
Key Down;A;269442
Key Up;A;269834
Key Down;D;269938
Key Up;D;270066
Key Down;A;270338
Key Up;A;270562
Key Down;Space;270810
Key Up;Space;271274
Key Down;Space;271586
Key Up;Space;271698
Key Up;W;271874
Key Down;W;272202
Key Up;W;272418
Key Down;W;272890
Key Down;Space;273155
Key Up;Space;273482
Key Up;W;273682
Key Down;W;273882
Key Up;W;274058
Key Down;Space;274298
Key Up;Space;274490
Key Down;Space;274650
Key Down;W;274779
Key Up;Space;274834
Key Up;W;275034
Key Down;W;275482
Key Down;Space;275842
Key Down;A;275970
Key Up;Space;276090
Key Up;A;276242
Key Down;Space;276733
Key Up;Space;276906
Key Down;D;276962
Key Up;D;277194
Key Down;A;277707
Key Up;A;277890
Key Up;W;278162
Key Down;W;278514
Key Down;A;278626
Key Down;Space;278738
Key Up;A;278850
Key Up;Space;278898
Key Down;Space;279106
Key Up;Space;279778
Key Down;A;279866
Key Up;W;280050
Key Up;A;280058
Key Down;Space;280147
Key Down;W;280154
Key Up;Space;280314
Key Up;W;280578
Key Down;W;281066
Key Up;W;281186
Key Down;D;281330
Key Up;D;281434
Key Down;W;281914
Key Down;Space;282282
Key Up;Space;282570
Key Up;W;283002
Key Down;S;283122
Key Up;S;283282
Key Down;W;283530
Key Up;W;283795
Key Down;W;285074
Key Down;D;285130
Key Up;W;285234
Key Up;D;285266
Key Down;W;285642
Key Down;D;285706
Key Up;W;285826
Key Up;D;285850
Key Down;S;285994
Key Down;A;286058
Key Up;A;286162
Key Up;S;286186
Key Down;A;287146
Key Up;A;287498
Key Down;A;287578
Key Down;W;287666
Key Up;W;288210
Key Up;A;288226
Key Down;D;288338
Key Up;D;288538
Key Down;W;289194
Key Down;A;289266
Key Up;A;289442
Key Up;W;289450
Key Down;W;289915
Key Down;Space;290170
Key Up;Space;290450
Key Down;Space;291163
Key Up;Space;291242
Key Down;A;291603
Key Up;W;292066
Key Down;S;292274
Key Up;S;292826
Key Up;A;292842
Key Down;W;293314
Key Down;D;293362
Key Up;D;293514
Key Up;W;293530
Key Down;W;295554
Key Down;D;297667
Key Up;D;298075
Key Up;W;298082
Key Down;W;298250
Key Up;W;298410
Key Down;D;299210
Key Down;W;299275
Key Up;D;299442
Key Up;W;299554
Key Down;W;299666
Key Up;W;299850
Key Down;S;300010
Key Up;S;300234
Key Down;W;300346
Key Down;Space;300794
Key Up;Space;300930
Key Down;A;301114
Key Up;A;301242
Key Up;W;301530
Key Down;W;301618
Key Up;W;302250
Key Down;Space;302322
Key Up;Space;302794
Key Down;W;303034
Key Down;A;303290
Key Up;W;303442
Key Up;A;303450
Key Down;D;304338
Key Up;D;304466
Key Down;A;304771
Key Up;A;304874
Key Down;A;304962
Key Up;A;305082
Key Down;A;305346
Key Up;A;305530
Key Down;D;305586
Key Down;S;305594
Key Up;S;305722
Key Up;D;305778
Key Down;W;308362
Key Down;D;308938
Key Up;W;309138
Key Up;D;309170
Key Down;W;309650
Key Down;Space;310011
Key Up;Space;310154
Key Up;W;310634
Key Down;D;310778
Key Down;W;310834
Key Up;D;310923
Key Up;W;311098
Key Down;A;311234
Key Up;A;311498
Key Down;D;311882
Key Up;D;312058
Key Down;A;312146
Key Down;W;312226
Key Up;A;312322
Key Up;W;312482
Key Down;D;312722
Key Down;W;313098
Key Up;W;313434
Key Up;D;313458
Key Down;D;313938
Key Down;W;313955
Key Up;W;314274
Key Down;W;314370
Key Up;D;314514
Key Down;Space;315226
Key Up;Space;315426
Key Down;Space;316650
Key Up;Space;316866
Key Down;Space;316962
Key Up;Space;317250
Key Down;Space;318051
Key Down;A;318178
Key Up;Space;318226
Key Down;Space;318346
Key Up;W;318442
Key Up;A;318498
Key Up;Space;318498
Key Down;D;319035
Key Up;D;319122
Key Down;W;319162
Key Down;A;319274
Key Up;W;319362
Key Up;A;319394
Key Down;W;319498
Key Down;Space;319714
Key Down;D;319802
Key Up;Space;319898
Key Up;D;320018
Key Down;Space;320018
Key Up;Space;320202
Key Down;A;320210
Key Up;A;320562
Key Up;W;320610
Key Down;W;320946
Key Down;Space;321386
Key Up;Space;321602
Key Down;A;321875
Key Up;W;322130
Key Up;A;322322
Key Down;W;322562
Key Down;Space;323306
Key Up;Space;323794
Key Up;W;324442
Key Down;W;325010
Key Down;Space;325162
Key Up;Space;325498
Key Up;W;326074
Key Down;W;326266
Key Up;W;326426
Key Down;W;326514
Key Down;Space;326626
Key Up;Space;326826
Key Up;W;327618
Key Down;W;327827
Key Down;Space;328018
Key Up;Space;328202
Key Down;A;328898
Key Up;A;328994
Key Up;W;329042
Key Down;W;329202
Key Down;Space;329290
Key Up;Space;329594
Key Down;D;331011
Key Up;D;331274
Key Down;A;331330
Key Up;A;331690
Key Down;D;331826
Key Up;W;332186
Key Up;D;332762
Key Down;A;332762
Key Down;W;332930
Key Up;A;333074
Key Up;W;333130
Key Down;W;333386
Key Down;D;333410
Key Up;W;333546
Key Up;D;333554
Key Down;D;333755
Key Down;W;333770
Key Down;Space;333995
Key Up;D;334066
Key Up;Space;334130
Key Down;A;334186
Key Up;W;334194
Key Down;D;334274
Key Up;A;334282
Key Down;S;334347
Key Up;D;334458
Key Down;A;334459
Key Up;A;334906
Key Down;A;335018
Key Up;S;335227
Key Down;W;335370
Key Up;A;336082
Key Down;Space;336250
Key Up;Space;336386
Key Down;D;336746
Key Up;W;336866
Key Up;D;336922
Key Down;W;336978
Key Up;W;337138
Key Down;A;337282
Key Up;A;337506
Key Down;D;337530
Key Down;W;337674
Key Up;D;337874
Key Down;D;338034
Key Up;W;338050
Key Up;D;338114
Key Down;D;338370
Key Down;W;338378
Key Up;D;338498
Key Down;Space;338682
Key Down;D;338738
Key Up;Space;338930
Key Up;W;339002
Key Up;D;339258
Key Down;W;339275
Key Up;W;339330
Key Down;A;339346
Key Up;A;339506
Key Down;D;339850
Key Up;D;339970
Key Down;W;340322
Key Down;D;340330
Key Up;W;340418
Key Down;W;340635
Key Up;W;340738
Key Up;D;340746
Key Down;A;340906
Key Up;A;340986
Key Down;S;341242
Key Up;S;341426
Key Down;Space;341635
Key Up;Space;341834
Key Down;W;341850
Key Down;D;342114
Key Down;A;342387
Key Up;D;342410
Key Up;A;342602
Key Down;D;342610
Key Up;W;342858
Key Up;D;343226
Key Down;A;343307
Key Up;A;343450
Key Down;W;343594
Key Up;W;343770
Key Down;W;343834
Key Down;D;343963
Key Up;D;344202
Key Down;A;344212
Key Up;A;344330
Key Up;W;344426
Key Down;W;344994
Key Down;D;345082
Key Down;Space;345274
Key Up;Space;345498
Key Up;D;345562
Key Up;W;345626
Key Down;W;345810
Key Up;W;345962
Key Down;W;346146
Key Down;D;346146
Key Up;D;346362
Key Up;W;346450
Key Down;W;346555
Key Up;W;346618
Key Down;W;346834
Key Up;W;346970
Key Down;S;347258
Key Up;S;347378
Key Down;D;347971
Key Up;D;348090
Key Down;W;348362
Key Down;Space;348637
Key Up;Space;348826
Key Up;W;349706
Key Down;D;349794
Key Up;D;349930
Key Down;Space;350074
Key Up;Space;350282
Key Down;Space;350410
Key Up;Space;350690
Key Down;W;350762
Key Down;A;350842
Key Up;W;351090
Key Up;A;351090
Key Down;Space;351546
Key Down;W;351722
Key Up;Space;351802
Key Down;A;351898
Key Up;W;352450
Key Up;A;352450
Key Down;W;352827
Key Up;W;352954
Key Down;A;353554
Key Up;A;353586
Key Down;D;354082
Key Down;W;354138
Key Up;W;354650
Key Up;D;354666
Key Down;A;355130
Key Down;W;355226
Key Up;A;355314
Key Up;W;355394
Key Down;D;355674
Key Up;D;355802
Key Down;A;356146
Key Down;S;356274
Key Up;S;356482
Key Up;A;356530
Key Down;A;356706
Key Down;W;356730
Key Up;W;356866
Key Up;A;357050
Key Down;S;357162
Key Up;S;357306
Key Down;W;357602
Key Down;Space;357874
Key Up;Space;358178
Key Down;Space;358290
Key Down;A;358395
Key Up;Space;358450
Key Up;A;358786
Key Up;W;358802
Key Down;W;359386
Key Up;W;359482
Key Down;A;359570
Key Up;A;359690
Key Down;S;361234
Key Up;S;361346
Key Down;W;361707
Key Down;Space;361858
Key Up;Space;362323
Key Down;Space;362530
Key Down;A;362651
Key Up;Space;362722
Key Up;A;362826
Key Up;W;362930
Key Down;A;363066
Key Down;W;363186
Key Up;A;363298
Key Up;W;363314
Key Down;W;363907
Key Down;Space;364122
Key Up;Space;364426
Key Down;Space;364714
Key Up;Space;364890
Key Up;W;365034
Key Down;W;365138
Key Down;A;365250
Key Up;A;365370
Key Down;D;365578
Key Up;W;365754
Key Up;D;365810
Key Down;Space;376954
Key Up;Space;377282
Key Down;W;377394
Key Down;A;377466
Key Up;W;377674
Key Up;A;377706
Key Down;W;377986
Key Down;Space;378170
Key Up;W;378362
Key Up;Space;378378
Key Down;S;378450
Key Up;S;378986
Key Down;D;379362
Key Down;W;379378
Key Up;D;379522
Key Down;Space;379666
Key Down;A;379762
Key Up;A;379986
Key Up;Space;379994
Key Down;A;380091
Key Up;A;380322
Key Down;D;380371
Key Up;W;380466
Key Up;D;380554
Key Down;W;381170
Key Up;W;381274
Key Down;A;381410
Key Down;S;381546
Key Down;Space;381746
Key Up;A;381762
Key Down;A;382115
Key Up;Space;382242
Key Up;S;382298
Key Up;A;382378
Key Down;D;382474
Key Down;W;382538
Key Up;D;382658
Key Up;W;382690
Key Down;W;383490
Key Down;A;383530
Key Down;Space;383722
Key Up;A;383794
Key Up;Space;384026
Key Down;Space;384114
Key Up;Space;384338
Key Up;W;384442
Key Down;D;384674
Key Up;D;384810
Key Down;W;385218
Key Down;Space;385450
Key Up;Space;385674
Key Down;D;385683
Key Down;Space;385802
Key Up;D;385906
Key Up;Space;385938
Key Up;W;386162
Key Down;D;386434
Key Up;D;386562
Key Down;W;387131
Key Down;Space;387338
Key Up;Space;387642
Key Down;Space;387762
Key Down;D;387938
Key Up;Space;387986
Key Up;D;388170
Key Up;W;388466
Key Down;S;388859
Key Up;S;389010
Key Down;Space;389386
Key Down;W;389490
Key Up;Space;389538
Key Down;D;389578
Key Down;Space;389674
Key Up;W;389754
Key Up;D;389834
Key Up;Space;389986
Key Down;W;390114
Key Down;D;390186
Key Up;D;390355
Key Up;W;390394
Key Down;W;390690
Key Down;Space;390826
Key Down;D;391058
Key Up;Space;391098
Key Up;D;391234
Key Up;W;391562
Key Down;W;392811
Key Down;A;393290
Key Up;W;393882
Key Down;S;393978
Key Up;A;394058
Key Down;D;394266
Key Up;S;394386
Key Down;W;394498
Key Up;W;394810
Key Up;D;394890
Key Down;A;394930
Key Down;W;395034
Key Down;Space;395178
Key Up;A;395314
Key Up;W;395362
Key Up;Space;395378
Key Down;A;395458
Key Down;Space;395474
Key Down;W;395555
Key Up;Space;395770
Key Up;A;395810
Key Down;A;396058
Key Up;A;396330
Key Down;D;396362
Key Up;W;396426
Key Down;W;396498
Key Up;D;396578
Key Down;Space;396586
Key Up;Space;396861
Key Down;A;396946
Key Up;A;397234
Key Up;W;397314
Key Down;S;397410
Key Up;S;397626
Key Down;D;397650
Key Down;W;397722
Key Up;D;397746
Key Up;W;397843
Key Down;S;398074
Key Down;A;398250
Key Up;S;398282
Key Down;Space;398330
Key Down;W;398402
Key Up;A;398554
Key Up;W;398554
Key Down;W;398722
Key Up;Space;398866
Key Down;A;398994
Key Up;W;399010
Key Down;W;399058
Key Down;D;399210
Key Up;A;399250
Key Up;D;399338
Key Down;A;399346
Key Up;W;399418
Key Down;S;399514
Key Up;A;399658
Key Down;D;399682
Key Up;D;399850
Key Down;A;399858
Key Up;S;400082
Key Down;R;400218
Key Up;A;400298
Key Up;R;400370
Key Down;W;401786
Key Down;A;401978
Key Up;A;402186
Key Down;Space;402355
Key Down;D;402507
Key Up;Space;402546
Key Up;D;402626
Key Up;W;402658
Key Down;Space;403530
Key Down;A;403842
Key Up;Space;403866
Key Down;W;404114
Key Up;A;404459
Key Down;D;404546
Key Up;D;404682
Key Up;W;404690
Key Down;W;404994
Key Down;Space;405018
Key Up;Space;405202
Key Up;W;405578
Key Down;W;405899
Key Up;W;405978
Key Down;A;406482
Key Up;A;406562
Key Down;W;407066
Key Down;Space;407178
Key Up;Space;407770
Key Up;W;407802
Key Down;S;407979
Key Up;S;408066
Key Down;W;408187
Key Down;Space;408386
Key Up;Space;408644
Key Up;W;408746
Key Down;S;408786
Key Down;A;409162
Key Up;S;409226
Key Up;A;409290
Key Down;W;409883
Key Down;Space;409922
Key Up;Space;410242
Key Down;Space;410458
Key Up;Space;410658
Key Up;W;410970
Key Down;W;411394
Key Down;D;411419
Key Up;D;411562
Key Up;W;411602
Key Down;W;411626
Key Up;W;411730
Key Down;A;412218
Key Down;W;412274
Key Up;A;412402
Key Down;Space;412490
Key Up;Space;412922
Key Down;Space;413234
Key Up;Space;413434
Key Up;W;414010
Key Down;W;415538
Key Down;Space;415786
Key Up;Space;415978
Key Up;W;416062
Key Down;W;416939
Key Down;Space;417066
Key Up;Space;417258
Key Up;W;417306
Key Down;Space;417338
Key Down;A;417531
Key Down;W;417562
Key Up;Space;417594
Key Up;A;417834
Key Up;W;417938
Key Down;W;418546
Key Down;A;418570
Key Up;A;418834
Key Up;W;418906
Key Down;S;419010
Key Up;S;419138
Key Down;W;419634
Key Down;Space;419914
Key Down;A;420018
Key Up;Space;420090
Key Up;A;420138
Key Up;W;420226
Key Down;W;420658
Key Up;W;420746
Key Down;W;420938
Key Up;W;421066
Key Down;W;421258
Key Up;W;421386
Key Down;S;421530
Key Up;S;421658
Key Down;W;421946
Key Down;Space;422195
Key Up;Space;422722
Key Down;Space;423322
Key Up;Space;423418
Key Up;W;423442
Key Down;W;423763
Key Up;W;423858
Key Down;W;425426
Key Down;Space;425546
Key Up;Space;425954
Key Down;Space;426210
Key Up;Space;426306
Key Up;W;426506
Key Down;W;426754
Key Up;W;426890
Key Down;W;427146
Key Up;W;427210
Key Down;D;427442
Key Up;D;427514
Key Down;S;427786
Key Up;S;427858
Key Down;W;428074
Key Down;Space;428259
Key Up;Space;428698
Key Down;Space;429171
Key Up;Space;429290
Key Down;Space;430602
Key Up;Space;430810
Key Down;Space;430970
Key Up;Space;431098
Key Down;Space;433386
Key Up;Space;433546
Key Up;W;433962
Key Down;S;434130
Key Up;S;434242
Key Down;W;434450
Key Down;Space;434610
Key Up;Space;434866
Key Down;Space;435026
Key Up;Space;435162
Key Up;W;435378
Key Down;W;435578
Key Up;W;435802
Key Down;W;436426
Key Down;A;436578
Key Up;W;436618
Key Down;W;436834
Key Up;A;436890
Key Up;W;437058
Key Down;D;437186
Key Up;D;437298
Key Down;S;437482
Key Down;D;437522
Key Up;S;437586
Key Up;D;437666
Key Down;W;438170
Key Down;D;438354
Key Down;Space;438378
Key Up;Space;438578
Key Up;D;438842
Key Down;Space;438890
Key Up;Space;439050
Key Down;D;439066
Key Up;W;439202
Key Up;D;439266
Key Down;D;439434
Key Down;W;439483
Key Up;D;439642
Key Up;W;439722
Key Down;D;439938
Key Down;W;440098
Key Up;D;440138
Key Down;Space;440434
Key Up;Space;440690
Key Down;Space;441338
Key Up;Space;441482
Key Up;W;441690
Key Down;W;441835
Key Up;W;442202
Key Down;W;442314
Key Down;D;442450
Key Up;W;442554
Key Up;D;442562
Key Down;A;443154
Key Up;A;443266
Key Down;S;443386
Key Up;S;443554
Key Down;A;443906
Key Down;S;444194
Key Up;A;444314
Key Up;S;444370
Key Down;W;444506
Key Up;W;444643
Key Down;A;444730
Key Up;A;444802
Key Down;W;444834
Key Down;Space;445186
Key Up;Space;445346
Key Down;A;445587
Key Up;A;445802
Key Up;W;445922
Key Down;W;446738
Key Up;W;447098
Key Down;D;447162
Key Up;D;447570
Key Down;A;447666
Key Down;W;447714
Key Up;W;447890
Key Up;A;447898
Key Down;S;447994
Key Up;S;448146
Key Down;W;448418
Key Down;D;448474
Key Up;D;448682
Key Up;W;448706
Key Down;D;449162
Key Up;D;449282
Key Down;A;449971
Key Down;W;450098
Key Up;A;450114
Key Down;A;450275
Key Up;W;450386
Key Up;A;450450
Key Down;W;450562
Key Up;W;450674
Key Down;A;450802
Key Up;A;450866
Key Down;W;451522
Key Down;D;451578
Key Up;D;451946
Key Down;D;452186
Key Up;D;452338
Key Down;Space;452410
Key Up;Space;452578
Key Down;Space;452746
Key Up;Space;452802
Key Up;W;453154
Key Down;W;453530
Key Down;Space;454194
Key Up;Space;454418
Key Up;W;454786
Key Down;W;455082
Key Down;Space;455770
Key Up;Space;456002
Key Down;A;456930
Key Up;A;457138
Key Down;A;457354
Key Down;Space;457490
Key Up;Space;457698
Key Up;A;458346
Key Up;W;461434
Key Down;W;461699
Key Up;W;462106
Key Down;Space;462635
Key Down;W;462690
Key Up;Space;462946
Key Down;A;463354
Key Up;W;463362
Key Down;W;463474
Key Up;A;463490
Key Up;W;463810
Key Down;W;464987
Key Down;Space;465522
Key Up;Space;465738
Key Down;Space;467075
Key Up;Space;467594
Key Down;A;467730
Key Up;A;468018
Key Down;A;470226
Key Up;A;470490
Key Down;A;471154
Key Up;W;471258
Key Up;A;471282
Key Down;W;471594
Key Down;Space;472082
Key Up;Space;472258
Key Down;A;472426
Key Up;W;472458
Key Down;S;472562
Key Up;A;472794
Key Up;S;472842
Key Down;W;474186
Key Down;Space;474690
Key Up;Space;474874
Key Down;Space;476179
Key Up;Space;476402
Key Down;A;476618
Key Up;A;477250
Key Down;D;479130
Key Up;D;479650
Key Down;D;480074
Key Down;Space;480274
Key Up;D;480322
Key Up;Space;480850
Key Down;D;481602
Key Up;D;481850
Key Down;D;482282
Key Up;W;482586
Key Down;W;483034
Key Up;W;483458
Key Up;D;483506
Key Down;A;483522
Key Down;S;483563
Key Up;S;483794
Key Down;W;483898
Key Up;A;484122
Key Down;A;484602
Key Up;A;485394
Key Up;W;485506
Key Down;D;485778
Key Down;W;485802
Key Up;D;486106
Key Down;Space;486315
Key Up;Space;486482
Key Down;D;486882
Key Up;D;487002
Key Up;W;487010
Key Down;W;487314
Key Up;W;487514
Key Down;A;487691
Key Down;W;487770
Key Up;W;487946
Key Down;W;488435
Key Up;A;488442
Key Down;D;488514
Key Up;W;488563
Key Down;W;488627
Key Up;D;489034
Key Down;D;489066
Key Down;Space;489258
Key Up;Space;489434
Key Up;D;489954
Key Down;D;490490
Key Down;Space;490826
Key Up;Space;491074
Key Up;D;492314
Key Down;Space;492378
Key Up;Space;492770
Key Down;D;492842
Key Up;D;493058
Key Down;A;493098
Key Up;A;493234
Key Down;R;493435
Key Up;R;493530
Key Up;W;493570
Key Down;W;493754
Key Up;W;494018
Key Down;D;494330
Key Up;D;494402
Key Down;W;494810
Key Up;W;495002
Key Down;A;495090
Key Down;W;495154
Key Up;W;495442
Key Up;A;495482
Key Down;D;495554
Key Up;D;495698
Key Down;A;495898
Key Down;W;495979
Key Up;W;496066
Key Up;A;496106
Key Down;W;496234
Key Down;A;496338
Key Up;A;496458
Key Down;D;496626
Key Up;D;496938
Key Down;Space;496962
Key Up;Space;497154
Key Down;A;497546
Key Up;W;497658
Key Up;A;497818
Key Down;A;498026
Key Down;W;498058
Key Down;Space;499378
Key Up;Space;499578
Key Up;A;499642
Key Down;A;499978
Key Up;W;500042
Key Up;A;500074
Key Down;S;500123
Key Down;D;500171
Key Up;D;500354
Key Up;S;500450
Key Down;W;500706
Key Down;Space;500938
Key Down;A;501186
Key Up;Space;501258
Key Down;Space;501370
Key Up;A;501397
Key Down;A;501490
Key Up;Space;501691
Key Up;A;501698
Key Down;D;501738
Key Down;A;501962
Key Up;W;501970
Key Up;D;502058
Key Down;W;502322
Key Down;Space;502587
Key Up;A;502594
Key Up;Space;502922
Key Up;W;503074
Key Down;D;503146
Key Down;W;503291
Key Up;D;503466
Key Down;Space;503610
Key Up;Space;503858
Key Down;Space;503947
Key Up;W;504154
Key Down;A;504378
Key Up;Space;504418
Key Down;W;504498
Key Up;A;505226
Key Down;Space;505330
Key Up;Space;505546
Key Down;Space;505690
Key Up;Space;505858
Key Down;A;505930
Key Up;A;506202
Key Up;W;506250
Key Down;A;506522
Key Up;A;506642
Key Down;W;506651
Key Down;Space;506914
Key Up;Space;507154
Key Down;Space;507506
Key Up;Space;507610
Key Down;A;507658
Key Up;W;507706
Key Up;A;507770
Key Down;W;507882
Key Up;W;508026
Key Down;W;508586
Key Down;Space;509010
Key Up;Space;509434
Key Down;Space;509882
Key Down;A;510370
Key Up;Space;510378
Key Up;W;510754
Key Up;A;510786
Key Down;W;510810
Key Down;D;510938
Key Down;Space;511002
Key Up;Space;511218
Key Up;D;511266
Key Down;Space;511498
Key Up;Space;511642
Key Up;W;511842
Key Down;W;512131
Key Down;D;512250
Key Up;W;512306
Key Up;D;512386
Key Down;Space;512938
Key Up;Space;513218
Key Down;Space;513346
Key Down;W;513530
Key Up;Space;513578
Key Down;A;513834
Key Up;A;514154
Key Down;Space;514482
Key Up;Space;514778
Key Down;A;514970
Key Up;W;515194
Key Up;A;515498
Key Down;W;515650
Key Down;A;515971
Key Up;A;516146
Key Down;A;516266
Key Up;A;516610
Key Down;A;516698
Key Up;A;517002
Key Down;A;517722
Key Up;W;517738
Key Up;A;517834
Key Down;D;517906
Key Down;W;518083
Key Up;D;518258
Key Down;D;518618
Key Up;D;518938
Key Down;D;519274
Key Up;W;520138
Key Up;D;520165
Key Down;W;520306
Key Down;Space;521066
Key Up;Space;521266
Key Down;D;521731
Key Up;D;521866
Key Down;D;521940
Key Up;W;522042
Key Down;A;522106
Key Up;D;522132
Key Down;W;522723
Key Up;A;523090
Key Down;D;523154
Key Up;W;523362
Key Down;W;523554
Key Up;W;524130
Key Up;D;524202
Key Down;D;524274
Key Up;D;524426
Key Down;A;524635
Key Down;W;524643
Key Up;A;524722
Key Down;Space;525938
Key Up;Space;526586
Key Down;Space;526666
Key Up;W;526746
Key Up;Space;526946
Key Down;W;527234
Key Up;W;527450
Key Down;D;527891
Key Down;W;527906
Key Down;A;528491
Key Up;D;528562
Key Down;D;528875
Key Up;A;528882
Key Up;W;529218
Key Up;D;529218
Key Down;R;529563
Key Up;R;529706
Key Down;W;530234
Key Down;Space;530786
Key Up;Space;531050
Key Down;A;531459
Key Up;A;531642
Key Down;D;531786
Key Up;D;531858
Key Down;A;531986
Key Up;A;532594
Key Down;Space;532978
Key Down;A;533058
Key Up;Space;533170
Key Up;W;533322
Key Up;A;533386
Key Down;A;533530
Key Up;A;533698
Key Down;W;533778
Key Up;W;534194
Key Down;S;534274
Key Up;S;534570
Key Down;W;534698
Key Up;W;534746
Key Down;W;534794
Key Down;D;535466
Key Up;D;535786
Key Down;Space;535874
Key Up;Space;536074
Key Down;A;536114
Key Down;Space;536226
Key Up;A;536282
Key Up;Space;536466
Key Down;A;536642
Key Up;A;537154
Key Down;Space;537618
Key Up;Space;538234
Key Down;Space;538827
Key Up;Space;539354
Key Down;A;539506
Key Up;A;539642
Key Down;Space;540050
Key Up;Space;540410
Key Down;Space;540570
Key Down;A;540639
Key Up;A;540778
Key Up;Space;540834
Key Up;W;540874
Key Down;W;541163
Key Up;W;541378
Key Down;Space;541690
Key Up;Space;542098
Key Down;Space;542163
Key Down;W;542314
Key Up;Space;542474
Key Down;Space;543843
Key Up;Space;544338
Key Up;W;544370
Key Down;A;544995
Key Down;W;545114
Key Up;A;545226
Key Up;W;545250
Key Down;D;545459
Key Down;W;545555
Key Up;D;545586
Key Up;W;545636
Key Down;D;545859
Key Down;W;545938
Key Up;D;546114
Key Up;W;546122
Key Down;W;546522
Key Down;A;546522
Key Up;A;546562
Key Down;D;546602
Key Up;W;546698
Key Down;W;546730
Key Up;W;546818
Key Down;W;547394
Key Up;D;547562
Key Down;Space;548106
Key Down;A;548266
Key Up;Space;548346
Key Up;A;548458
Key Up;W;548826
Key Down;W;548986
Key Up;W;549178
Key Down;W;549410
Key Up;W;549524
Key Down;A;549770
Key Down;W;549834
Key Up;W;549986
Key Down;W;550267
Key Up;A;550594
Key Up;W;551058
Key Down;W;551370
Key Up;W;551786
Key Down;A;552307
Key Up;A;552434
Key Down;W;552586
Key Down;Space;552811
Key Up;Space;552978
Key Up;W;553610
Key Down;W;553731
Key Up;W;554050
Key Down;W;554322
Key Down;A;554507
Key Up;A;555122
Key Up;W;555234
Key Down;R;555410
Key Up;R;555570
Key Down;W;556426
Key Down;Space;557082
Key Up;Space;557266
Key Down;D;558114
Key Up;D;558642
Key Down;A;559187
Key Down;Space;559338
Key Up;A;559442
Key Up;Space;559554
Key Up;W;559636
Key Down;A;559706
Key Down;W;559714
Key Up;A;559898
Key Up;W;559930
Key Down;A;560410
Key Up;A;560570
Key Down;W;560786
Key Down;Space;561162
Key Down;A;561483
Key Up;Space;561562
Key Up;W;561978
Key Up;A;562122
Key Down;W;562164
Key Down;Space;562394
Key Up;Space;562650
Key Down;A;562770
Key Down;Space;562818
Key Up;A;562914
Key Up;Space;562970
Key Up;W;563066
Key Down;A;563258
Key Up;A;563386
Key Down;D;563787
Key Down;W;563866
Key Up;D;563946
Key Down;Space;564186
Key Down;D;564250
Key Up;Space;564330
Key Down;Space;564354
Key Up;Space;564418
Key Up;D;564498
Key Down;A;564778
Key Down;Space;564778
Key Up;A;564938
Key Up;Space;564962
Key Down;D;565154
Key Up;D;565418
Key Up;W;565626
Key Down;W;565714
Key Down;A;566139
Key Up;A;566242
Key Down;Space;566274
Key Up;Space;566498
Key Down;Space;566810
Key Up;Space;567474
Key Up;W;567626
Key Down;R;567674
Key Up;R;567786
Key Down;Escape;568234
Key Up;Escape;568354
Key Down;Escape;574939
Key Up;Escape;575050
Key Down;W;575930
Key Down;Space;576498
Key Up;Space;576658
Key Down;A;576850
Key Up;A;577330
Key Down;A;577971
Key Down;Space;578698
Key Up;A;578746
Key Up;Space;579330
Key Down;A;579619
Key Up;W;579794
Key Up;A;579850
Key Down;W;580091
Key Down;Space;580226
Key Up;Space;580474
Key Down;Space;580530
Key Down;D;580818
Key Up;W;580826
Key Up;Space;580826
Key Up;D;581010
Key Down;W;581146
Key Up;W;581362
Key Down;Space;581514
Key Up;Space;581794
Key Down;Space;581962
Key Down;A;582210
Key Down;W;582258
Key Up;Space;582346
Key Up;A;582858
Key Up;W;582970
Key Down;W;583235
Key Up;W;583506
Key Down;W;583986
Key Down;A;584258
Key Up;A;584546
Key Up;W;584842
Key Down;D;585315
Key Down;W;585450
Key Up;D;585794
Key Down;Space;586515
Key Up;Space;586674
Key Down;D;587290
Key Down;A;587763
Key Up;D;587795
Key Up;W;587818
Key Down;W;587890
Key Down;D;587930
Key Up;A;587970
Key Up;D;588370
Key Up;W;588722
Key Down;W;589554
Key Up;W;590298
Key Down;W;590650
Key Down;Space;590658
Key Up;Space;591106
Key Down;A;591170
Key Up;A;591458
Key Down;A;592107
Key Up;A;592637
Key Up;W;592730
Key Down;W;593826
Key Down;Space;594490
Key Up;Space;594643
Key Down;A;595210
Key Up;A;595426
Key Down;D;595469
Key Up;W;595658
Key Down;W;595674
Key Up;D;595931
Key Down;A;595938
Key Down;Space;596722
Key Up;Space;596866
Key Up;W;597162
Key Up;A;597490
Key Down;W;597978
Key Down;Space;598210
Key Down;A;598250
Key Up;Space;598410
Key Down;Space;598578
Key Up;Space;598762
Key Up;A;599050
Key Up;W;599210
Key Down;W;599650
Key Down;Space;599922
Key Up;Space;600178
Key Down;Space;600270
Key Up;Space;600426
Key Up;W;600554
Key Down;W;600906
Key Down;D;601050
Key Up;D;601138
Key Up;W;601186
Key Down;S;601258
Key Down;Space;601442
Key Up;Space;601690
Key Down;A;601691
Key Up;A;601826
Key Down;Space;601859
Key Up;Space;602018
Key Down;Space;602082
Key Up;S;602130
Key Down;W;602251
Key Up;Space;602258
Key Down;A;602306
Key Up;A;602778
Key Down;Space;603762
Key Up;Space;603970
Key Down;Space;604042
Key Down;A;604162
Key Up;Space;604178
Key Up;W;604354
Key Up;A;604362
Key Down;A;604658
Key Up;A;604770
Key Down;W;604810
Key Down;Space;605202
Key Up;Space;605426
Key Down;A;605427
Key Down;Space;605538
Key Up;W;605626
Key Up;Space;605714
Key Down;W;605922
Key Up;A;606026
Key Up;W;606178
Key Down;W;606466
Key Up;W;606636
Key Down;W;606850
Key Down;Space;606962
Key Down;A;607027
Key Up;Space;607250
Key Down;Space;607370
Key Up;Space;607538
Key Up;A;607738
Key Up;W;607994
Key Down;A;608554
Key Down;W;608602
Key Up;A;608738
Key Down;Space;608835
Key Up;Space;609018
Key Down;Space;609129
Key Down;A;609250
Key Up;Space;609274
Key Up;W;609378
Key Up;A;609418
Key Down;W;609555
Key Up;W;609706
Key Down;D;610171
Key Down;W;610250
Key Up;D;610466
Key Down;Space;610579
Key Up;Space;610898
Key Down;A;610986
Key Up;A;611202
Key Down;Space;611403
Key Up;Space;611538
Key Down;D;612314
Key Up;D;612794
Key Up;W;612954
Key Down;W;613930
Key Down;Space;614522
Key Up;Space;614794
Key Down;A;614914
Key Up;A;616506
Key Down;Space;616794
Key Down;A;616867
Key Up;Space;617026
Key Up;A;617314
Key Down;A;617466
Key Up;W;617674
Key Up;A;617786
Key Down;W;618050
Key Down;A;618186
Key Down;Space;618242
Key Up;Space;618618
Key Up;A;619186
Key Down;D;619378
Key Up;W;619410
Key Down;Space;619490
Key Down;W;619562
Key Up;D;619602
Key Up;Space;619722
Key Down;A;619818
Key Down;Space;619906
Key Up;Space;620114
Key Up;A;620178
Key Up;W;620194
Key Down;W;620370
Key Up;W;620498
Key Down;W;620970
Key Down;D;620995
Key Down;Space;621130
Key Up;D;621146
Key Up;Space;621322
Key Down;Space;621778
Key Up;Space;621930
Key Up;W;622018
Key Down;W;622115
Key Down;A;622586
Key Up;A;623578
Key Down;A;623658
Key Up;A;623770
Key Up;W;623882
Key Down;W;624066
Key Up;W;624266
Key Down;W;624602
Key Up;W;624890
Key Down;S;625067
Key Up;S;625194
Key Down;W;625306
Key Up;W;625554
Key Down;W;625722
Key Down;Space;625778
Key Down;D;625962
Key Up;D;626106
Key Up;Space;626234
Key Down;A;626676
Key Up;W;626706
Key Down;W;626738
Key Up;A;626818
Key Up;W;626914
Key Down;W;627370
Key Down;D;627595
Key Up;D;627906
Key Down;D;627978
Key Up;D;628034
Key Down;A;628426
Key Up;W;629066
Key Down;W;629730
Key Up;A;629810
Key Down;D;629922
Key Up;W;630058
Key Up;D;630066
Key Down;W;630266
Key Down;Space;630874
Key Up;Space;631162
Key Down;Space;632042
Key Up;Space;632418
Key Down;A;633026
Key Up;A;633218
Key Down;Space;633274
Key Up;Space;633642
Key Down;D;633714
Key Up;D;633906
Key Down;A;634162
Key Up;A;634362
Key Up;W;634370
Key Down;W;634882
Key Up;W;635034
Key Down;W;635338
Key Up;W;635482
Key Down;W;635762
Key Up;W;635962
Key Down;W;636474
Key Up;W;636586
Key Down;S;636826
Key Up;S;637210
Key Down;W;637378
Key Down;Space;637738
Key Up;Space;638786
Key Down;Space;641090
Key Up;Space;641218
Key Up;W;641474
Key Down;W;641702
Key Up;W;642250
Key Down;W;642275
Key Up;W;642338
Key Down;W;642805
Key Down;Space;643242
Key Up;Space;643482
Key Down;Space;645138
Key Up;Space;645330
Key Down;Space;647058
Key Up;Space;647522
Key Down;Space;647755
Key Up;Space;648026
Key Down;A;648211
Key Up;A;648554
Key Up;W;648698
Key Down;W;648906
Key Down;A;649266
Key Up;A;649826
Key Down;D;650282
Key Up;D;650427
Key Up;W;650466
Key Down;W;650763
Key Up;W;650978
Key Down;W;651482
Key Up;W;651738
Key Down;D;652370
Key Down;W;652467
Key Up;W;652659
Key Up;D;652682
Key Down;A;653922
Key Down;W;653930
Key Up;A;654114
Key Up;W;654138
Key Down;D;654282
Key Up;D;654474
Key Down;D;654514
Key Down;W;654770
Key Up;D;655050
Key Down;D;655155
Key Up;W;655378
Key Down;W;655674
Key Up;D;655874
Key Down;D;655971
Key Down;Space;656154
Key Up;Space;656322
Key Up;D;656418
Key Up;W;656514
Key Down;W;657250
Key Down;Space;657322
Key Up;W;657442
Key Up;Space;657498
Key Down;W;657850
Key Down;Space;658618
Key Up;Space;659058
Key Down;Space;659274
Key Down;A;660114
Key Up;Space;660354
Key Up;W;660386
Key Up;A;660538
Key Down;D;660578
Key Down;W;660643
Key Down;Space;660714
Key Up;D;660746
Key Down;D;660874
Key Up;Space;660962
Key Up;D;661042
Key Up;W;661210
Key Down;S;661442
Key Up;S;661506
Key Down;A;661698
Key Down;W;661762
Key Up;W;661842
Key Up;A;661898
Key Down;W;662106
Key Down;Space;662146
Key Up;Space;662362
Key Down;D;662370
Key Up;D;662778
Key Up;W;663242
Key Down;D;663418
Key Down;W;663458
Key Up;D;663498
Key Down;A;663531
Key Up;W;663674
Key Down;S;664043
Key Up;S;664146
Key Up;A;664298
Key Down;D;664402
Key Up;D;664738
Key Down;W;666354
Key Down;Space;667194
Key Up;Space;667602
Key Down;Space;667786
Key Up;Space;668122
Key Up;W;668554
Key Down;A;668587
Key Up;A;668763
Key Down;D;668850
Key Up;D;669234
Key Down;A;669626
Key Up;A;669746
Key Down;Space;670075
Key Down;A;670114
Key Down;W;670154
Key Up;Space;670250
Key Up;W;670410
Key Up;A;670418
Key Down;W;670851
Key Up;W;670970
Key Down;W;672930
Key Down;Space;673234
Key Up;Space;673610
Key Up;W;673714
Key Down;W;673802
Key Up;W;673970
Key Down;W;674162
Key Down;A;674506
Key Down;Space;674579
Key Up;A;674658
Key Up;W;674818
Key Down;A;674826
Key Up;Space;674835
Key Down;W;675034
Key Up;W;675170
Key Up;A;675186
Key Down;D;675210
Key Down;W;675291
Key Up;D;675354
Key Up;W;675906
Key Down;A;675987
Key Down;D;676075
Key Up;A;676082
Key Up;D;676362
Key Down;Space;676402
Key Down;W;676602
Key Down;A;676802
Key Up;A;676898
Key Down;D;676930
Key Up;Space;677034
Key Up;D;677346
Key Down;D;677538
Key Up;D;677626
Key Down;A;677682
Key Up;W;677746
Key Up;A;677762
Key Down;W;679739
Key Down;A;680019
Key Up;W;680066
Key Up;A;680090
Key Down;W;681810
Key Down;Space;681938
Key Up;Space;682682
Key Up;W;682986
Key Down;W;684842
Key Up;W;685266
Key Down;W;685450
Key Down;A;685706
Key Up;A;685970
Key Down;A;686018
Key Up;A;686114
Key Down;Space;686242
Key Up;Space;686666
Key Down;A;686762
Key Down;Space;686882
Key Up;Space;687098
Key Up;A;687178
Key Down;A;687970
Key Up;A;688586
Key Up;W;688754
Key Down;W;689954
Key Up;W;690490
Key Down;W;690658
Key Down;Space;691578
Key Up;Space;692026
Key Down;A;692106
Key Down;Space;692362
Key Up;A;692370
Key Up;Space;692930
Key Down;D;692946
Key Up;D;693106
Key Up;W;693130
Key Down;S;693298
Key Down;A;693316
Key Up;S;693810
Key Up;A;693842
Key Down;A;694250
Key Up;A;694402
Key Down;A;694754
Key Down;W;694883
Key Up;W;695042
Key Up;A;695130
Key Down;W;695802
Key Down;A;695946
Key Up;A;696578
Key Down;A;696874
Key Up;A;696994
Key Up;W;697154
Key Down;W;697306
Key Down;Space;697730
Key Up;Space;698154
Key Down;A;698274
Key Up;A;698458
Key Down;A;698626
Key Up;A;698818
Key Down;Space;699154
Key Down;D;699346
Key Up;Space;699866
Key Up;D;699938
Key Down;A;700003
Key Up;A;700450
Key Down;D;700890
Key Up;W;701418
Key Up;D;701530
Key Down;S;701898
Key Up;S;702130
Key Down;W;702282
Key Down;Space;702322
Key Down;D;702458
Key Up;Space;702674
Key Up;D;702682
Key Up;W;702826
Key Down;Space;702906
Key Up;Space;702970
Key Down;A;702994
Key Down;S;703106
Key Up;A;703210
Key Up;S;703218
Key Down;A;705170
Key Down;Space;705347
Key Up;Space;705546
Key Down;W;705986
Key Up;A;706042
Key Down;Space;706050
Key Down;D;706210
Key Up;D;706642
Key Down;A;706803
Key Up;Space;706818
Key Up;A;707434
Key Down;D;707515
Key Up;D;707658
Key Down;A;707938
Key Up;A;708090
Key Down;D;708106
Key Up;W;708218
Key Up;D;708250
Key Down;W;711018
Key Down;Space;711026
Key Up;Space;711274
Key Down;Space;711322
Key Up;Space;711538
Key Up;W;711738
Key Down;W;712842
Key Down;Space;712994
Key Up;Space;713250
Key Down;A;713706
Key Down;Space;713762
Key Up;Space;714026
Key Up;A;714226
Key Down;D;714738
Key Up;D;714834
Key Up;W;715098
Key Down;W;717283
Key Down;Space;717347
Key Up;Space;717578
Key Up;W;717666
Key Down;S;718018
Key Down;Space;718170
Key Up;S;718298
Key Up;Space;718418
Key Down;A;718682
Key Up;A;718906
Key Down;W;719130
Key Up;W;719210
Key Down;A;719282
Key Up;A;719362
Key Down;Space;720235
Key Down;W;720554
Key Up;Space;720658
Key Up;W;720842
Key Down;A;721171
Key Down;Space;721219
Key Up;A;721266
Key Up;Space;721378
Key Down;W;721874
Key Up;W;721954
Key Down;A;722882
Key Down;Space;723058
Key Down;S;723203
Key Up;Space;723378
Key Up;S;723642
Key Down;W;723706
Key Down;Space;723715
Key Up;A;723776
Key Down;D;724043
Key Up;D;724186
Key Up;Space;724250
Key Up;W;724258
Key Down;D;724490
Key Down;S;724706
Key Up;D;724874
Key Up;S;724882
Key Down;W;724954
Key Down;Space;725026
Key Down;D;725218
Key Up;Space;725266
Key Up;W;725610
Key Down;W;725650
Key Up;D;725754
Key Up;W;725810
Key Down;A;725890
Key Up;A;725946
Key Down;W;726730
Key Up;W;727698
Key Down;W;728802
Key Down;Space;728843
Key Up;Space;729098
Key Up;W;729690
Key Down;W;729962
Key Down;Space;730234
Key Up;Space;730786
Key Down;Space;731451
Key Down;A;731810
Key Up;A;732362
Key Up;Space;732378
Key Down;A;732826
Key Down;D;733003
Key Up;A;733018
Key Down;Space;733106
Key Up;Space;733450
Key Down;A;733682
Key Up;D;733714
Key Up;A;733786
Key Up;W;733794
Key Down;A;734162
Key Down;W;734250
Key Down;Space;734290
Key Up;Space;734762
Key Down;Space;735170
Key Up;Space;735794
Key Down;R;736266
Key Up;R;736410
Key Up;A;736466
Key Up;W;736474
Key Down;W;736682
Key Up;W;736738
Key Down;W;736890
Key Down;Space;737514
Key Up;Space;737970
Key Down;Space;738346
Key Down;A;738922
Key Up;Space;739026
Key Up;A;739394
Key Up;W;739498
Key Down;Space;740026
Key Down;W;740146
Key Up;Space;740290
Key Up;W;740402
Key Down;W;743034
Key Down;Space;743244
Key Up;Space;743890
Key Down;D;743954
Key Up;W;744042
Key Up;D;744058
Key Down;W;745234
Key Down;Space;745490
Key Down;A;745690
Key Up;A;745834
Key Up;Space;745850
Key Down;D;745938
Key Up;D;746066
Key Down;Space;746531
Key Down;D;746715
Key Up;Space;746722
Key Up;D;746922
Key Up;W;746930
Key Down;A;747370
Key Down;W;747491
Key Up;A;747610
Key Down;D;747658
Key Up;D;748130
Key Up;W;748162
Key Down;A;748242
Key Up;A;748338
Key Down;W;751218
Key Down;Space;751482
Key Down;A;752090
Key Up;Space;752467
Key Up;A;752738
Key Down;Space;753162
Key Down;A;753506
Key Up;A;753954
Key Up;Space;753981
Key Down;A;754546
Key Up;A;754634
Key Down;D;754786
Key Up;D;754907
Key Down;A;755162
Key Up;A;755266
Key Down;Space;755818
Key Down;A;756066
Key Up;Space;756114
Key Up;A;756218
Key Down;D;756234
Key Up;D;756522
Key Down;Space;756642
Key Up;Space;756810
Key Up;W;757122
Key Down;A;758306
Key Up;A;758442
Key Down;Space;758707
Key Down;W;758770
Key Down;A;758859
Key Up;Space;758954
Key Down;Space;759066
Key Up;A;759275
Key Down;A;759338
Key Up;W;759410
Key Up;Space;759570
Key Up;A;759778
Key Down;W;760058
Key Up;W;760258
Key Down;W;760570
Key Up;W;760690
Key Down;D;760794
Key Up;D;760954
Key Down;W;761098
Key Down;Space;761099
Key Up;Space;761458
Key Down;D;761675
Key Up;W;761682
Key Up;D;761842
Key Down;D;763706
Key Up;D;763802
Key Down;D;764219
Key Up;D;764290
Key Down;W;764562
Key Down;Space;764700
Key Down;A;764746
Key Up;Space;764890
Key Up;A;764930
Key Down;D;765090
Key Up;D;765474
Key Up;W;765682
Key Down;W;766554
Key Up;W;767538
Key Down;S;769378
Key Up;S;769626
Key Down;S;770026
Key Up;S;770474
Key Down;W;770578
Key Down;Space;771434
Key Up;Space;772178
Key Up;W;772530
Key Down;W;772914
Key Down;Space;773578
Key Up;Space;773898
Key Down;Space;774410
Key Up;Space;774570
Key Up;W;774938
Key Down;W;775370
Key Up;W;775538
Key Down;D;776947
Key Down;W;776994
Key Up;D;777122
Key Up;W;777138
Key Down;D;778538
Key Down;A;778602
Key Up;D;778618
Key Up;A;779098
Key Down;W;780610
Key Down;Space;780882
Key Up;Space;781050
Key Down;Space;781946
Key Up;Space;782114
Key Down;D;782250
Key Up;D;782442
Key Up;W;782458
Key Down;A;782746
Key Down;W;782786
Key Up;A;782866
Key Down;D;782922
Key Up;W;782962
Key Up;D;783058
Key Down;S;784482
Key Up;S;784730
Key Down;S;784946
Key Down;A;784986
Key Up;S;785218
Key Down;S;785754
Key Up;S;785946
Key Up;A;785970
Key Down;W;787714
Key Up;W;787810
Key Down;W;787962
Key Down;Space;788347
Key Up;Space;788578
Key Down;Space;789466
Key Up;Space;789634
Key Up;W;789794
Key Down;W;790362
Key Up;W;790578
Key Down;A;790762
Key Up;A;791098
Key Down;D;791154
Key Up;D;791714
Key Down;A;791738
Key Up;A;792066
Key Down;W;792378
Key Up;W;792930
Key Down;W;795074
Key Down;Space;795610
Key Up;Space;795866
Key Down;Space;796627
Key Up;Space;796802
Key Up;W;796922
Key Down;A;797218
Key Down;W;797251
Key Up;W;797482
Key Up;A;797490
Key Down;A;797650
Key Down;W;797779
Key Up;A;798002
Key Up;W;798066
Key Down;A;798914
Key Up;A;799058
Key Down;D;799298
Key Down;W;799491
Key Up;W;799610
Key Up;D;799618
Key Down;A;799690
Key Up;A;799898
Key Down;D;800003
Key Up;D;800154
Key Down;A;800210
Key Down;W;800251
Key Up;A;800290
Key Down;Space;800418
Key Up;Space;800674
Key Up;W;800978
Key Down;W;802378
Key Down;Space;802866
Key Up;Space;803250
Key Down;Space;803802
Key Up;Space;803922
Key Up;W;804194
Key Down;A;804586
Key Down;W;804674
Key Up;A;804826
Key Up;W;805082
Key Down;W;805194
Key Up;W;805282
Key Down;A;805314
Key Up;A;805458
Key Down;W;805563
Key Up;W;805642
Key Down;S;806986
Key Down;A;807010
Key Up;S;807114
Key Up;A;807130
Key Down;W;810339
Key Down;Space;810986
Key Up;Space;811442
Key Down;A;812234
Key Up;W;812434
Key Up;A;812514
Key Down;Space;812778
Key Up;Space;812978
Key Down;Space;813091
Key Up;Space;813482
Key Down;A;813786
Key Up;A;813890
Key Down;D;814322
Key Up;D;814378
Key Down;D;814691
Key Up;D;814802
Key Down;S;814947
Key Up;S;815090
Key Down;S;815314
Key Down;D;815418
Key Up;S;815618
Key Up;D;815818
Key Down;A;816114
Key Up;A;816267
Key Down;Space;816546
Key Down;D;816762
Key Up;Space;816858
Key Down;Space;816922
Key Up;Space;817106
Key Up;D;817186
Key Down;W;818786
Key Down;Space;819218
Key Up;Space;819434
Key Down;Space;819866
Key Up;Space;820027
Key Down;D;820426
Key Up;W;820466
Key Up;D;820714
Key Down;A;820867
Key Down;W;820914
Key Up;W;821090
Key Up;A;821114
Key Down;A;822338
Key Up;A;822482
Key Down;D;822626
Key Up;D;822778
Key Down;A;823042
Key Up;A;823178
Key Down;D;823458
Key Up;D;823626
Key Down;A;823683
Key Down;Space;823690
Key Up;Space;823874
Key Down;Space;823954
Key Up;A;824018
Key Down;A;824242
Key Down;S;824530
Key Up;Space;824786
Key Up;S;824810
Key Up;A;825139
Key Down;A;825322
Key Up;A;825530
Key Down;D;825570
Key Up;D;825850
Key Down;W;827330
Key Down;D;827442
Key Up;D;827730
Key Down;Space;827818
Key Up;Space;828234
Key Down;D;828402
Key Down;Space;828810
Key Up;D;828970
Key Up;Space;828994
Key Up;W;829274
Key Down;D;832474
Key Up;D;832762
Key Down;A;833298
Key Up;A;833450
Key Down;W;835234
Key Up;W;835458
Key Down;S;835562
Key Up;S;835858
Key Down;W;835938
Key Down;Space;836482
Key Up;Space;836834
Key Up;W;838314
Key Down;S;838442
Key Up;S;839026
Key Down;W;839098
Key Up;W;839482
Key Down;S;839635
Key Down;A;839706
Key Up;A;839946
Key Down;D;840003
Key Up;S;840010
Key Down;W;840258
Key Up;W;840315
Key Up;D;840482
Key Down;A;840498
Key Down;S;840530
Key Up;A;840802
Key Up;S;840890
Key Down;A;841066
Key Up;A;841410
Key Down;D;841834
Key Up;D;841898
Key Down;D;842066
Key Up;D;842226
Key Down;D;842339
Key Up;D;842658
Key Down;A;842682
Key Up;A;842746
Key Down;A;842802
Key Up;A;842890
Key Down;A;843042
Key Down;S;843530
Key Up;A;843794
Key Up;S;843802
Key Down;D;843810
Key Down;Space;844050
Key Up;Space;844346
Key Down;Space;844395
Key Up;Space;844826
Key Down;Space;844858
Key Up;Space;845050
Key Down;Space;845074
Key Down;A;845138
Key Down;W;845170
Key Up;Space;845210
Key Up;D;845258
Key Up;A;845570
Key Down;D;845594
Key Up;D;845690
Key Down;A;845707
Key Up;W;845754
Key Down;S;845874
Key Up;S;846386
Key Up;A;846530
Key Down;R;846810
Key Up;R;846954
Key Down;W;847554
Key Up;W;847691
Key Down;W;847786
Key Down;Space;848226
Key Up;Space;848570
Key Up;W;849674
Key Down;W;850162
Key Up;W;850258
Key Down;A;850267
Key Up;A;850570
Key Down;S;850730
Key Up;S;850858
Key Down;D;851810
Key Up;D;851882
Key Down;A;851882
Key Down;W;852002
Key Up;A;852210
Key Down;D;852243
Key Up;W;852330
Key Down;W;852650
Key Down;A;852682
Key Up;D;852698
Key Up;A;853090
Key Up;W;853314
Key Down;W;854482
Key Down;Space;854914
Key Up;Space;855354
Key Down;Space;855946
Key Up;Space;856122
Key Down;D;856162
Key Up;D;856530
Key Up;W;856762
Key Down;A;857410
Key Up;A;857562
Key Down;A;859107
Key Down;S;859290
Key Up;A;859386
Key Up;S;859402
Key Down;D;859403
Key Down;A;860010
Key Up;D;860026
Key Up;A;860338
Key Down;D;860403
Key Up;D;860546
Key Down;D;860730
Key Up;D;861234
Key Down;W;862547
Key Down;Space;863131
Key Up;Space;864042
Key Up;W;864698
Key Down;A;865210
Key Up;A;865386
Key Down;S;865690
Key Up;S;865762
Key Down;D;867043
Key Down;W;867234
Key Down;S;867243
Key Up;W;867274
Key Down;A;867290
Key Up;D;867314
Key Up;A;867506
Key Down;D;867546
Key Up;D;867706
Key Down;A;867978
Key Up;S;868042
Key Down;W;868122
Key Up;A;868162
Key Down;A;868474
Key Up;W;868586
Key Down;S;868677
Key Down;D;868706
Key Up;A;868746
Key Up;S;868746
Key Up;D;869298
Key Down;W;870282
Key Down;D;870475
Key Up;D;870578
Key Down;Space;870690
Key Up;Space;870978
Key Down;Space;871354
Key Up;Space;871578
Key Up;W;872290
Key Down;W;874802
Key Down;A;874842
Key Up;A;874986
Key Down;D;875099
Key Up;W;875170
Key Up;D;875274
Key Down;S;875506
Key Down;A;875682
Key Up;S;876058
Key Down;S;876162
Key Up;A;876258
Key Down;D;876299
Key Up;S;876458
Key Down;W;877138
Key Up;D;877210
Key Down;A;877306
Key Up;W;877666
Key Down;D;877978
Key Up;D;878074
Key Up;A;878578
Key Down;W;879322
Key Down;Space;879882
Key Up;Space;880194
Key Up;W;881258
Key Down;W;881482
Key Up;W;881602
Key Down;D;882026
Key Up;D;882194
Key Down;A;882970
Key Down;S;882986
Key Up;A;883090
Key Up;S;883130
Key Down;D;883147
Key Up;D;883402
Key Down;S;883507
Key Down;D;883570
Key Up;S;883770
Key Up;D;883954
Key Down;A;883970
Key Down;S;883970
Key Up;A;885090
Key Up;S;885098
Key Down;D;886202
Key Down;W;886226
Key Up;D;886266
Key Down;Space;886802
Key Up;Space;887154
Key Up;W;888338
Key Down;D;890482
Key Down;S;890762
Key Up;D;890906
Key Down;A;890906
Key Up;S;891618
Key Down;D;891986
Key Down;S;891995
Key Up;A;892018
Key Up;S;892026
Key Down;A;892986
Key Up;D;893042
Key Down;S;893178
Key Up;A;893938
Key Down;D;893938
Key Up;S;893994
Key Down;Space;894466
Key Down;W;894578
Key Up;Space;894714
Key Down;Space;894858
Key Up;D;895138
Key Up;Space;895186
Key Down;A;895242
Key Up;A;895682
Key Up;W;895810
Key Down;D;895834
Key Up;D;896058
Key Down;W;898698
Key Down;Space;898954
Key Up;Space;899362
Key Up;W;899562
Key Down;A;899603
Key Down;W;899682
Key Up;A;899770
Key Up;W;899898
Key Down;D;900051
Key Up;D;900258
Key Down;A;900410
Key Up;A;900522
Key Down;Space;900923
Key Up;Space;901122
Key Down;Space;901667
Key Down;W;901771
Key Up;Space;901826
Key Up;W;902050
Key Down;W;902243
Key Up;W;902338
Key Down;W;902722
Key Down;Space;903146
Key Up;Space;903378
Key Up;W;903610
Key Down;D;903618
Key Down;S;904226
Key Up;S;904506
Key Up;D;904530
Key Down;A;904706
Key Down;W;904746
Key Up;A;904874
Key Up;W;904938
Key Down;Space;905234
Key Up;Space;905442
Key Down;Space;905610
Key Down;W;905682
Key Up;Space;905786
Key Down;A;905810
Key Up;W;905962
Key Up;A;905971
Key Down;W;906626
Key Down;A;906626
Key Up;A;906810
Key Up;W;906834
Key Down;W;908314
Key Down;Space;908986
Key Up;Space;909226
Key Down;D;909962
Key Up;D;910210
Key Down;D;910682
Key Up;D;910954
Key Down;A;911139
Key Up;A;912074
Key Down;A;912314
Key Up;A;912458
Key Down;Space;912531
Key Up;Space;912778
Key Down;A;912868
Key Down;Space;912947
Key Up;A;913098
Key Up;Space;913194
Key Down;D;913298
Key Up;D;913626
Key Up;W;913642
Key Down;A;913882
Key Up;A;914090
Key Down;D;914162
Key Up;D;914306
Key Down;W;914786
Key Down;A;914866
Key Down;Space;914906
Key Up;W;915042
Key Up;A;915130
Key Up;Space;915194
Key Down;Space;915362
Key Up;Space;915962
Key Down;W;916978
Key Up;W;917442
Key Down;D;917802
Key Down;W;917986
Key Up;D;918402
Key Down;D;918970
Key Up;D;919202
Key Down;Space;919210
Key Up;W;919642
Key Up;Space;919658
Key Down;W;920050
Key Up;W;920194
Key Down;Space;920410
Key Down;W;920754
Key Up;Space;920834
Key Up;W;920882
Key Down;D;921554
Key Up;D;921634
Key Down;W;921812
Key Down;Space;921906
Key Up;Space;922338
Key Down;Space;922427
Key Down;D;922442
Key Up;D;922506
Key Up;Space;922762
Key Down;A;922834
Key Up;A;922986
Key Down;A;923458
Key Up;A;923650
Key Up;W;924090
Key Down;S;924314
Key Up;S;924442
Key Down;Space;925034
Key Down;W;925346
Key Up;Space;925354
Key Down;D;925626
Key Up;W;926106
Key Up;D;926122
Key Down;W;926178
Key Down;A;926506
Key Up;A;926554
Key Down;Space;926786
Key Up;Space;927194
Key Down;Space;927330
Key Down;D;927546
Key Up;Space;927586
Key Up;D;927850
Key Up;W;928034
Key Down;Space;928602
Key Up;Space;928882
Key Down;Space;928978
Key Down;W;929010
Key Up;Space;929290
Key Up;W;929322
Key Down;W;930650
Key Down;Space;930770
Key Up;Space;930986
Key Up;W;931562
Key Down;D;931634
Key Down;W;931723
Key Down;Space;931810
Key Up;Space;932066
Key Up;D;932522
Key Down;A;932626
Key Up;A;932882
Key Down;D;932922
Key Up;D;933290
Key Down;D;933698
Key Up;W;933786
Key Down;W;933922
Key Up;D;934098
Key Up;W;934130
Key Down;A;934314
Key Up;A;934466
Key Down;D;934506
Key Down;W;934706
Key Down;Space;934762
Key Up;D;934818
Key Up;Space;935002
Key Down;Space;935106
Key Down;A;935283
Key Up;Space;935410
Key Up;A;935834
Key Down;Space;936090
Key Up;Space;936658
Key Down;D;936986
Key Up;W;937066
Key Down;W;937170
Key Up;D;938050
Key Down;R;938170
Key Up;R;938298
Key Up;W;938602
Key Down;S;940338
Key Up;S;940482
Key Down;W;940690
Key Down;Space;940938
Key Up;Space;941627
Key Up;W;942418
Key Down;D;944426
Key Up;D;944610
Key Down;S;944858
Key Down;A;945066
Key Up;A;945250
Key Up;S;945338
Key Down;D;945467
Key Down;A;945642
Key Up;D;945650
Key Up;A;946098
Key Down;D;946098
Key Down;S;946298
Key Up;D;946426
Key Up;S;946554
Key Down;D;946690
Key Down;A;946914
Key Up;D;946938
Key Down;S;947106
Key Up;A;947122
Key Down;A;947210
Key Up;S;947402
Key Up;A;947498
Key Down;D;947795
Key Down;W;947898
Key Up;W;948074
Key Down;W;948875
Key Up;D;948994
Key Down;Space;949139
Key Up;Space;949490
Key Down;A;949674
Key Up;W;949810
Key Down;W;949875
Key Up;A;950074
Key Down;D;950226
Key Down;Space;950306
Key Up;D;950354
Key Up;Space;950637
Key Down;A;950658
Key Down;Space;950906
Key Up;A;951194
Key Down;D;951202
Key Up;Space;951210
Key Up;W;951314
Key Up;D;951626
Key Down;A;951714
Key Down;W;951906
Key Up;A;952314
Key Up;W;952330
Key Down;D;952467
Key Up;D;952554
Key Down;W;952914
Key Down;Space;952914
Key Up;Space;953242
Key Down;Space;953475
Key Up;Space;953618
Key Down;A;953714
Key Up;W;953834
Key Up;A;953922
Key Down;W;954018
Key Down;D;954155
Key Up;D;954754
Key Down;A;954770
Key Up;A;955210
Key Down;D;955290
Key Up;W;955330
Key Up;D;955442
Key Down;A;955715
Key Down;W;955738
Key Up;A;955890
Key Down;D;956818
Key Up;D;957538
Key Down;Space;958050
Key Up;Space;958210
Key Down;Space;958459
Key Up;Space;958618
Key Down;D;959722
Key Up;D;959858
Key Down;Space;959987
Key Up;Space;960138
Key Down;Space;960394
Key Up;Space;960586
Key Down;Space;961594
Key Up;Space;961762
Key Down;Space;962874
Key Up;Space;963746
Key Down;Space;964002
Key Up;Space;964674
Key Down;D;964779
Key Up;D;965418
Key Down;Space;967786
Key Up;Space;968194
Key Down;D;968586
Key Up;D;968786
Key Down;A;968850
Key Up;A;968994
Key Down;D;969042
Key Up;D;969130
Key Down;Space;969162
Key Down;A;969218
Key Up;Space;969434
Key Up;A;969970
Key Down;A;970490
Key Down;Space;970514
Key Up;Space;970818
Key Up;A;970834
Key Down;A;971043
Key Up;W;971898
Key Down;S;971978
Key Up;A;972154
Key Down;D;972482
Key Up;D;972530
Key Down;A;972603
Key Up;S;973122
Key Up;A;973186
Key Down;W;974146
Key Down;A;974978
Key Up;A;975226
Key Down;A;975475
Key Up;A;975658
Key Down;A;976018
Key Up;A;976274
Key Down;Space;976386
Key Down;A;976475
Key Up;Space;976674
Key Down;Space;976794
Key Up;Space;976946
Key Up;A;977474
Key Down;A;978027
Key Up;W;978138
Key Up;A;978194
Key Down;D;978346
Key Down;W;978410
Key Up;D;978442
Key Down;Space;978922
Key Up;Space;979234
Key Down;Space;979450
Key Up;Space;979570
Key Up;W;979874
Key Down;W;980075
Key Down;D;980170
Key Up;W;980218
Key Up;D;980306
Key Down;W;980626
Key Down;Space;980954
Key Up;Space;981242
Key Down;A;981259
Key Down;Space;981363
Key Up;A;981490
Key Up;Space;981626
Key Down;A;981834
Key Up;A;982090
Key Down;D;982147
Key Up;D;982370
Key Down;Space;982394
Key Down;A;982570
Key Up;Space;982602
Key Up;A;983370
Key Down;Space;983778
Key Up;Space;984082
Key Down;D;984610
Key Up;D;984978
Key Down;Space;985170
Key Up;Space;985458
Key Down;D;985923
Key Up;D;986058
Key Down;D;986274
Key Up;D;986450
Key Up;W;986458
Key Down;D;986778
Key Down;W;986794
Key Down;Space;986826
Key Up;Space;987010
Key Up;D;987186
Key Down;D;987722
Key Up;D;987874
Key Up;W;987890
Key Down;W;988395
Key Down;Space;988696
Key Up;Space;988914
Key Down;Space;989338
Key Up;Space;989466
Key Down;D;989636
Key Up;W;989762
Key Up;D;989770
Key Down;D;990131
Key Down;S;990835
Key Down;Space;991002
Key Up;S;991210
Key Up;Space;991210
Key Down;S;991259
Key Up;D;991482
Key Down;A;991938
Key Up;A;992338
Key Down;D;992386
Key Up;S;992506
Key Up;D;992514
Key Down;W;993154
Key Up;W;993364
Key Down;W;994083
Key Down;D;994122
Key Down;Space;994202
Key Up;D;994290
Key Down;D;994330
Key Up;Space;994394
Key Up;D;994498
Key Down;D;994819
Key Down;Space;994890
Key Up;D;994978
Key Up;Space;995034
Key Up;W;995146
Key Down;D;995730
Key Up;D;995842
Key Down;A;995914
Key Up;A;996082
Key Down;A;996170
Key Down;S;996186
Key Up;S;996442
Key Up;A;996474
Key Down;W;996563
Key Down;Space;996650
Key Up;Space;996882
Key Down;D;997546
Key Up;D;997786
Key Down;Space;998010
Key Up;Space;998202
Key Down;Space;998722
Key Up;Space;998874
Key Down;D;998962
Key Up;W;999003
Key Up;D;999162
Key Down;D;999643
Key Down;W;999915
Key Up;D;999962
Key Down;A;1000035
Key Down;Space;1000107
Key Up;Space;1000322
Key Up;A;1000498
Key Down;Space;1000770
Key Up;Space;1001002
Key Down;D;1001220
Key Up;W;1001298
Key Down;W;1001706
Key Up;W;1001837
Key Down;A;1001842
Key Up;D;1001850
Key Down;W;1001962
Key Up;A;1002554
Key Down;A;1002707
Key Up;W;1002746
Key Up;A;1002770
Key Down;D;1003106
Key Down;W;1003194
Key Up;D;1003578
Key Up;W;1004394
Key Down;W;1004666
Key Down;Space;1005283
Key Up;Space;1005586
Key Down;Space;1006539
Key Up;Space;1006690
Key Up;W;1006842
Key Down;W;1007066
Key Down;Space;1008618
Key Up;Space;1008754
Key Up;W;1009874
Key Down;A;1010122
Key Up;A;1010258
Key Down;W;1010730
Key Down;A;1010954
Key Up;A;1011290
Key Up;W;1011338
Key Down;W;1011763
Key Up;W;1011938
Key Down;D;1012637
Key Down;W;1012794
Key Up;D;1012978
Key Down;A;1013306
Key Up;W;1013714
Key Up;A;1013746
Key Down;W;1014018
Key Up;W;1014290
Key Down;S;1014498
Key Up;S;1014650
Key Down;A;1014690
Key Down;W;1014714
Key Up;A;1014754
Key Down;Space;1015322
Key Down;A;1015630
Key Up;W;1015650
Key Up;Space;1015650
Key Down;S;1015810
Key Up;A;1015858
Key Down;D;1015979
Key Up;D;1016346
Key Down;A;1016538
Key Up;S;1016666
Key Up;A;1016762
Key Down;W;1016978
Key Up;W;1017122
Key Down;A;1018378
Key Up;A;1018570
Key Down;A;1018683
Key Down;S;1018690
Key Up;A;1018810
Key Down;D;1018842
Key Up;D;1019010
Key Down;D;1019234
Key Up;S;1019314
Key Up;D;1019530
Key Down;D;1019594
Key Up;D;1019706
Key Down;D;1019738
Key Up;D;1019914
Key Down;W;1020018
Key Up;W;1020370
Key Down;W;1020539
Key Up;W;1020714
Key Down;S;1020803
Key Down;D;1020882
Key Up;S;1021154
Key Up;D;1021210
Key Down;W;1021610
Key Down;D;1021778
Key Up;W;1021818
Key Up;D;1021914
Key Down;W;1022043
Key Down;Space;1022418
Key Down;D;1022538
Key Up;W;1022546
Key Up;Space;1022546
Key Down;S;1022706
Key Up;D;1022931
Key Up;S;1023066
Key Down;A;1023098
Key Down;W;1023132
Key Down;Space;1023378
Key Up;A;1023394
Key Up;Space;1023546
Key Up;W;1023706
Key Down;A;1023850
Key Up;A;1023938
Key Down;D;1024235
Key Down;S;1024427
Key Up;D;1024586
Key Down;A;1024675
Key Up;A;1024898
Key Down;D;1024954
Key Up;D;1025282
Key Up;S;1025290
Key Down;A;1026131
Key Down;W;1026251
Key Up;A;1026386
Key Up;W;1026418
Key Down;W;1026866
Key Down;Space;1026915
Key Up;Space;1027138
Key Up;W;1027290
Key Down;W;1027570
Key Up;W;1027675
Key Down;D;1027730
Key Up;D;1027834
Key Down;D;1028459
Key Down;S;1028579
Key Up;D;1028938
Key Up;S;1029066
Key Down;W;1029171
Key Down;A;1029250
Key Up;W;1029362
Key Up;A;1029419
Key Down;D;1029451
Key Up;D;1029914
Key Down;D;1032186
Key Up;D;1032418
Key Down;A;1032618
Key Up;A;1032746
Key Down;D;1032874
Key Up;D;1032986
Key Down;A;1033060
Key Up;A;1033306
Key Down;S;1033306
Key Up;S;1033514
Key Down;D;1033586
Key Down;W;1033827
Key Up;D;1034122
Key Up;W;1034130
Key Down;D;1034298
Key Down;W;1034370
Key Up;D;1034490
Key Up;W;1034506
Key Down;A;1034594
Key Up;A;1034690
Key Down;A;1035466
Key Up;A;1035642
Key Down;D;1035779
Key Down;A;1035882
Key Up;D;1035906
Key Up;A;1036106
Key Down;A;1036299
Key Down;W;1036330
Key Up;A;1036539
Key Down;D;1036586
Key Up;W;1036595
Key Up;D;1036682
Key Down;A;1036818
Key Up;A;1037058
Key Down;W;1037074
Key Down;D;1037338
Key Up;D;1037706
Key Up;W;1037754
Key Down;S;1038146
Key Up;S;1038298
Key Down;D;1038458
Key Up;D;1038578
Key Down;S;1038682
Key Down;A;1038794
Key Up;S;1039018
Key Up;A;1039282
Key Down;D;1039354
Key Down;W;1039474
Key Up;D;1039554
Key Down;D;1039858
Key Up;D;1040058
Key Down;Space;1040235
Key Up;Space;1040554
Key Down;Space;1040858
Key Up;Space;1041218
Key Down;A;1041490
Key Up;A;1041634
Key Down;A;1041763
Key Up;A;1042090
Key Down;Space;1042258
Key Up;Space;1042546
Key Down;A;1042946
Key Down;Space;1042970
Key Up;Space;1043242
Key Up;W;1043530
Key Down;S;1043906
Key Up;S;1044122
Key Down;W;1044179
Key Up;W;1044786
Key Down;W;1044994
Key Up;A;1045226
Key Down;D;1045515
Key Up;D;1045643
Key Up;W;1045962
Key Down;S;1046138
Key Up;S;1046234
Key Down;S;1047058
Key Down;D;1047139
Key Up;D;1047650
Key Up;S;1047794
Key Down;A;1048075
Key Down;W;1048114
Key Up;A;1048258
Key Down;A;1049130
Key Down;Space;1049218
Key Up;A;1049290
Key Down;A;1049459
Key Up;Space;1049586
Key Up;A;1049706
Key Down;Space;1050074
Key Down;A;1050154
Key Up;Space;1050330
Key Up;A;1051450
Key Up;W;1051651
Key Down;A;1051658
Key Up;A;1051722
Key Down;S;1051722
Key Down;D;1051770
Key Up;D;1051834
Key Down;A;1051890
Key Up;S;1052058
Key Down;W;1052155
Key Up;A;1052322
Key Up;W;1052362
Key Down;D;1052714
Key Up;D;1052826
Key Down;D;1053642
Key Down;W;1053699
Key Up;D;1054018
Key Down;D;1054282
Key Up;W;1054578
Key Up;D;1054586
Key Down;A;1054643
Key Up;A;1054811
Key Down;D;1055074
Key Up;D;1055178
Key Down;A;1055523
Key Up;A;1055682
Key Down;W;1055858
Key Down;D;1055946
Key Up;D;1056074
Key Up;W;1056130
Key Down;S;1056274
Key Down;D;1056299
Key Up;D;1056394
Key Up;S;1056522
Key Down;A;1056635
Key Up;A;1056802
Key Down;W;1057234
Key Up;W;1057306
Key Down;A;1057666
Key Up;A;1057906
Key Down;W;1058475
Key Down;A;1058642
Key Up;W;1058698
Key Up;A;1058722
Key Down;W;1059011
Key Down;Space;1059130
Key Up;Space;1059466
Key Down;A;1059954
Key Up;A;1060210
Key Up;W;1060234
Key Down;D;1060290
Key Up;D;1060474
Key Down;D;1060626
Key Up;D;1060866
Key Down;D;1061090
Key Down;W;1061114
Key Up;D;1061338
Key Down;Space;1061810
Key Up;Space;1062146
Key Down;Space;1062218
Key Up;Space;1062354
Key Up;W;1062426
Key Down;S;1062506
Key Down;D;1062518
Key Up;D;1062674
Key Up;S;1062690
Key Down;A;1062786
Key Down;W;1062890
Key Up;A;1063034
Key Up;W;1063658
Key Down;W;1063706
Key Up;W;1063786
Key Down;W;1067147
Key Down;D;1067330
Key Up;D;1067450
Key Down;Space;1067530
Key Up;Space;1067954
Key Down;Space;1068155
Key Up;Space;1068266
Key Up;W;1068426
Key Down;W;1068866
Key Up;W;1068986
Key Down;A;1069242
Key Up;A;1069338
Key Down;D;1069642
Key Up;D;1069738
Key Down;Space;1070018
Key Up;Space;1070122
Key Down;Space;1070667
Key Up;Space;1071090
Key Down;R;1071714
Key Up;R;1071906
Key Down;W;1072618
Key Up;W;1072730
Key Down;A;1073082
Key Down;W;1073162
Key Up;A;1073170
Key Down;Space;1073443
Key Down;A;1073714
Key Up;Space;1073794
Key Up;A;1073994
Key Down;D;1074258
Key Up;D;1074402
Key Up;W;1074426
Key Down;S;1074546
Key Down;A;1074690
Key Up;S;1074954
Key Down;W;1075075
Key Up;A;1075650
Key Up;W;1075786
Key Down;W;1075922
Key Down;A;1075938
Key Up;A;1076146
Key Down;D;1076314
Key Up;D;1076482
Key Down;Space;1076714
Key Up;W;1077042
Key Up;Space;1077082
Key Down;D;1078243
Key Up;D;1078354
Key Down;Space;1078555
Key Down;W;1078762
Key Down;D;1079314
Key Up;Space;1079426
Key Up;D;1079435
Key Down;D;1079506
Key Up;D;1079818
Key Up;W;1079922
Key Down;Space;1079986
Key Down;W;1080194
Key Up;Space;1080218
Key Up;W;1080394
Key Down;W;1080523
Key Up;W;1080627
Key Down;S;1080819
Key Up;S;1080914
Key Down;Space;1081162
Key Up;Space;1081514
Key Down;W;1081578
Key Down;Space;1081754
Key Down;A;1082026
Key Up;Space;1082106
Key Up;W;1082210
Key Down;S;1082403
Key Up;A;1082434
Key Up;S;1082522
Key Down;D;1082771
Key Down;W;1082866
Key Up;D;1082986
Key Down;Space;1083338
Key Up;Space;1083706
Key Down;Space;1083882
Key Down;D;1084034
Key Up;D;1084234
Key Down;A;1084266
Key Up;Space;1084402
Key Up;A;1084762
Key Down;D;1084858
Key Up;D;1085130
Key Down;D;1085186
Key Up;W;1085283
Key Up;D;1085314
Key Down;D;1085610
Key Down;W;1085730
Key Up;D;1085962
Key Up;W;1085994
Key Down;W;1086194
Key Up;W;1086410
Key Down;W;1086602
Key Down;Space;1086866
Key Down;D;1086978
Key Up;Space;1087098
Key Down;A;1087786
Key Up;D;1087804
Key Up;W;1088018
Key Up;A;1088034
Key Down;D;1088418
Key Down;Space;1088594
Key Up;Space;1089106
Key Down;W;1089778
Key Down;Space;1089795
Key Up;Space;1090170
Key Down;A;1090402
Key Up;D;1090442
Key Down;R;1090826
Key Up;A;1090866
Key Up;W;1090890
Key Up;R;1090986
Key Down;W;1091194
Key Up;W;1091410
Key Down;W;1092354
Key Up;W;1092458
Key Down;A;1092641
Key Down;W;1092714
Key Up;A;1092850
Key Down;Space;1093034
Key Up;Space;1093258
Key Down;D;1093610
Key Up;D;1093722
Key Down;D;1094083
Key Up;W;1094154
Key Up;D;1094194
Key Down;A;1094274
Key Down;S;1094426
Key Up;A;1094435
Key Up;S;1094578
Key Down;W;1094650
Key Down;Space;1094724
Key Up;Space;1095018
Key Up;W;1095154
Key Down;S;1095523
Key Up;S;1095610
Key Down;Space;1095938
Key Up;Space;1096258
Key Down;Space;1096442
Key Down;A;1096659
Key Down;W;1096699
Key Up;Space;1096747
Key Up;W;1096890
Key Up;A;1097098
Key Down;W;1097450
Key Down;Space;1097882
Key Up;Space;1098282
Key Down;Space;1098426
Key Up;Space;1098818
Key Down;D;1099290
Key Up;D;1099538
Key Up;W;1099714
Key Down;D;1099827
Key Up;D;1099946
Key Down;D;1100138
Key Up;D;1100266
Key Down;W;1100403
Key Down;Space;1100562
Key Down;A;1100650
Key Up;Space;1100738
Key Up;A;1100922
Key Down;D;1100986
Key Up;W;1101202
Key Down;S;1101410
Key Up;S;1101546
Key Up;D;1101554
Key Down;A;1101602
Key Down;W;1101610
Key Up;W;1101722
Key Up;A;1101794
Key Down;D;1101811
Key Down;W;1102138
Key Up;D;1102162
Key Down;Space;1102234
Key Up;Space;1102346
Key Down;A;1102402
Key Up;W;1102498
Key Down;W;1102603
Key Up;A;1102698
Key Down;Space;1102802
Key Up;Space;1102930
Key Up;W;1103122
Key Down;W;1103250
Key Down;A;1103403
Key Up;W;1103418
Key Up;A;1103450
Key Down;D;1103867
Key Down;W;1103890
Key Up;D;1104810
Key Down;D;1105778
Key Up;W;1106050
Key Down;S;1106162
Key Up;D;1106283
Key Down;D;1106683
Key Up;D;1106978
Key Down;D;1107258
Key Up;S;1107354
Key Down;W;1107410
Key Up;D;1107450
Key Down;D;1107523
Key Up;W;1107578
Key Up;D;1107618
Key Down;S;1107637
Key Down;A;1107826
Key Up;A;1107930
Key Down;D;1108035
Key Up;D;1108250
Key Up;S;1108410
Key Down;D;1108419
Key Up;D;1108579
Key Down;D;1108923
Key Down;S;1108946
Key Up;S;1109020
Key Down;Space;1109034
Key Down;W;1109154
Key Up;Space;1109346
Key Up;D;1109706
Key Down;A;1109874
Key Down;Space;1109954
Key Up;Space;1110163
Key Up;A;1110250
Key Up;W;1110282
Key Down;Space;1110642
Key Up;Space;1110882
Key Down;W;1110890
Key Down;Space;1111010
Key Down;A;1111178
Key Up;Space;1111306
Key Up;A;1111850
Key Up;W;1111866
Key Down;W;1112170
Key Down;Space;1112482
Key Up;Space;1112690
Key Down;Space;1112794
Key Up;Space;1112954
Key Up;W;1113010
Key Down;A;1113442
Key Down;W;1113515
Key Up;W;1113586
Key Up;A;1113594
Key Down;D;1113658
Key Up;D;1113738
Key Down;D;1113898
Key Down;W;1114250
Key Up;D;1114306
Key Down;A;1114331
Key Up;W;1114370
Key Up;A;1114524
Key Down;A;1114602
Key Down;S;1114626
Key Up;A;1114794
Key Down;D;1114906
Key Up;D;1115338
Key Down;D;1115427
Key Up;D;1115570
Key Down;A;1115594
Key Down;D;1115714
Key Up;A;1115754
Key Up;S;1115810
Key Down;Space;1115939
Key Up;Space;1116186
Key Down;S;1116227
Key Up;D;1116850
Key Down;D;1117235
Key Up;S;1117538
Key Up;D;1117698
Key Down;A;1118186
Key Up;A;1118306
Key Down;W;1118594
Key Up;W;1118746
Key Down;D;1119930
Key Down;W;1119986
Key Up;D;1120242
Key Down;Space;1120418
Key Up;Space;1120954
Key Down;Space;1121170
Key Up;Space;1121626
Key Down;D;1121770
Key Up;D;1121810
Key Down;D;1121978
Key Up;W;1122018
Key Up;D;1122050
Key Down;W;1122306
Key Down;D;1122410
Key Up;D;1122658
Key Up;W;1122746
Key Down;A;1124098
Key Up;A;1124258
Key Down;D;1124386
Key Down;W;1124570
Key Up;D;1124754
Key Up;W;1124882
Key Down;D;1125034
Key Up;D;1125226
Key Down;A;1125490
Key Up;A;1125618
Key Down;W;1125802
Key Up;W;1125962
Key Down;A;1126138
Key Down;W;1126371
Key Up;W;1126602
Key Down;W;1126667
Key Up;A;1126810
Key Up;W;1126882
Key Down;W;1127050
Key Down;Space;1127234
Key Up;Space;1127635
Key Down;Space;1127978
Key Up;Space;1128378
Key Down;D;1128386
Key Up;D;1128522
Key Down;A;1128546
Key Up;A;1128954
Key Down;D;1128978
Key Up;D;1129034
Key Up;W;1129098
Key Down;W;1131690
Key Up;W;1134034
Key Down;W;1134690
Key Down;Space;1139618
Key Up;Space;1139810
Key Down;Space;1140746
Key Down;A;1140762
Key Up;A;1140834
Key Down;D;1141122
Key Up;Space;1141186
Key Up;D;1141282
Key Down;A;1141354
Key Up;A;1141514
Key Down;D;1141834
Key Up;D;1141930
Key Down;D;1142786
Key Up;D;1142914
Key Down;Space;1142930
Key Up;Space;1143314
Key Down;D;1143386
Key Up;D;1143562
Key Down;Space;1144390
Key Up;Space;1144482
Key Down;D;1145243
Key Down;Space;1145315
Key Up;D;1145418
Key Up;Space;1145482
Key Down;A;1145602
Key Up;A;1145738
Key Down;D;1146018
Key Up;D;1146114
Key Down;Space;1146331
Key Up;Space;1146506
Key Down;D;1146874
Key Up;D;1146970
Key Down;A;1147146
Key Down;Space;1147242
Key Up;A;1147290
Key Up;Space;1147418
Key Up;W;1147506
Key Down;W;1147946
Key Down;A;1147962
Key Up;A;1148082
Key Up;W;1148098
Key Down;A;1148450
Key Up;A;1148522
Key Down;Space;1149114
Key Down;W;1149210
Key Up;Space;1149314
Key Down;Space;1149426
Key Up;Space;1149698
Key Down;A;1150130
Key Up;A;1150202
Key Down;A;1150410
Key Up;A;1150491
Key Down;D;1150570
Key Up;D;1150650
Key Down;D;1151026
Key Down;Space;1151034
Key Up;D;1151141
Key Up;Space;1151338
Key Down;Space;1154643
Key Up;Space;1154906
Key Down;Space;1155395
Key Up;Space;1155898
Key Up;W;1157034
Key Down;Space;1157122
Key Up;Space;1157298
Key Down;W;1157330
Key Down;A;1157626
Key Up;W;1157714
Key Up;A;1157730
Key Down;D;1157922
Key Up;D;1157970
Key Down;W;1158354
Key Down;Space;1158387
Key Up;W;1158626
Key Up;Space;1158642
Key Down;Space;1158730
Key Down;W;1158930
Key Up;Space;1159010
Key Down;A;1159090
Key Up;W;1159242
Key Down;W;1159258
Key Up;A;1159482
Key Up;W;1159490
Key Down;W;1159706
Key Down;Space;1160194
Key Up;Space;1160530
Key Down;Space;1160626
Key Up;Space;1160954
Key Down;D;1161002
Key Up;D;1161218
Key Down;A;1161618
Key Up;A;1161786
Key Down;Space;1162378
Key Up;Space;1162938
Key Down;Space;1163259
Key Down;A;1164090
Key Up;Space;1164178
Key Up;A;1164338
Key Down;D;1164370
Key Up;D;1164546
Key Down;Space;1164867
Key Up;Space;1165178
Key Up;W;1165586
Key Down;Space;1165690
Key Up;Space;1165858
Key Down;W;1165954
Key Up;W;1166082
Key Down;W;1166258
Key Up;W;1166442
Key Down;W;1166658
Key Up;W;1166762
Key Down;W;1166906
Key Up;W;1167074
Key Down;W;1167218
Key Down;Space;1167363
Key Up;Space;1167778
Key Down;Space;1167914
Key Up;Space;1168170
Key Down;D;1168874
Key Up;D;1169074
Key Up;W;1169162
Key Down;W;1169226
Key Up;W;1169450
Key Down;W;1172059
Key Up;W;1172450
Key Down;A;1172810
Key Up;A;1173042
Key Down;D;1173402
Key Down;W;1173498
Key Up;D;1173586
Key Up;W;1173650
Key Down;D;1173946
Key Down;W;1174018
Key Up;D;1174338
Key Down;Space;1174722
Key Up;Space;1175131
Key Down;Space;1175338
Key Up;Space;1175594
Key Down;D;1175794
Key Up;D;1176010
Key Down;A;1176402
Key Up;A;1176522
Key Down;Space;1177010
Key Up;Space;1177386
Key Down;Space;1177714
Key Up;Space;1178034
Key Up;W;1178786
Key Down;W;1179146
Key Up;W;1179258
Key Down;W;1179355
Key Down;Space;1179362
Key Up;Space;1179682
Key Down;Space;1180058
Key Up;Space;1180282
Key Down;A;1180610
Key Up;A;1180738
Key Up;W;1180818
Key Down;W;1181082
Key Up;W;1181362
Key Down;W;1181442
Key Up;W;1181602
Key Down;A;1181666
Key Up;A;1181730
Key Down;W;1181947
Key Down;Space;1182618
Key Up;Space;1183074
Key Down;A;1183210
Key Down;Space;1183402
Key Up;A;1183506
Key Up;Space;1183618
Key Up;W;1184210
Key Down;W;1184538
Key Up;W;1184674
Key Down;W;1184835
Key Down;Space;1184930
Key Up;Space;1185346
Key Down;D;1185970
Key Up;W;1186010
Key Up;D;1186074
Key Down;W;1186258
Key Down;Space;1186362
Key Up;Space;1186762
Key Up;W;1187146
Key Down;W;1187330
Key Up;W;1187466
Key Down;W;1187690
Key Down;Space;1187834
Key Up;Space;1188186
Key Down;Space;1188522
Key Up;Space;1188914
Key Down;D;1189203
Key Up;D;1189578
Key Down;A;1189795
Key Up;A;1190098
Key Down;Space;1190282
Key Up;Space;1190434
Key Up;W;1190682
Key Down;W;1190866
Key Up;W;1191122
Key Down;W;1191474
Key Down;A;1191626
Key Up;A;1191730
Key Up;W;1191786
Key Down;W;1192955
Key Down;Space;1193395
Key Up;Space;1193634
Key Down;Space;1194114
Key Up;Space;1194266
Key Down;D;1194530
Key Up;D;1194835
Key Down;D;1195090
Key Up;D;1195530
Key Up;W;1195674
Key Down;W;1195738
Key Down;Space;1196018
Key Up;Space;1196202
Key Down;D;1196626
Key Up;D;1196842
Key Up;W;1197106
Key Down;W;1197347
Key Down;A;1197746
Key Up;A;1198154
Key Down;D;1198618
Key Up;D;1199018
Key Down;D;1199362
Key Up;D;1199498
Key Down;Space;1201011
Key Up;Space;1201306
Key Down;D;1202570
Key Up;D;1202714
Key Up;W;1202994
Key Down;W;1203322
Key Down;D;1203514
Key Up;W;1203554
Key Up;D;1203570
Key Down;W;1203715
Key Up;W;1203922
Key Down;A;1203946
Key Down;W;1204082
Key Up;A;1204298
Key Down;D;1204330
Key Up;D;1204458
Key Down;A;1204475
Key Up;A;1204682
Key Up;W;1204738
Key Down;D;1204738
Key Up;D;1205138
Key Down;W;1205171
Key Down;A;1205426
Key Up;A;1205546
Key Down;Space;1205594
Key Down;D;1205738
Key Up;Space;1205746
Key Up;D;1205930
Key Up;W;1206483
Key Down;A;1206562
Key Down;W;1206690
Key Up;A;1207154
Key Down;D;1207234
Key Down;A;1207698
Key Up;D;1207706
Key Up;W;1207866
Key Up;A;1207898
Key Down;A;1207970
Key Down;W;1208050
Key Up;A;1208626
Key Up;W;1208922
Key Down;W;1210450
Key Down;Space;1211283
Key Up;Space;1211442
Key Down;A;1211842
Key Up;A;1212050
Key Down;D;1212858
Key Up;D;1213026
Key Up;W;1213362
Key Down;W;1213730
Key Up;W;1213874
Key Down;W;1214122
Key Down;D;1214490
Key Up;D;1214722
Key Down;A;1215098
Key Up;A;1215402
Key Down;Space;1216027
Key Up;Space;1216306
Key Down;D;1216442
Key Up;D;1216722
Key Down;D;1216874
Key Up;W;1216994
Key Down;W;1217027
Key Up;D;1217170
Key Up;W;1217251
Key Down;A;1217274
Key Down;D;1217402
Key Up;A;1217426
Key Down;A;1217642
Key Up;D;1217650
Key Down;W;1217722
Key Up;A;1218050
Key Down;Space;1218082
Key Down;R;1218194
Key Up;Space;1218218
Key Up;R;1218346
Key Up;W;1218378
Key Down;W;1218570
Key Down;Space;1219258
Key Up;Space;1219426
Key Down;D;1220539
Key Up;D;1220650
Key Down;D;1220970
Key Up;D;1221130
Key Down;D;1221362
Key Up;D;1221445
Key Up;W;1221474
Key Down;W;1221810
Key Down;A;1222618
Key Up;A;1222978
Key Up;W;1224738
Key Down;D;1224771
Key Down;S;1224810
Key Up;D;1224986
Key Up;S;1224986
Key Down;S;1225026
Key Down;Space;1225258
Key Down;W;1225314
Key Up;S;1225362
Key Up;W;1225386
Key Down;W;1225426
Key Up;Space;1225635
Key Down;A;1225834
Key Up;A;1225994
Key Down;A;1226986
Key Up;A;1227219
Key Down;D;1227562
Key Up;D;1227754
Key Down;D;1227898
Key Up;W;1227930
Key Up;D;1228058
Key Down;D;1228227
Key Up;D;1228378
Key Down;R;1228890
Key Up;R;1229018
Key Down;W;1229290
Key Down;Space;1230138
Key Up;Space;1230394
Key Down;A;1230866
Key Up;A;1230986
Key Down;D;1232194
Key Up;D;1232322
Key Up;W;1232402
Key Down;W;1232786
Key Up;W;1233018
Key Down;A;1233146
Key Down;W;1233186
Key Up;A;1233306
Key Down;A;1233875
Key Up;A;1235570
Key Down;Space;1236106
Key Up;Space;1236554
Key Down;A;1238410
Key Up;A;1238666
Key Down;D;1238746
Key Up;W;1238994
Key Down;W;1239115
Key Up;W;1239314
Key Down;A;1239410
Key Up;D;1239434
Key Up;A;1239770
Key Down;D;1239842
Key Up;D;1239930
Key Down;W;1240075
Key Up;W;1240186
Key Down;D;1240370
Key Down;W;1240386
Key Up;D;1240466
Key Down;D;1240490
Key Up;D;1240642
Key Up;W;1240682
Key Down;A;1240770
Key Up;A;1240914
Key Down;R;1241923
Key Up;R;1242042
Key Down;W;1243106
Key Up;W;1243250
Key Down;W;1244962
Key Down;Space;1245722
Key Up;Space;1246026
Key Down;D;1247258
Key Up;D;1247378
Key Up;W;1247538
Key Down;D;1247811
Key Up;D;1247898
Key Down;W;1248194
Key Down;A;1248282
Key Up;A;1248426
Key Down;D;1248635
Key Up;D;1248810
Key Down;D;1250962
Key Up;D;1251154
Key Down;A;1251290
Key Up;A;1251506
Key Down;Space;1251730
Key Up;Space;1252178
Key Up;W;1253170
Key Down;W;1253602
Key Down;D;1253778
Key Up;D;1253834
Key Up;W;1253954
Key Down;W;1254122
Key Up;W;1254786
Key Down;D;1254986
Key Down;W;1255186
Key Up;D;1255346
Key Up;W;1255402
Key Down;W;1256810
Key Down;A;1256874
Key Up;A;1257058
Key Down;D;1257131
Key Up;D;1257298
Key Up;W;1257330
Key Down;A;1257698
Key Down;S;1257778
Key Up;A;1258402
Key Up;S;1258410
Key Down;Left Shift;1259698
Key Up;Left Shift;1259778
Key Down;W;1261130
Key Up;W;1261290
Key Down;D;1261410
Key Down;W;1261658
Key Up;D;1261818
Key Down;Space;1262186
Key Up;Space;1262466
Key Down;D;1262586
Key Up;D;1262794
Key Down;A;1263002
Key Up;A;1263170
Key Down;D;1263275
Key Up;D;1263434
Key Down;D;1263538
Key Up;D;1263699
Key Down;D;1264378
Key Up;D;1264514
Key Up;W;1264586
Key Down;W;1264859
Key Up;W;1267194
Key Down;W;1267418
Key Down;Space;1268042
Key Down;C;1268106
Key Up;C;1268170
Key Up;Space;1268362
Key Down;A;1270107
Key Up;A;1270426
Key Down;D;1270746
Key Down;A;1271306
Key Up;D;1271330
Key Down;D;1271474
Key Up;A;1271490
Key Up;W;1271514
Key Down;A;1271618
Key Down;S;1271626
Key Up;A;1271674
Key Down;A;1272171
Key Up;D;1272202
Key Up;S;1272242
Key Down;D;1272322
Key Up;A;1272354
Key Down;S;1272794
Key Down;A;1272842
Key Up;D;1272898
Key Up;A;1273114
Key Down;D;1273219
Key Up;S;1273258
Key Up;D;1273282
Key Down;W;1273338
Key Up;W;1273746
Key Down;D;1273954
Key Up;D;1274130
Key Down;W;1274602
Key Down;D;1275434
Key Up;D;1275570
Key Down;A;1275642
Key Up;A;1275886
Key Up;W;1276490
Key Down;W;1276690
Key Down;A;1276954
Key Up;A;1277050
Key Up;W;1278658
Key Down;W;1279394
Key Up;W;1279698
Key Down;W;1279946
Key Up;W;1280146
Key Down;W;1281554
Key Down;Space;1282082
Key Down;A;1282154
Key Up;Space;1282290
Key Down;Space;1282394
Key Up;A;1282450
Key Up;Space;1282642
Key Up;W;1282818
Key Down;D;1282882
Key Up;D;1282954
Key Down;D;1283586
Key Down;W;1283594
Key Down;Space;1283746
Key Up;Space;1284106
Key Up;D;1284130
Key Down;Space;1284259
Key Up;W;1284570
Key Down;D;1284818
Key Up;Space;1285018
Key Down;W;1285051
Key Up;D;1285306
Key Up;W;1285442
Key Down;A;1285586
Key Up;A;1285762
Key Down;D;1285994
Key Up;D;1286170
Key Down;D;1286698
Key Up;D;1286754
Key Down;A;1287002
Key Down;W;1287043
Key Down;Space;1287076
Key Up;A;1287274
Key Down;D;1287306
Key Up;Space;1287330
Key Up;W;1287474
Key Down;W;1287811
Key Up;D;1288090
Key Up;W;1288218
Key Down;A;1288282
Key Up;A;1288370
Key Down;W;1288650
Key Down;D;1288811
Key Up;D;1289019
Key Up;W;1289066
Key Down;R;1290898
Key Up;R;1291002
Key Down;W;1292834
Key Down;Space;1293650
Key Up;Space;1293914
Key Down;D;1295051
Key Up;D;1295194
Key Up;W;1295578
Key Down;W;1295722
Key Up;W;1296034
Key Down;W;1296418
Key Down;Space;1299522
Key Up;Space;1299882
Key Down;A;1302067
Key Down;D;1302154
Key Up;A;1302178
Key Down;A;1302610
Key Up;D;1302618
Key Up;W;1302682
Key Up;A;1302691
Key Down;D;1302715
Key Down;S;1302770
Key Up;D;1303114
Key Down;A;1303124
Key Up;A;1303242
Key Down;D;1303243
Key Up;S;1303250
Key Up;D;1303434
Key Down;W;1303490
Key Up;W;1303610
Key Down;D;1304226
Key Up;D;1304338
Key Down;A;1304490
Key Down;W;1304786
Key Up;A;1305043
Key Up;W;1305090
Key Down;W;1305314
Key Down;D;1305538
Key Up;W;1305642
Key Down;W;1305843
Key Up;D;1306066
Key Down;D;1306635
Key Up;D;1306850
Key Up;W;1306874
Key Down;A;1307682
Key Down;W;1307731
Key Up;A;1307890
Key Up;W;1308026
Key Down;D;1308123
Key Up;D;1308298
Key Down;W;1308618
Key Down;Space;1309282
Key Up;Space;1309650
Key Down;Space;1309890
Key Up;Space;1310818
Key Up;W;1311186
Key Down;W;1312226
Key Down;D;1313330
Key Up;W;1313514
Key Up;D;1313531
Key Down;Space;1316506
Key Up;Space;1317122
Key Down;W;1317730
Key Up;W;1318258
Key Down;W;1319818
Key Up;W;1321450
Key Down;A;1322267
Key Up;A;1322362
Key Down;Left Alt;1328050
Key Down;Tab;1328114
Key Up;Left Alt;1328186
Key Up;Tab;1328242
