Event;Key;Time
Key Down;Espace;7160
Key Up;Espace;7352
Key Down;Espace;7944
Key Up;Espace;8168
Key Down;Espace;8695
Key Up;Espace;8896
Key Down;Z;9648
Key Down;D;9928
Key Up;D;10488
Key Down;D;10992
Key Up;Z;11048
Key Down;Z;11152
Key Up;D;11360
Key Up;Z;11575
Key Down;D;11928
Key Up;D;12152
Key Down;Z;12544
Key Down;D;13216
Key Up;D;13552
Key Down;Espace;13584
Key Up;Espace;13856
Key Down;D;14304
Key Up;D;14696
Key Down;D;14768
Key Up;Z;15304
Key Down;Z;15528
Key Up;D;15680
Key Down;Left Shift;16040
Key Down;D;16096
Key Up;Z;16152
Key Down;Z;16192
Key Up;Left Shift;16208
Key Up;D;16488
Key Down;Q;16784
Key Up;Z;17016
Key Up;Q;17143
Key Down;Z;17223
Key Down;Espace;18080
Key Up;Espace;18336
Key Down;Espace;18872
Key Up;Espace;19128
Key Down;Espace;19624
Key Up;Espace;19832
Key Down;Espace;21728
Key Up;Espace;21960
Key Down;Q;22887
Key Up;Q;23120
Key Up;Z;23184
Key Down;Z;23800
Key Down;Q;24072
Key Up;Q;24151
Key Up;Z;24168
Key Down;Q;24592
Key Down;Z;24664
Key Up;Q;24888
Key Up;Z;25360
Key Down;D;25624
Key Up;D;25848
Key Down;Q;26040
Key Up;Q;26144
Key Down;Z;26384
Key Up;Z;26592
Key Down;E;27584
Key Up;E;27736
Key Down;E;28519
Key Up;E;28672
Key Down;Z;29144
Key Down;D;29145
Key Up;D;29336
Key Up;Z;29424
Key Down;E;29600
Key Up;E;29768
Key Down;Q;29919
Key Up;Q;30168
Key Down;E;30272
Key Up;E;30408
Key Down;E;30432
Key Up;E;30584
Key Down;E;30784
Key Up;E;30888
Key Down;Z;30984
Key Down;Q;31263
Key Up;Z;31832
Key Up;Q;32008
Key Down;Z;32040
Key Down;Espace;32184
Key Up;Espace;32344
Key Up;Z;32519
Key Down;Z;34880
Key Down;D;34936
Key Up;D;35096
Key Up;Z;35152
Key Down;S;35423
Key Up;S;35567
Key Down;Z;36919
Key Down;Espace;36983
Key Up;Espace;37160
Key Up;Z;37736
Key Down;Z;38280
Key Up;Z;38496
Key Down;D;39184
Key Up;D;39368
Key Down;Z;39448
Key Up;Z;39656
Key Down;D;40407
Key Up;D;40576
Key Down;Z;40896
Key Up;Z;41224
Key Down;Q;41256
Key Down;Z;41368
Key Up;Q;41504
Key Down;D;41711
Key Up;D;41799
Key Up;Z;42464
Key Down;Z;44567
Key Down;Espace;44728
Key Up;Espace;44880
Key Up;Z;45064
Key Down;S;45360
Key Up;S;45544
Key Down;Q;46728
Key Down;S;46824
Key Up;S;46976
Key Up;Q;47088
Key Down;Z;47168
Key Down;D;47528
Key Down;Espace;47568
Key Up;D;47584
Key Down;Q;47664
Key Up;Espace;47680
Key Up;Z;47816
Key Up;Q;47849
Key Down;D;48256
Key Up;D;48344
Key Down;S;48344
Key Up;S;48440
Key Down;D;49472
Key Down;S;49504
Key Up;D;49592
Key Up;S;49672
Key Down;Z;51040
Key Down;Q;51280
Key Up;Q;51408
Key Down;Espace;51543
Key Up;Espace;51696
Key Up;Z;51856
Key Down;F;65127
Key Up;F;65263
Key Down;Z;65952
Key Down;Q;66128
Key Up;Q;66328
Key Up;Z;66623
Key Down;Espace;66696
Key Up;Espace;66848
Key Down;Z;68864
Key Down;Espace;69384
Key Up;Espace;69535
Key Up;Z;69696
Key Down;S;69992
Key Up;S;70096
Key Down;S;71488
Key Up;S;71600
Key Down;Z;71704
Key Up;Z;72072
Key Down;S;72367
Key Up;S;72504
Key Down;D;73376
Key Up;D;73504
Key Down;Q;73928
Key Up;Q;74088
Key Down;D;74216
Key Up;D;74360
Key Down;Z;74840
Key Up;Z;75031
Key Down;D;75215
Key Up;D;75456
Key Down;Q;75696
Key Up;Q;76000
Key Down;Z;76240
Key Down;Q;76583
Key Up;Q;76776
Key Down;Q;77216
Key Up;Q;77376
Key Down;D;77656
Key Up;D;77776
Key Down;D;77967
Key Up;D;78120
Key Up;Z;78168
Key Down;D;78576
Key Up;D;78672
Key Down;S;78776
Key Up;S;78952
Key Down;Q;79016
Key Up;Q;79152
Key Down;Q;80504
Key Down;Z;80832
Key Up;Q;81104
Key Up;Z;81120
Key Down;S;81272
Key Down;Q;81448
Key Up;S;81544
Key Up;Q;81544
Key Down;Z;101184
Key Up;Z;101455
Key Down;S;101575
Key Up;S;101792
Key Down;D;101856
Key Up;D;102080
Key Down;Q;102168
Key Down;Z;102320
Key Up;Q;102376
Key Down;D;102512
Key Up;D;102871
Key Up;Z;104080
Key Down;Z;104880
Key Down;Q;104881
Key Up;Q;105216
Key Down;Q;105464
Key Up;Q;105760
Key Up;Z;105903
Key Down;S;106176
Key Down;Q;106400
Key Up;Q;106640
Key Up;S;106808
Key Down;Q;107024
Key Up;Q;107247
Key Down;Q;107423
Key Down;Z;107496
Key Up;Q;107632
Key Down;D;108184
Key Up;Z;108280
Key Up;D;108896
Key Down;D;109376
Key Up;D;109568
Key Down;S;109664
Key Up;S;109840
Key Down;D;110104
Key Down;Z;110432
Key Up;Z;110912
Key Up;D;111008
Key Down;D;111336
Key Up;D;111487
Key Down;Q;112799
Key Down;Z;112848
Key Up;Q;112935
Key Up;Z;112967
Key Down;Q;113240
Key Up;Q;113400
Key Down;D;113544
Key Up;D;114008
Key Down;Q;114135
Key Up;Q;114239
Key Down;D;114271
Key Down;Z;114391
Key Up;D;114592
Key Down;D;114728
Key Up;Z;114800
Key Up;D;114808
Key Down;Z;116240
Key Up;Z;116344
Key Down;Z;117295
Key Up;Z;117472
Key Down;D;117688
Key Up;D;117824
Key Down;D;118160
Key Up;D;118232
Key Down;Q;118479
Key Down;S;118623
Key Up;S;118776
Key Up;Q;118800
Key Down;Q;119112
Key Up;Q;119368
Key Down;Q;119800
Key Down;Z;119975
Key Up;Q;120224
Key Up;Z;120688
Key Down;Q;120720
Key Up;Q;120864
Key Down;D;120896
Key Up;D;121040
Key Down;Q;121168
Key Up;Q;121256
Key Down;D;121256
Key Down;Z;121295
Key Up;D;121375
Key Down;D;121568
Key Up;D;121680
Key Down;D;121768
Key Up;D;121880
Key Down;D;122040
Key Up;D;122184
Key Up;Z;123296
Key Down;Z;123664
Key Down;Q;124640
Key Up;Q;125040
Key Down;Q;125327
Key Up;Z;125519
Key Down;Z;125864
Key Up;Q;125888
Key Up;Z;125944
Key Down;S;126320
Key Up;S;126464
Key Down;Z;127536
Key Up;Z;127616
Key Down;Z;132560
Key Down;D;133440
Key Up;Z;133800
Key Down;Z;133919
Key Up;D;134280
Key Down;D;136672
Key Up;D;136959
Key Down;D;137023
Key Up;Z;137096
Key Up;D;137160
Key Down;D;137288
Key Down;Z;137328
Key Up;D;137584
Key Up;Z;137792
Key Down;Q;137856
Key Down;Z;138047
Key Up;Q;138263
Key Down;Q;139128
Key Up;Q;139848
Key Down;D;139992
Key Up;D;140096
Key Down;Q;140168
Key Up;Q;140288
Key Down;Q;141103
Key Up;Q;141288
Key Down;Q;141856
Key Up;Q;142080
Key Up;Z;142216
Key Down;A;142832
Key Up;A;143208
Key Down;Z;149328
Key Down;Q;149567
Key Up;Q;149784
Key Down;Espace;150264
Key Up;Espace;150592
Key Down;Q;152056
Key Up;Q;152327
Key Down;Q;152576
Key Up;Q;152760
Key Down;D;152896
Key Up;Z;152904
Key Up;D;153056
Key Down;D;180912
Key Down;Z;181000
Key Up;D;181311
Key Up;Z;181472
Key Down;D;181528
Key Down;Z;181656
Key Up;D;181712
Key Down;Q;181888
Key Up;Q;182080
Key Down;D;182408
Key Up;D;182567
Key Down;D;183072
Key Up;D;183152
Key Down;Q;183264
Key Up;Q;183464
Key Down;Q;183736
Key Up;Q;183967
Key Down;Q;184159
Key Up;Q;184280
Key Up;Z;184304
Key Down;Q;184624
Key Up;Q;184744
Key Down;Z;184984
Key Down;Q;185096
Key Up;Q;185272
Key Up;Z;185280
Key Down;Q;186192
Key Up;Q;186480
Key Down;D;186751
Key Up;D;186991
Key Down;Q;187248
Key Down;Z;187544
Key Up;Z;188159
Key Up;Q;188704
Key Down;D;188840
Key Down;Z;189520
Key Up;D;189615
Key Down;D;190032
Key Up;D;190240
Key Down;Q;190328
Key Up;Z;190720
Key Down;Z;191279
Key Up;Q;191311
Key Down;D;191792
Key Up;Z;191928
Key Up;D;192000
Key Down;Z;192240
Key Up;Z;192600
Key Down;Z;193032
Key Down;Q;193120
Key Up;Z;193560
Key Up;Q;193688
Key Down;S;193832
Key Up;S;194095
Key Down;D;194728
Key Up;D;194848
Key Down;D;195192
Key Up;D;195272
Key Down;D;196456
Key Up;D;196607
Key Down;Q;197120
Key Up;Q;197240
Key Down;Z;198872
Key Up;Z;199040
Key Down;F;199376
Key Up;F;199488
Key Down;Q;199751
Key Up;Q;200064
Key Down;D;200903
Key Up;D;201047
Key Down;F;201255
Key Up;F;201408
Key Down;F;201736
Key Up;F;201840
Key Down;F;202184
Key Up;F;202296
Key Down;F;202400
Key Up;F;202512
Key Down;F;202600
Key Up;F;202656
Key Down;F;202752
Key Up;F;202832
Key Down;F;202944
Key Up;F;203079
Key Down;A;203984
Key Up;A;204567
Key Down;F;207848
Key Up;F;208656
Key Down;F;209640
Key Up;F;210167
Key Down;F;210448
Key Up;F;212104
Key Down;Q;212472
Key Up;Q;212672
Key Down;D;213000
Key Up;D;213136
Key Down;Echap;213551
Key Up;Echap;213664
Key Down;Echap;267176
Key Up;Echap;267320
Key Down;Z;268199
Key Up;Z;268463
Key Down;Z;270040
Key Up;Z;270136
Key Down;Z;270272
Key Down;D;270616
Key Up;D;270720
Key Down;Q;270784
Key Up;Q;271520
Key Down;Q;271656
Key Up;Z;271888
Key Up;Q;271896
Key Down;Q;272192
Key Down;Z;272208
Key Up;Q;272447
Key Up;Z;272479
Key Down;Tab;272824
Key Up;Tab;273991
Key Down;Z;274167
Key Down;D;274464
Key Up;D;274704
Key Up;Z;274752
Key Down;D;274880
Key Up;D;275064
Key Down;Q;275136
Key Up;Q;275295
Key Down;D;275375
Key Down;Z;275768
Key Up;Z;276168
Key Up;D;276176
Key Down;Q;276368
Key Up;Q;276464
Key Down;D;276472
Key Up;D;276600
Key Down;D;276823
Key Up;D;276984
Key Down;D;277856
Key Up;D;278056
Key Down;Q;278304
Key Up;Q;278672
Key Down;Q;279055
Key Up;Q;279504
Key Down;Q;279808
Key Down;Z;279824
Key Up;Z;280128
Key Up;Q;280136
Key Down;Q;280487
Key Up;Q;280624
Key Down;D;282824
Key Up;D;282960
Key Down;D;283423
Key Down;Z;283440
Key Up;D;283600
Key Down;D;284735
Key Up;D;284912
Key Up;Z;285248
Key Down;Z;286087
Key Up;Z;286256
Key Down;Q;286536
Key Up;Q;286704
Key Down;D;286832
Key Up;D;286928
Key Down;Tab;287104
Key Down;S;288088
Key Down;D;288328
Key Up;S;288448
Key Up;D;288456
Key Down;Espace;288959
Key Up;Espace;289128
Key Up;Tab;289680
Key Down;S;290263
Key Up;S;290391
Key Down;Z;290608
Key Up;Z;290824
Key Down;Z;291032
Key Up;Z;291352
Key Down;Z;291368
Key Up;Z;291535
Key Down;A;291560
Key Up;A;291855
Key Down;Z;298103
Key Down;D;299096
Key Up;D;299232
Key Down;Q;300064
Key Up;Q;300160
Key Up;Z;300304
Key Down;D;300304
Key Up;D;300472
Key Down;D;300999
Key Up;D;301144
Key Down;Z;302319
Key Down;D;302335
Key Up;D;302554
Key Down;Q;302696
Key Up;Q;302947
Key Down;Q;303536
Key Up;Q;303735
Key Up;Z;304745
Key Down;Z;304920
Key Up;Z;305191
Key Down;Z;305424
Key Down;D;305784
Key Up;D;306280
Key Up;Z;306367
Key Down;Z;306672
Key Down;D;306698
Key Up;D;307120
Key Up;Z;307807
Key Down;Z;308008
Key Down;D;308376
Key Up;D;308488
Key Down;Q;308753
Key Up;Q;308975
Key Up;Z;309087
Key Down;Z;309352
Key Up;Z;309624
Key Down;Z;310463
Key Down;D;310503
Key Up;Z;310808
Key Up;D;310936
Key Down;Z;311168
Key Down;Espace;311408
Key Up;Espace;311583
Key Down;Q;311591
Key Up;Z;311839
Key Down;Z;312264
Key Up;Q;312784
Key Down;D;312896
Key Up;D;313271
Key Down;Q;313311
Key Up;Z;314128
Key Up;Q;314216
Key Down;Z;314296
Key Up;Z;318928
Key Down;E;319024
Key Up;E;319136
Key Down;E;319648
Key Up;E;319807
Key Down;E;320079
Key Up;E;320216
Key Down;E;320288
Key Up;E;320416
Key Down;E;320496
Key Up;E;320608
Key Down;Z;321008
Key Down;Espace;321608
Key Up;Espace;321888
Key Down;Q;322648
Key Up;Q;323096
Key Down;Q;323376
Key Up;Q;323560
Key Down;D;324255
Key Up;Z;324311
Key Up;D;324480
Key Down;S;324680
Key Up;S;324864
Key Down;Q;324928
Key Up;Q;325136
Key Down;D;325184
Key Up;D;325360
Key Down;D;325607
Key Up;D;325735
Key Down;D;325880
Key Up;D;325976
Key Down;Q;326192
Key Up;Q;326320
Key Down;Z;326512
Key Down;D;326600
Key Up;Z;326776
Key Up;D;326808
Key Down;E;327208
Key Up;E;327360
Key Down;D;327664
Key Down;Z;327696
Key Up;D;327832
Key Down;D;327928
Key Up;D;328016
Key Down;Q;328072
Key Up;Z;328303
Key Down;Z;328431
Key Up;Q;328511
Key Down;E;330624
Key Up;Z;330775
Key Up;E;330799
Key Down;D;331728
Key Down;Z;331768
Key Up;D;331864
Key Down;D;331960
Key Up;Z;332280
Key Down;Z;332464
Key Up;D;333008
Key Down;D;333064
Key Up;D;333304
Key Down;D;333352
Key Up;D;333568
Key Down;D;334007
Key Up;D;334199
Key Up;Z;334368
Key Down;Z;334552
Key Down;Q;334704
Key Up;Z;334712
Key Up;Q;334864
Key Down;D;334968
Key Up;D;335152
Key Down;Q;335240
Key Down;Z;335320
Key Up;Q;335440
Key Down;Left Shift;336039
Key Up;Left Shift;336224
Key Down;E;338847
Key Up;Z;338911
Key Down;Q;338920
Key Up;E;338976
Key Down;Z;339216
Key Up;Q;339648
Key Down;Q;339824
Key Up;Q;340087
Key Up;Z;340424
Key Down;E;340456
Key Up;E;340584
Key Down;S;340616
Key Down;Q;340760
Key Up;Q;341176
Key Up;S;341351
Key Down;Z;341856
Key Down;D;344048
Key Up;D;344167
Key Down;Espace;345040
Key Up;Espace;345320
Key Down;Espace;346400
Key Up;Espace;346624
Key Down;D;347488
Key Up;Z;347632
Key Up;D;347800
Key Down;S;347920
Key Up;S;348160
Key Down;Q;348232
Key Up;Q;348447
Key Down;D;348679
Key Up;D;348840
Key Down;Q;349040
Key Up;Q;349200
Key Down;S;349536
Key Up;S;349791
Key Down;Z;373175
Key Up;Z;373392
Key Down;Z;373656
Key Up;Z;373848
Key Down;Z;374223
Key Up;Z;374455
Key Down;Z;374800
Key Up;Z;374968
Key Down;Q;375192
Key Down;Z;375288
Key Up;Q;375488
Key Down;Q;376672
Key Up;Q;376848
Key Down;Q;377431
Key Up;Q;377624
Key Up;Z;377656
Key Down;D;377832
Key Up;D;377976
Key Down;Z;378248
Key Up;Z;378968
Key Down;A;379392
Key Up;A;379736
Key Down;D;383656
Key Up;D;383792
Key Down;Z;383792
Key Down;D;384183
Key Up;D;384319
Key Up;Z;384359
Key Down;Q;384479
Key Down;S;384624
Key Up;Q;385008
Key Up;S;385009
Key Down;Z;385152
Key Down;Q;385192
Key Up;Q;385440
Key Up;Z;385448
Key Down;Z;385831
Key Down;D;386080
Key Down;Espace;386208
Key Up;Espace;386424
Key Up;D;387192
Key Down;D;387376
Key Up;Z;387816
Key Down;Espace;388144
Key Up;Espace;388360
Key Down;Z;388679
Key Down;Espace;389208
Key Up;Z;389312
Key Up;Espace;389408
Key Down;Q;389640
Key Up;D;389648
Key Down;Z;389823
Key Down;Espace;390143
Key Up;Z;390304
Key Up;Espace;390344
Key Down;S;390448
Key Up;Q;390856
Key Down;Espace;391040
Key Up;S;391072
Key Down;D;391128
Key Down;Z;391239
Key Up;Espace;391255
Key Down;Q;391407
Key Up;D;391415
Key Down;D;391495
Key Up;Q;391576
Key Down;Espace;391808
Key Up;Espace;392072
Key Up;Z;392751
Key Down;Z;392927
Key Up;Z;393456
Key Down;Z;393496
Key Up;D;393744
Key Down;Q;393983
Key Up;Q;394104
Key Down;Espace;394111
Key Up;Espace;394448
Key Down;Q;394584
Key Up;Q;395024
Key Down;Espace;395056
Key Down;Q;395064
Key Up;Espace;395280
Key Up;Q;395392
Key Down;D;395616
Key Up;Z;395824
Key Down;Espace;396032
Key Up;Espace;396231
Key Down;Z;396367
Key Up;D;397136
Key Down;Espace;397616
Key Up;Espace;397823
Key Down;Q;397831
Key Up;Z;398392
Key Down;Z;398488
Key Up;Q;398520
Key Down;Espace;398552
Key Down;D;398664
Key Up;Espace;398752
Key Up;D;399000
Key Up;Z;399175
Key Down;D;399303
Key Up;D;399463
Key Down;D;399728
Key Up;D;399976
Key Down;Q;400112
Key Up;Q;400200
Key Down;D;400240
Key Down;Z;400687
Key Up;D;402303
Key Down;Q;402400
Key Up;Z;402536
Key Up;Q;402624
Key Down;D;402728
Key Down;Z;402880
Key Up;D;403024
Key Down;D;403192
Key Up;Z;403280
Key Up;D;403928
Key Down;D;404216
Key Down;S;404264
Key Up;S;404328
Key Up;D;404400
Key Down;Q;404616
Key Up;Q;404735
Key Down;D;404951
Key Up;D;405031
Key Down;A;410287
Key Up;A;410447
Key Down;F;411256
Key Up;F;411368
Key Down;E;411672
Key Up;E;411791
Key Down;Q;412183
Key Down;Z;412360
Key Up;Q;412616
Key Down;Q;413040
Key Up;Q;413952
Key Down;Q;413992
Key Up;Q;414320
Key Down;Q;414879
Key Up;Q;415031
Key Down;Q;415088
Key Up;Z;415232
Key Down;Z;415472
Key Up;Z;415960
Key Up;Q;416104
Key Down;D;416439
Key Down;Z;416784
Key Up;D;416864
Key Up;Z;416952
Key Down;D;417376
Key Up;D;417703
Key Down;D;418232
Key Up;D;418528
Key Down;Q;418824
Key Up;Q;419256
Key Down;Q;420416
Key Down;Z;420784
Key Up;Q;420792
Key Down;Q;421247
Key Up;Q;421495
Key Up;Z;421543
Key Down;Q;421688
Key Up;Q;421896
Key Down;D;422464
Key Down;S;422567
Key Up;D;422719
Key Up;S;422847
Key Down;Z;423328
Key Down;Q;423368
Key Up;Q;423520
Key Down;D;423560
Key Up;Z;423896
Key Up;D;424048
Key Down;Q;424119
Key Up;Q;424247
Key Down;D;424664
Key Down;Z;424736
Key Up;D;424904
Key Up;Z;424944
Key Down;Q;424968
Key Up;Q;425192
Key Down;D;425704
Key Up;D;425864
Key Down;Q;426088
Key Up;Q;426184
Key Down;D;427199
Key Down;Z;427280
Key Up;D;427704
Key Down;D;428239
Key Up;D;429991
Key Down;E;430704
Key Up;Z;430752
Key Up;E;430832
Key Down;D;430912
Key Up;D;431423
Key Down;D;431872
Key Up;D;431984
Key Down;Z;432216
Key Up;Z;432336
Key Down;Q;432527
Key Up;Q;432624
Key Down;D;433256
Key Up;D;433336
Key Down;E;434400
Key Up;E;434528
Key Down;Q;434928
Key Down;Z;435000
Key Up;Q;435287
Key Down;Q;435728
Key Up;Q;435944
Key Down;Q;436440
Key Up;Q;436735
Key Down;Q;437264
Key Up;Q;437568
Key Down;Q;437808
Key Up;Q;438288
Key Down;Q;438520
Key Up;Q;438944
Key Down;Q;439336
Key Up;Q;439808
Key Down;Espace;441824
Key Up;Espace;441920
Key Down;Q;442936
Key Up;Q;443208
Key Up;Z;443464
Key Down;Z;443943
Key Down;Q;444288
Key Up;Q;444472
Key Down;D;444704
Key Up;D;444792
Key Down;Q;445832
Key Up;Z;446040
Key Up;Q;446048
Key Down;Z;446264
Key Down;D;446440
Key Up;D;446567
Key Down;D;447096
Key Up;D;447320
Key Down;Q;447472
Key Up;Q;447664
Key Down;Q;447912
Key Up;Z;448135
Key Down;Z;448344
Key Up;Q;448416
Key Up;Z;448432
Key Down;S;448576
Key Down;D;448600
Key Up;D;448776
Key Up;S;448808
Key Down;D;451448
Key Down;Z;451712
Key Up;Z;451944
Key Up;D;452032
Key Down;Q;452175
Key Up;Q;452287
Key Down;Z;453248
Key Up;Z;453767
Key Down;Z;453879
Key Down;D;454040
Key Up;Z;454927
Key Down;Z;455528
Key Up;Z;455888
Key Down;S;456040
Key Up;D;456096
Key Down;D;456512
Key Up;S;456679
Key Down;Z;456847
Key Up;D;456960
Key Down;Q;457304
Key Up;Q;457480
Key Down;D;457968
Key Up;D;458087
Key Down;Espace;458263
Key Up;Espace;458504
Key Down;Q;458864
Key Up;Z;458920
Key Up;Q;459632
Key Down;Z;459848
Key Up;Z;460088
Key Down;Q;460751
Key Down;Z;461023
Key Up;Q;461192
Key Down;Q;461984
Key Up;Z;461992
Key Down;D;462039
Key Up;Q;462047
Key Up;D;462207
Key Down;Z;462215
Key Down;Espace;463192
Key Up;Espace;463352
Key Down;Q;463967
Key Up;Q;464200
Key Up;Z;464232
Key Down;D;464632
Key Down;Z;464640
Key Up;Z;464808
Key Up;D;464880
Key Down;Q;465103
Key Up;Q;465215
Key Down;D;465392
Key Up;D;465488
Key Down;E;467128
Key Up;E;467879
Key Down;F;468015
Key Up;F;469439
Key Down;Z;476248
Key Down;D;476535
Key Up;D;476719
Key Up;Z;479072
Key Down;Q;479343
Key Up;Q;479431
Key Down;Z;479583
Key Down;D;480288
Key Up;D;480408
Key Up;Z;480647
Key Down;Q;480792
Key Down;Z;480855
Key Up;Q;480967
Key Up;Z;481368
Key Down;Z;482095
Key Up;Z;482928
Key Down;Z;483559
Key Down;Q;483839
Key Up;Z;484224
Key Down;S;484440
Key Up;Q;484696
Key Down;Q;485064
Key Up;S;485215
Key Up;Q;485344
Key Down;Z;485456
Key Up;Z;485624
Key Down;Q;485872
Key Down;S;486016
Key Up;S;486263
Key Up;Q;486271
Key Down;Z;492951
Key Up;Z;493504
Key Down;Z;493912
Key Down;D;494200
Key Up;D;494759
Key Down;D;494855
Key Up;D;495240
Key Up;Z;495448
Key Down;Q;495608
Key Up;Q;495800
Key Down;D;495872
Key Up;D;495967
Key Down;Z;495999
Key Down;D;496063
Key Up;D;496223
Key Down;Espace;496287
Key Down;D;496392
Key Up;Espace;496480
Key Up;D;497160
Key Down;Espace;498024
Key Up;Espace;498264
Key Up;Z;499024
Key Down;Q;499648
Key Down;Z;499824
Key Up;Q;500200
Key Down;Q;500527
Key Up;Q;500839
Key Down;Q;501168
Key Up;Q;501296
Key Up;Z;501344
Key Down;D;501560
Key Down;Z;501808
Key Up;D;501815
Key Up;Z;502023
Key Down;Q;502440
Key Down;Z;502640
Key Up;Q;502856
Key Down;Q;503183
Key Up;Q;503343
Key Up;Z;503423
Key Down;Q;503583
Key Up;Q;503800
Key Down;Z;504136
Key Up;Z;504520
Key Down;Q;504768
Key Up;Q;504911
Key Down;Q;505448
Key Up;Q;505624
Key Down;Q;506271
Key Up;Q;506399
Key Down;D;506703
Key Down;Z;507016
Key Up;Z;507280
Key Up;D;507520
Key Down;D;507632
Key Up;D;507855
Key Down;D;508015
Key Up;D;508135
Key Down;Q;508167
Key Up;Q;508552
Key Down;Z;508928
Key Down;Q;509279
Key Up;Z;509304
Key Down;Espace;509632
Key Up;Q;509864
Key Up;Espace;509872
Key Down;D;510016
Key Down;Z;510471
Key Up;D;510639
Key Up;Z;511064
Key Down;D;511528
Key Up;D;511608
Key Down;D;511744
Key Up;D;512415
Key Down;Q;512552
Key Up;Q;512704
Key Down;Espace;513152
Key Up;Espace;513375
Key Down;D;513624
Key Up;D;513976
Key Down;Q;514008
Key Up;Q;514264
Key Down;Q;514448
Key Down;S;514592
Key Up;Q;514600
Key Up;S;514887
Key Down;Z;515215
Key Up;Z;515984
Key Down;D;516104
Key Up;D;516343
Key Down;Espace;516351
Key Down;D;516423
Key Up;Espace;516576
Key Up;D;517112
Key Down;Q;517264
Key Down;Espace;517440
Key Down;Z;517584
Key Up;Espace;517632
Key Up;Q;517712
Key Down;D;517855
Key Up;Z;518392
Key Up;D;518432
Key Down;D;519616
Key Down;S;519944
Key Up;D;520040
Key Down;Q;520144
Key Up;S;520287
Key Down;Z;520487
Key Up;Q;520872
Key Down;Q;521072
Key Up;Z;521152
Key Up;Q;521224
Key Down;Q;521448
Key Up;Q;521591
Key Down;Q;522216
Key Up;Q;522304
Key Down;D;522624
Key Up;D;523000
Key Down;Q;523080
Key Up;Q;523271
Key Down;D;523471
Key Down;Z;523567
Key Up;D;523687
Key Down;Q;523848
Key Down;Espace;524152
Key Up;Espace;524304
Key Up;Z;524560
Key Up;Q;524584
Key Down;Z;524663
Key Down;Q;524824
Key Up;Z;524935
Key Up;Q;525216
Key Down;D;525312
Key Up;D;525592
Key Down;Q;525792
Key Up;Q;526008
Key Down;Q;526127
Key Down;Z;526208
Key Up;Q;526351
Key Up;Z;526456
Key Down;D;526520
Key Up;D;526720
Key Down;Q;526848
Key Down;Z;527024
Key Up;Q;527240
Key Down;Q;527832
Key Down;Espace;528039
Key Up;Espace;528279
Key Up;Q;529136
Key Down;Q;529335
Key Up;Q;529447
Key Up;Z;529888
Key Down;S;530272
Key Down;D;530624
Key Up;S;530680
Key Down;Z;530863
Key Up;D;531047
Key Down;Q;531151
Key Up;Z;531432
Key Up;Q;531456
Key Down;D;531600
Key Up;D;531776
Key Down;Q;531832
Key Up;Q;531968
Key Down;D;532112
Key Up;D;532247
Key Down;Q;532744
Key Up;Q;533192
Key Down;D;533576
Key Down;Z;533600
Key Up;D;533743
Key Down;Espace;533999
Key Up;Espace;534192
Key Down;Q;534704
Key Up;Q;535152
Key Down;Espace;535311
Key Up;Espace;535503
Key Down;Q;536016
Key Up;Q;536168
Key Down;Espace;536400
Key Up;Espace;536575
Key Down;D;538104
Key Up;D;538224
Key Down;Q;538496
Key Up;Z;538688
Key Up;Q;538704
Key Down;Z;539015
Key Down;Espace;539407
Key Up;Espace;539608
Key Down;Q;541000
Key Up;Q;541256
Key Down;D;541808
Key Up;Z;542023
Key Up;D;542119
Key Down;S;542271
Key Up;S;542496
Key Down;Z;547848
Key Down;D;547976
Key Up;Z;548168
Key Up;D;548200
Key Down;S;548352
Key Down;Q;548407
Key Up;Q;548655
Key Up;S;548815
Key Down;Z;549224
Key Up;Z;549504
Key Down;S;549831
Key Up;S;550087
Key Down;A;579368
Key Up;A;579888
Key Down;A;580584
Key Up;A;581400
Key Down;Z;588215
Key Up;Z;588375
Key Down;A;588528
Key Up;A;589120
Key Down;Z;597911
Key Up;Z;599055
Key Down;A;599503
Key Up;A;600152
Key Down;Z;604376
Key Up;Z;604872
Key Down;Z;605024
Key Down;Q;605520
Key Up;Q;605719
Key Up;Z;605735
Key Down;D;605823
Key Down;Z;605927
Key Up;D;605983
Key Down;D;606143
Key Up;D;606376
Key Down;D;606544
Key Up;D;606768
Key Down;Q;607335
Key Up;Q;607615
Key Down;Q;608352
Key Up;Q;608623
Key Down;Espace;608703
Key Down;Q;608791
Key Up;Espace;608863
Key Up;Z;608975
Key Up;Q;608999
Key Down;Z;609072
Key Up;Z;609280
Key Down;S;609464
Key Up;S;609576
Key Down;Z;611687
Key Down;Espace;611751
Key Down;Q;611759
Key Up;Espace;611952
Key Up;Z;612072
Key Up;Q;612480
Key Down;Q;612911
Key Up;Q;613063
Key Down;D;614112
Key Up;D;614279
Key Down;Q;614311
Key Up;Q;614567
Key Down;D;614647
Key Up;D;615344
Key Down;Q;618152
Key Up;Q;618656
Key Down;Q;619864
Key Up;Q;620000
Key Down;D;620072
Key Up;D;620255
Key Down;Q;620535
Key Up;Q;620703
Key Down;D;620824
Key Up;D;620912
Key Down;Q;622496
Key Down;Z;622640
Key Up;Z;622840
Key Down;S;622976
Key Up;S;623231
Key Up;Q;623279
Key Down;Z;623976
Key Up;Z;624136
Key Down;D;625600
Key Up;D;625752
Key Down;Z;626047
Key Down;Q;626103
Key Up;Z;626215
Key Up;Q;626255
Key Down;Z;626528
Key Up;Z;626656
Key Down;S;626904
Key Up;S;627000
Key Down;D;627599
Key Up;D;627711
Key Down;D;629079
Key Down;Z;629215
Key Up;Z;629552
Key Down;Z;629848
Key Up;D;630079
Key Up;Z;630119
Key Down;Q;639120
Key Up;Q;639472
Key Down;Q;639815
Key Up;Q;639879
Key Down;D;640272
Key Up;D;640560
Key Down;Q;640664
Key Up;Q;640736
Key Down;Q;641359
Key Up;Q;641527
Key Down;Q;642799
Key Up;Q;642895
Key Down;Z;642983
Key Down;Q;643024
Key Up;Z;643224
Key Down;S;643440
Key Up;Q;643648
Key Up;S;643656
Key Down;D;643904
Key Up;D;643999
Key Down;D;646112
Key Down;S;646879
Key Up;S;647015
Key Up;D;647055
Key Down;Q;648920
Key Up;Q;649527
Key Down;D;652400
Key Up;D;652567
Key Down;S;652799
Key Up;S;652936
Key Down;Q;654496
Key Down;Z;654504
Key Up;Z;654680
Key Down;S;654960
Key Up;S;655111
Key Up;Q;655183
Key Down;Z;655319
Key Up;Z;655480
Key Down;D;655552
Key Down;Z;655768
Key Up;D;655832
Key Down;Q;655936
Key Up;Z;656152
Key Up;Q;656184
Key Down;Z;656455
Key Up;Z;656567
Key Down;Q;656607
Key Down;Z;656647
Key Up;Z;656711
Key Down;Z;656944
Key Up;Q;657024
Key Down;D;657232
Key Up;D;657352
Key Down;Q;657376
Key Up;Z;657927
Key Down;Z;658151
Key Up;Z;658232
Key Up;Q;658720
Key Down;D;660527
Key Up;D;660607
Key Down;Z;660663
Key Down;D;660831
Key Up;Z;660983
Key Up;D;660991
Key Down;Q;661056
Key Down;Z;661120
Key Up;Q;661280
Key Up;Z;661720
Key Down;D;661840
Key Down;Z;661911
Key Up;D;662104
Key Up;Z;662143
Key Down;Q;662335
Key Up;Q;662488
Key Down;Q;662720
Key Up;Q;662888
Key Down;Z;662960
Key Down;D;663208
Key Up;D;663367
Key Down;Espace;663503
Key Up;Espace;663703
Key Down;Q;663856
Key Up;Q;664184
Key Up;Z;664320
Key Down;Z;666535
Key Down;Espace;666872
Key Up;Espace;667096
Key Up;Z;667800
Key Down;Z;669680
Key Down;Q;669896
Key Up;Q;670112
Key Down;Espace;670120
Key Up;Espace;670288
Key Up;Z;671048
Key Down;Q;671112
Key Up;Q;671336
Key Down;Z;671584
Key Up;Z;671712
Key Down;Z;672560
Key Up;Z;672744
Key Down;Q;672752
Key Up;Q;672968
Key Down;D;673127
Key Up;D;673567
Key Down;D;673583
Key Up;D;673631
Key Down;Z;673655
Key Up;Z;673920
Key Down;S;674136
Key Up;S;674256
Key Down;Z;677056
Key Up;Z;677344
Key Down;S;677423
Key Up;S;677743
Key Down;Z;677879
Key Down;Q;678288
Key Up;Z;678408
Key Up;Q;678496
Key Down;D;678536
Key Up;D;678751
Key Down;Q;678792
Key Up;Q;679015
Key Down;Q;679416
Key Down;Z;679432
Key Up;Q;679632
Key Down;D;680024
Key Up;D;680144
Key Down;Q;680408
Key Up;Q;680599
Key Up;Z;681328
Key Down;D;681807
Key Down;S;681848
Key Up;D;681887
Key Up;S;682200
Key Down;Z;682432
Key Up;Z;682672
Key Down;S;682808
Key Up;S;682960
Key Down;Espace;684479
Key Up;Espace;684679
Key Down;Z;685831
Key Down;Espace;685920
Key Up;Espace;686111
Key Up;Z;686199
Key Down;S;686271
Key Up;S;686720
Key Down;Z;686864
Key Down;Espace;686968
Key Up;Espace;687176
Key Up;Z;687687
Key Down;Z;688256
Key Up;Z;688416
Key Down;Z;689328
Key Down;Q;689872
Key Up;Z;690287
Key Up;Q;690351
Key Down;S;690407
Key Up;S;690568
Key Down;E;692176
Key Up;E;692280
Key Down;Z;693800
Key Down;Q;694391
Key Up;Z;694800
Key Up;Q;694801
Key Down;D;695344
Key Up;D;695448
Key Down;Q;695688
Key Up;Q;695799
Key Down;D;696208
Key Up;D;696296
Key Down;Q;696512
Key Up;Q;696600
Key Down;Z;697503
Key Down;D;697672
Key Up;D;697816
Key Up;Z;697984
Key Down;Z;699943
Key Up;Z;700399
Key Down;E;700752
Key Up;E;700880
Key Down;Q;700960
Key Down;Z;700984
Key Up;Z;701168
Key Up;Q;701200
Key Down;D;701279
Key Up;D;701407
Key Down;E;701880
Key Up;E;702016
Key Down;Z;702288
Key Up;Z;702696
Key Down;Z;702944
Key Up;Z;703048
Key Down;S;703216
Key Up;S;703375
Key Down;Z;703936
Key Down;Q;704152
Key Up;Q;704679
Key Down;Q;704783
Key Up;Q;705240
Key Down;Q;705784
Key Up;Z;705919
Key Down;S;706047
Key Up;Q;706072
Key Up;S;706159
Key Down;D;706247
Key Up;D;706399
Key Down;Z;706560
Key Up;Z;706728
Key Down;Z;707040
Key Down;Q;707176
Key Up;Z;707320
Key Up;Q;707367
Key Down;Q;707807
Key Up;Q;707960
Key Down;D;708048
Key Up;D;708216
Key Down;Q;708272
Key Up;Q;708392
Key Down;D;708568
Key Up;D;708600
Key Down;Q;709312
Key Down;Z;709328
Key Up;Q;709784
Key Down;D;710760
Key Up;D;711032
Key Up;Z;711208
Key Down;D;711448
Key Up;D;711560
Key Down;D;711815
Key Up;D;711991
Key Down;Q;712136
Key Up;Q;712312
Key Down;Q;712400
Key Down;Z;712568
Key Up;Z;712984
Key Down;Z;713063
Key Up;Q;713199
Key Down;Q;713399
Key Up;Z;713487
Key Up;Q;713520
Key Down;D;713672
Key Down;Z;713768
Key Up;D;713776
Key Up;Z;714160
Key Down;Q;714240
Key Up;Q;714359
Key Down;Z;714471
Key Down;D;714735
Key Up;Z;714775
Key Up;D;714807
Key Down;Z;715320
Key Down;Q;715432
Key Up;Z;715472
Key Down;S;715727
Key Up;S;716007
Key Up;Q;716015
Key Down;D;716352
Key Up;D;716472
Key Down;Z;716760
Key Down;D;716848
Key Up;Z;717000
Key Up;D;717008
Key Down;Q;717183
Key Down;Z;717455
Key Up;Q;718112
Key Down;Q;718384
Key Up;Q;718727
Key Down;Q;719071
Key Up;Q;719232
Key Down;Q;719520
Key Up;Z;719760
Key Up;Q;719792
Key Down;Q;719976
Key Down;Z;720040
Key Up;Q;720296
Key Down;Q;720639
Key Up;Z;720887
Key Down;S;721176
Key Up;S;721376
Key Down;Z;721568
Key Up;Q;721608
Key Down;D;722311
Key Up;D;722496
Key Down;D;723232
Key Up;D;723352
Key Down;Espace;724112
Key Up;Espace;724368
Key Down;Q;724544
Key Up;Q;724967
Key Down;D;726680
Key Up;D;726808
Key Up;Z;726912
Key Down;Q;730032
Key Up;Q;730160
Key Down;S;730256
Key Up;S;730376
Key Down;D;730535
Key Up;D;730639
Key Down;Z;730775
Key Up;Z;730847
Key Down;Q;730992
Key Up;Q;731128
Key Down;S;731264
Key Up;S;731424
Key Down;Z;732231
Key Up;Z;732392
Key Down;F;732856
Key Up;F;732944
Key Down;F;733000
Key Up;F;733104
Key Down;F;733152
Key Up;F;733239
Key Down;S;733944
Key Up;S;734112
Key Down;Z;734887
Key Up;Z;735047
Key Down;S;736960
Key Up;S;737176
Key Down;Z;737551
Key Up;Z;737703
Key Down;S;737911
Key Up;S;738224
Key Down;Z;764568
Key Down;D;764824
Key Up;Z;764984
Key Up;D;765024
Key Down;Z;765359
Key Up;Z;767992
Key Down;E;768199
Key Up;E;768351
Key Down;D;768479
Key Down;S;768535
Key Up;D;768640
Key Up;S;768672
Key Down;Q;769456
Key Up;Q;769711
Key Down;Q;771135
Key Up;Q;771319
Key Down;S;771399
Key Up;S;771616
Key Down;D;771992
Key Down;Z;772016
Key Up;D;772224
Key Up;Z;772463
Key Down;E;772808
Key Up;E;772936
Key Down;Q;774127
Key Down;S;774175
Key Up;S;774344
Key Up;Q;774384
Key Down;Q;774648
Key Up;Q;775071
Key Down;Q;775319
Key Down;Z;775399
Key Up;Q;775760
Key Up;Z;775800
Key Down;Q;776120
Key Down;Z;776184
Key Up;Q;776384
Key Down;Q;776519
Key Up;Q;776712
Key Down;Q;776927
Key Up;Q;777176
Key Up;Z;777216
Key Down;Q;777464
Key Up;Q;777592
Key Down;Q;777983
Key Up;Q;778087
Key Down;Q;778335
Key Down;Z;778640
Key Up;Q;778680
Key Up;Z;778960
Key Down;Z;779288
Key Down;Q;780256
Key Up;Q;780480
Key Down;Q;780575
Key Up;Z;780751
Key Up;Q;780783
Key Down;Q;781048
Key Up;Q;781176
Key Down;D;781280
Key Up;D;781480
Key Down;D;781520
Key Up;D;782272
Key Down;Q;782288
Key Up;Q;782392
Key Down;D;782584
Key Up;D;782688
Key Down;S;782967
Key Down;Q;782975
Key Up;S;783071
Key Up;Q;783159
Key Down;Q;783167
Key Down;S;783240
Key Up;Q;783312
Key Down;D;783496
Key Up;S;783584
Key Down;Z;783759
Key Up;D;783888
Key Down;D;783984
Key Up;Z;784056
Key Down;Z;784240
Key Down;Espace;784360
Key Up;D;784448
Key Up;Espace;784544
Key Down;Q;785047
Key Up;Q;785472
Key Down;D;785640
Key Up;Z;786111
Key Down;Z;786295
Key Up;D;786712
Key Up;Z;786912
Key Down;D;787216
Key Up;D;787591
Key Down;Z;787631
Key Down;D;787751
Key Up;Z;787895
Key Up;D;787911
Key Down;Z;788999
Key Up;Z;789183
Key Down;D;789720
Key Up;D;789848
Key Down;D;790528
Key Down;Z;790599
Key Up;D;790663
Key Up;Z;790727
Key Down;S;791328
Key Down;D;791448
Key Up;S;791616
Key Down;S;791824
Key Up;S;791951
Key Up;D;792039
Key Down;Z;792159
Key Up;Z;792391
Key Down;Z;792784
Key Up;Z;792968
Key Down;F;793943
Key Up;F;794055
Key Down;S;794248
Key Down;D;794312
Key Up;D;794632
Key Down;Q;794656
Key Up;S;794895
Key Up;Q;795896
Key Down;D;796072
Key Up;D;796240
Key Down;Z;797264
Key Down;Q;797304
Key Up;Z;797600
Key Down;Z;797847
Key Down;Espace;798200
Key Up;Espace;798392
Key Up;Q;799071
Key Down;Espace;800271
Key Up;Espace;800495
Key Down;D;801751
Key Up;D;801871
Key Down;Q;802039
Key Up;Q;802560
Key Down;Espace;802832
Key Up;Espace;802968
Key Up;Z;803127
Key Down;S;803343
Key Down;D;803351
Key Up;S;803511
Key Up;D;803519
Key Down;Q;806032
Key Up;Q;806144
Key Down;Q;807552
Key Up;Q;807655
Key Down;D;807959
Key Up;D;808063
Key Down;Z;810320
Key Down;D;810328
Key Up;Z;810424
Key Up;D;810447
Key Down;S;810607
Key Up;S;810727
Key Down;Z;819544
Key Down;Q;819656
Key Up;Z;819752
Key Up;Q;819752
Key Down;Z;822944
Key Up;Z;823687
Key Down;Q;824264
Key Up;Q;824400
Key Down;S;824544
Key Up;S;824671
Key Down;Q;826279
Key Up;Q;826399
Key Down;Z;827216
Key Up;Z;827351
Key Down;D;828655
Key Up;D;828791
Key Down;F;828871
Key Up;F;828959
Key Down;Z;829808
Key Down;Q;829872
Key Up;Z;829960
Key Up;Q;829976
Key Down;D;831784
Key Up;D;831912
Key Down;Z;832527
Key Down;D;832535
Key Up;Z;832639
Key Up;D;832663
Key Down;Z;835143
Key Down;Espace;835295
Key Up;Espace;835447
Key Down;Q;836936
Key Up;Q;837400
Key Up;Z;838864
Key Down;S;838936
Key Up;S;839439
Key Down;Q;839623
Key Up;Q;839792
Key Down;Z;839992
Key Up;Z;840344
Key Down;D;840424
Key Down;Espace;840640
Key Up;D;840679
Key Down;Q;840751
Key Up;Espace;840815
Key Up;Q;840927
Key Down;Q;840983
Key Up;Q;841264
Key Down;D;841480
Key Down;S;841584
Key Up;D;841680
Key Up;S;841992
Key Down;Z;842136
Key Up;Z;842415
Key Down;Espace;842471
Key Down;Z;842615
Key Up;Espace;842671
Key Up;Z;842999
Key Down;Q;843047
Key Up;Q;843304
Key Down;Z;843504
Key Down;Q;843600
Key Up;Q;843776
Key Up;Z;843863
Key Down;D;844039
Key Up;D;844127
Key Down;Z;844311
Key Down;Q;844415
Key Up;Q;845160
Key Down;Espace;845200
Key Up;Espace;845431
Key Down;Q;845767
Key Up;Z;845807
Key Down;Z;845863
Key Up;Z;846000
Key Down;Z;846392
Key Up;Q;847031
Key Down;D;847616
Key Up;Z;847975
Key Up;D;848087
Key Down;D;848415
Key Up;D;848720
Key Down;Q;849008
Key Down;Z;849040
Key Up;Q;849160
Key Down;D;849383
Key Up;Z;849519
Key Down;S;849839
Key Up;D;850496
Key Up;S;850832
Key Down;D;850864
Key Down;S;851087
Key Up;S;851215
Key Down;Z;851343
Key Up;D;851504
Key Down;D;852032
Key Up;Z;852455
Key Down;Z;852903
Key Up;Z;853176
Key Up;D;853783
Key Down;Q;854079
Key Up;Q;854183
Key Down;Q;854560
Key Up;Q;854600
Key Down;D;854712
Key Up;D;854832
Key Down;Q;855976
Key Up;Q;856200
Key Down;Z;856719
Key Up;Z;856871
Key Down;Q;862112
Key Up;Q;862328
Key Down;S;862344
Key Up;S;862663
Key Down;F;862895
Key Up;F;863015
Key Down;Q;863151
Key Down;S;863392
Key Up;Q;863696
Key Up;S;863736
Key Down;S;863903
Key Down;Q;863912
Key Up;S;864175
Key Up;Q;864287
Key Down;Q;864776
Key Up;Q;865016
Key Down;Q;865296
Key Up;Q;865519
Key Down;Q;865559
Key Down;Z;865575
Key Up;Z;865855
Key Up;Q;865871
Key Down;Z;866224
Key Down;Q;866752
Key Up;Q;867007
Key Up;Z;867343
Key Down;Z;867704
Key Up;Z;867904
Key Down;D;868016
Key Up;D;868160
Key Down;Q;868359
Key Down;Z;868399
Key Up;Q;868471
Key Down;D;868600
Key Up;D;868824
Key Up;Z;868840
Key Down;Q;869840
Key Up;Q;869896
Key Down;S;870439
Key Up;S;870535
Key Down;Q;870679
Key Up;Q;870791
Key Down;D;870920
Key Up;D;871016
Key Down;D;871248
Key Up;D;871328
Key Down;Z;871767
Key Up;Z;871896
Key Down;S;872087
Key Up;S;872191
Key Down;Q;872536
Key Up;Q;872648
Key Down;D;872816
Key Up;D;872904
Key Down;Z;873928
Key Up;Z;874048
Key Down;A;877656
Key Up;A;878127
Key Down;S;881792
Key Down;D;881879
Key Up;D;882071
Key Down;Q;882295
Key Up;Q;882472
Key Up;S;882776
Key Down;Z;883136
Key Down;Espace;883880
Key Down;Q;883960
Key Up;Espace;884032
Key Up;Z;884448
Key Down;Z;884711
Key Up;Q;884999
Key Up;Z;885920
Key Down;D;886256
Key Down;Z;886312
Key Up;D;886351
Key Down;Q;886744
Key Up;Q;886864
Key Down;D;887623
Key Up;D;887775
Key Down;Q;887807
Key Up;Q;887927
Key Down;Espace;888087
Key Up;Espace;888312
Key Down;D;890440
Key Up;Z;890584
Key Up;D;890608
Key Down;S;891135
Key Up;S;891392
Key Down;Z;891952
Key Up;Z;892088
Key Down;S;892319
Key Up;S;892551
Key Down;Z;925400
Key Down;D;925760
Key Up;D;925991
Key Up;Z;926023
Key Down;D;926952
Key Down;Z;927079
Key Up;D;927319
Key Up;Z;927407
Key Down;Z;929095
Key Down;Espace;929327
Key Up;Espace;929520
Key Up;Z;930479
Key Down;Z;930783
Key Down;D;930848
Key Up;D;931032
Key Down;Q;931232
Key Up;Q;931336
Key Down;D;931656
Key Up;D;931799
Key Down;Q;931943
Key Up;Q;932071
Key Up;Z;935192
Key Down;D;935568
Key Up;D;935807
Key Down;D;936215
Key Down;Z;936231
Key Up;D;936496
Key Down;Q;936896
Key Up;Q;937135
Key Down;Q;937607
Key Up;Q;937775
Key Down;Q;938104
Key Up;Q;938176
Key Down;D;938743
Key Up;D;939504
Key Down;D;939912
Key Up;D;940079
Key Up;Z;940199
Key Down;Z;940527
Key Down;Espace;940647
Key Up;Espace;940840
Key Up;Z;940912
Key Down;Q;940968
Key Down;Z;941152
Key Up;Q;941383
Key Down;Q;941695
Key Up;Q;942584
Key Down;Q;942983
Key Up;Z;943039
Key Up;Q;943175
Key Down;Q;943415
Key Up;Q;943536
Key Down;D;943600
Key Up;D;943752
Key Down;Z;943992
Key Down;D;944056
Key Up;D;944311
Key Down;Q;944447
Key Up;Q;944567
Key Up;Z;944847
Key Down;Z;946504
Key Down;D;946520
Key Up;D;946712
Key Down;Q;947151
Key Up;Z;947896
Key Up;Q;947928
Key Down;D;949047
Key Up;D;949248
Key Down;D;949456
Key Up;D;949608
Key Down;D;949848
Key Up;D;949976
Key Down;Z;950351
Key Down;Q;951543
Key Up;Q;952000
Key Down;Q;952232
Key Down;Espace;952456
Key Up;Espace;952656
Key Up;Q;952887
Key Down;D;953159
Key Up;Z;953231
Key Down;Z;953576
Key Up;D;953680
Key Down;Q;953736
Key Up;Z;953752
Key Down;Espace;953800
Key Up;Q;953991
Key Up;Espace;953999
Key Down;Z;954143
Key Down;D;954367
Key Up;Z;954375
Key Down;Z;954824
Key Up;D;954896
Key Down;D;954976
Key Up;Z;955080
Key Up;D;955680
Key Down;Q;955832
Key Up;Q;955976
Key Down;Z;956456
Key Down;D;956519
Key Up;Z;956695
Key Up;D;956791
Key Down;D;957576
Key Up;D;957800
Key Down;Z;957951
Key Down;Espace;958039
Key Up;Espace;958247
Key Up;Z;958583
Key Down;Z;958960
Key Down;Espace;959016
Key Up;Espace;959343
Key Up;Z;959847
Key Down;Q;960328
Key Up;Q;960520
Key Down;Z;960743
Key Up;Z;960887
Key Down;D;961343
Key Up;D;961415
Key Down;Q;962007
Key Down;Z;962175
Key Up;Z;962800
Key Up;Q;962824
Key Down;Q;963815
Key Up;Q;963992
Key Down;D;964368
Key Up;D;964480
Key Down;Z;964504
Key Down;D;965040
Key Up;D;965128
Key Up;Z;965288
Key Down;Z;966224
Key Down;Espace;968135
Key Up;Espace;968384
Key Up;Z;969112
Key Down;A;969215
Key Up;A;969567
Key Down;Espace;973272
Key Down;Z;973496
Key Up;Espace;973583
Key Up;Z;974071
Key Down;D;974183
Key Down;Z;974328
Key Up;D;974432
Key Down;Q;974592
Key Up;Q;975383
Key Down;Q;975615
Key Up;Z;975744
Key Up;Q;975864
Key Down;Z;975984
Key Down;Q;976615
Key Up;Q;976807
Key Up;Z;977280
Key Down;D;977448
Key Down;Z;977520
Key Up;D;977632
Key Up;Z;977816
Key Down;Q;977927
Key Down;Z;978047
Key Up;Q;978207
Key Up;Z;978359
Key Down;E;978447
Key Up;E;978608
Key Down;D;978736
Key Up;D;978928
Key Down;Z;978984
Key Down;D;979271
Key Up;Z;979391
Key Up;D;979487
Key Down;Z;979607
Key Down;D;980264
Key Up;D;980456
Key Down;Q;981127
Key Up;Q;981351
Key Down;D;981432
Key Up;D;981632
Key Down;D;981976
Key Up;D;982127
Key Up;Z;982199
Key Down;Z;982455
Key Down;D;982591
Key Up;D;982792
Key Up;Z;982928
Key Down;Z;983104
Key Up;Z;983224
Key Down;D;983240
Key Up;D;983376
Key Down;Z;983631
Key Up;Z;983815
Key Down;D;984103
Key Down;Z;984352
Key Up;D;984408
Key Up;Z;984600
Key Down;D;984800
Key Up;D;985000
Key Down;Z;985383
Key Down;Q;985407
Key Up;Z;985632
Key Up;Q;985720
Key Down;F;986479
Key Up;F;989511
Key Down;D;989928
Key Up;D;990104
Key Down;Q;991400
Key Up;Q;991536
Key Down;D;991664
Key Up;D;991808
Key Down;D;992327
Key Up;D;992511
Key Down;Z;994959
Key Down;Q;995240
Key Up;Z;995360
Key Up;Q;995576
Key Down;Z;995704
Key Down;D;995848
Key Up;D;995903
Key Up;Z;995936
Key Down;E;996199
Key Up;E;996351
Key Down;S;996680
Key Down;D;996792
Key Up;D;996912
Key Up;S;996928
Key Down;Z;997415
Key Up;Z;997799
Key Down;D;997903
Key Up;D;998104
Key Down;D;998152
Key Down;Z;998344
Key Up;D;998408
Key Up;Z;998560
Key Down;D;998608
Key Up;D;998775
Key Down;Z;998847
Key Up;Z;998991
Key Down;D;999103
Key Down;S;999247
Key Up;D;999295
Key Down;Q;999391
Key Up;S;999536
Key Up;Q;999616
Key Down;Q;999784
Key Down;Z;999896
Key Up;Z;1000087
Key Up;Q;1000119
Key Down;Z;1000151
Key Down;Q;1000167
Key Up;Q;1000487
Key Down;D;1002240
Key Up;D;1002352
Key Up;Z;1002760
Key Down;Z;1002960
Key Down;Q;1003391
Key Up;Q;1003752
Key Up;Z;1003864
Key Down;Tab;1004200
Key Down;D;1004807
Key Up;D;1004959
Key Down;Z;1005600
Key Up;Tab;1005632
Key Up;Z;1006104
Key Down;Q;1006191
Key Down;Z;1006407
Key Up;Q;1006703
Key Up;Z;1006968
Key Down;Z;1007160
Key Up;Z;1007376
Key Down;Z;1007815
Key Up;Z;1007903
Key Down;D;1008071
Key Up;D;1008223
Key Down;S;1008247
Key Down;D;1009527
Key Up;S;1009704
Key Up;D;1009912
Key Down;Q;1009944
Key Up;Q;1010328
Key Down;Z;1010336
Key Down;D;1011055
Key Up;D;1011152
Key Up;Z;1011160
Key Down;Z;1011632
Key Down;Q;1011719
Key Up;Z;1011887
Key Up;Q;1012023
Key Down;Z;1012183
Key Down;D;1012624
Key Up;Z;1012800
Key Down;Z;1013128
Key Up;D;1013167
Key Up;Z;1013423
Key Down;D;1013463
Key Down;S;1013663
Key Up;D;1013671
Key Down;D;1013791
Key Up;S;1013863
Key Down;Z;1013968
Key Up;D;1013976
Key Down;Q;1014104
Key Up;Q;1014216
Key Down;D;1014863
Key Up;D;1015039
Key Down;Espace;1015247
Key Up;Espace;1015640
Key Down;Espace;1016263
Key Up;Z;1016399
Key Down;Z;1016463
Key Up;Espace;1016671
Key Down;Espace;1017088
Key Up;Espace;1017360
Key Down;Espace;1017615
Key Up;Espace;1017823
Key Down;Espace;1017975
Key Down;D;1018536
Key Up;Espace;1018600
Key Up;D;1018879
Key Down;Espace;1018887
Key Up;Espace;1019479
Key Down;Q;1019495
Key Up;Q;1019888
Key Down;D;1020248
Key Up;D;1020503
Key Up;Z;1021072
Key Down;D;1021200
Key Up;D;1021320
Key Down;D;1021344
Key Down;Z;1021520
Key Up;Z;1021783
Key Down;Z;1021943
Key Up;D;1022007
Key Up;Z;1022456
Key Down;D;1022696
Key Up;D;1022792
Key Down;Z;1023095
Key Down;D;1023135
Key Up;D;1023359
Key Up;Z;1023736
Key Down;E;1023864
Key Up;E;1024016
Key Down;E;1024176
Key Up;E;1024320
Key Down;Z;1024519
Key Up;Z;1024911
Key Down;Z;1024967
Key Up;Z;1025248
Key Down;E;1025264
Key Up;E;1025416
Key Down;D;1025776
Key Down;Z;1025800
Key Up;D;1026039
Key Up;Z;1026407
Key Down;Q;1026511
Key Up;Q;1026824
Key Down;D;1026896
Key Down;Z;1027136
Key Up;D;1027176
Key Up;Z;1027671
Key Down;Z;1027847
Key Up;Z;1028024
Key Down;Q;1028296
Key Up;Q;1028400
Key Down;Tab;1028624
Key Down;Z;1029231
Key Up;Tab;1029512
Key Down;D;1029520
Key Up;D;1030223
Key Up;Z;1030375
Key Down;Q;1030423
Key Up;Q;1030543
Key Down;D;1030599
Key Down;Z;1030687
Key Up;D;1030743
Key Up;Z;1030864
Key Down;Z;1031176
Key Up;Z;1031360
Key Down;F;1032336
Key Up;F;1033415
Key Down;Z;1034735
Key Up;Z;1034831
Key Down;S;1035807
Key Up;S;1035903
Key Down;Z;1036215
Key Up;Z;1036319
Key Down;E;1036944
Key Up;E;1037096
Key Down;Z;1037856
Key Down;Q;1038128
Key Up;Q;1038280
Key Up;Z;1038671
Key Down;S;1038839
Key Up;S;1038959
Key Down;Z;1039552
Key Down;Q;1039568
Key Up;Q;1039840
Key Down;Q;1039952
Key Up;Z;1039991
Key Up;Q;1040071
Key Down;Z;1040183
Key Up;Z;1040295
Key Down;S;1040407
Key Down;D;1040487
Key Up;S;1040696
Key Up;D;1040752
Key Down;F;1041895
Key Up;F;1042927
Key Down;Z;1043119
Key Down;D;1043207
Key Up;Z;1043287
Key Up;D;1043311
Key Down;Q;1043608
Key Up;Q;1043680
Key Down;Q;1044351
Key Up;Q;1044431
Key Down;E;1046336
Key Up;E;1046463
Key Down;D;1048768
Key Up;D;1048952
Key Down;Z;1049064
Key Up;Z;1049415
Key Down;Z;1049519
Key Down;Q;1049663
Key Up;Q;1049751
Key Up;Z;1049847
Key Down;Z;1050999
Key Up;Z;1051223
Key Down;D;1051536
Key Down;Z;1051592
Key Up;D;1051664
Key Down;Q;1051856
Key Up;Q;1052008
Key Up;Z;1052023
Key Down;E;1052119
Key Down;Q;1052191
Key Down;S;1052303
Key Up;E;1052311
Key Up;Q;1052463
Key Up;S;1052543
Key Down;E;1052615
Key Up;E;1052776
Key Down;Z;1052968
Key Up;Z;1053208
Key Down;D;1053592
Key Up;D;1053727
Key Down;D;1053879
Key Down;Z;1054159
Key Up;Z;1054376
Key Up;D;1054624
Key Down;D;1054855
Key Up;D;1055039
Key Down;D;1055952
Key Up;D;1056056
Key Down;S;1056120
Key Up;S;1056320
Key Down;Q;1056607
Key Down;Z;1056641
Key Up;Q;1056887
Key Up;Z;1056889
Key Down;Z;1058135
Key Down;Q;1058544
Key Up;Z;1058648
Key Up;Q;1058720
Key Down;Z;1059079
Key Down;Q;1060040
Key Up;Q;1060280
Key Up;Z;1060664
Key Down;Q;1060928
Key Down;Z;1061288
Key Up;Q;1061392
Key Up;Z;1061679
Key Down;D;1061935
Key Up;D;1062151
Key Down;Z;1062496
Key Down;D;1062520
Key Up;Z;1062728
Key Up;D;1062736
Key Down;Z;1063127
Key Up;Z;1063303
Key Down;Espace;1063383
Key Down;Z;1063439
Key Up;Espace;1063575
Key Down;Espace;1064176
Key Up;Espace;1064351
Key Up;Z;1064759
Key Down;E;1065152
Key Up;E;1065327
Key Down;E;1065464
Key Up;E;1065560
Key Down;E;1066327
Key Up;E;1066487
Key Down;E;1066872
Key Up;E;1067016
Key Down;Z;1067040
Key Up;Z;1067216
Key Down;S;1067376
Key Up;S;1067488
Key Down;Z;1067623
Key Up;Z;1067871
Key Down;S;1068079
Key Up;S;1068264
Key Down;Z;1068632
Key Up;Z;1068775
Key Down;D;1068823
Key Up;D;1068903
Key Down;Q;1068935
Key Down;Z;1069023
Key Up;Q;1069095
Key Up;Z;1069175
Key Down;Q;1069536
Key Up;Q;1069576
Key Down;Q;1070704
Key Up;Q;1070824
Key Down;D;1071311
Key Up;D;1071519
Key Down;S;1071823
Key Down;D;1071903
Key Up;S;1072104
Key Up;D;1072112
Key Down;D;1072232
Key Down;Z;1072240
Key Up;D;1072448
Key Up;Z;1072608
Key Down;E;1072999
Key Up;E;1073167
Key Down;Q;1073736
Key Up;Q;1073896
Key Down;Q;1074168
Key Down;Z;1074647
Key Up;Q;1075064
Key Down;Q;1075376
Key Up;Z;1075576
Key Up;Q;1075631
Key Down;Z;1075679
Key Down;Espace;1077127
Key Up;Espace;1077359
Key Down;Espace;1078096
Key Up;Espace;1078248
Key Down;Espace;1079007
Key Up;Espace;1079208
Key Down;D;1079935
Key Up;Z;1080015
Key Up;D;1080399
Key Down;S;1080816
Key Up;S;1081072
Key Down;Z;1081319
Key Up;Z;1081599
Key Down;D;1081808
Key Down;Z;1081904
Key Up;D;1082072
Key Up;Z;1082144
Key Down;Z;1082943
Key Down;Espace;1083087
Key Up;Espace;1083264
Key Up;Z;1083424
Key Down;D;1083744
Key Down;S;1083815
Key Up;D;1083943
Key Down;Espace;1084167
Key Up;Espace;1084351
Key Up;S;1084423
Key Down;Z;1084688
Key Down;D;1084752
Key Up;D;1085191
Key Up;Z;1085215
Key Down;Espace;1085327
Key Down;D;1085463
Key Up;Espace;1085503
Key Up;D;1085807
Key Down;Q;1086176
Key Down;Espace;1086424
Key Down;Z;1086576
Key Up;Espace;1086608
Key Up;Q;1086647
Key Down;Q;1087039
Key Up;Q;1087159
Key Down;D;1087328
Key Up;D;1087504
Key Down;Q;1087672
Key Up;Q;1087880
Key Down;D;1088615
Key Up;D;1088783
Key Up;Z;1088839
Key Down;Z;1089216
Key Down;D;1089256
Key Up;D;1089432
Key Up;Z;1089440
Key Down;Q;1089935
Key Up;Q;1090135
Key Down;Z;1090367
Key Down;Q;1090616
Key Up;Q;1090952
Key Down;Q;1091871
Key Up;Q;1092232
Key Up;Z;1092320
Key Down;Z;1092440
Key Down;D;1092687
Key Up;D;1093024
Key Up;Z;1093312
Key Down;Q;1094200
Key Down;Z;1094208
Key Up;Q;1094367
Key Down;D;1094639
Key Up;D;1094879
Key Down;Espace;1095472
Key Down;D;1095528
Key Up;Espace;1095671
Key Up;Z;1095991
Key Up;D;1096023
Key Down;S;1096247
Key Up;S;1096616
Key Down;Z;1096968
Key Down;Espace;1097175
Key Down;D;1097343
Key Up;Espace;1097359
Key Up;Z;1097687
Key Up;D;1097727
Key Down;D;1097751
Key Up;D;1098064
Key Down;Z;1098871
Key Down;D;1098887
Key Down;Espace;1099480
Key Up;D;1099528
Key Up;Espace;1099679
Key Down;Espace;1099879
Key Up;Espace;1100047
Key Up;Z;1100336
Key Down;Q;1127551
Key Down;Z;1127903
Key Up;Q;1127911
Key Down;Q;1128632
Key Up;Q;1128903
Key Down;Q;1129319
Key Up;Z;1129928
Key Down;Z;1130176
Key Up;Q;1130232
Key Down;Q;1130719
Key Up;Q;1131040
Key Down;Q;1131320
Key Up;Q;1131528
Key Up;Z;1131600
Key Down;Z;1131863
Key Down;Q;1132311
Key Up;Q;1132528
Key Down;Q;1132928
Key Up;Q;1133087
Key Down;D;1133343
Key Up;Z;1133383
Key Down;Z;1133615
Key Up;D;1133735
Key Up;Z;1133952
Key Down;D;1134280
Key Down;Z;1134376
Key Up;D;1134432
Key Down;Espace;1134559
Key Up;Espace;1134695
Key Up;Z;1134743
Key Down;Q;1134751
Key Up;Q;1134991
Key Down;S;1135007
Key Up;S;1135368
Key Down;Espace;1135536
Key Up;Espace;1135744
Key Down;Z;1136295
Key Up;Z;1136672
Key Down;Q;1136744
Key Up;Q;1136920
Key Down;Q;1137008
Key Down;Z;1137375
Key Up;Q;1137447
Key Down;Espace;1137807
Key Up;Espace;1138024
Key Down;D;1139015
Key Up;D;1139223
Key Down;Espace;1139552
Key Up;Espace;1139792
Key Down;D;1141863
Key Up;D;1142071
Key Down;D;1142336
Key Up;Z;1142536
Key Up;D;1142712
Key Down;Z;1142720
Key Up;Z;1142879
Key Down;Q;1142919
Key Up;Q;1143007
Key Down;D;1143311
Key Up;D;1143391
Key Down;Z;1144343
Key Up;Z;1144503
Key Down;S;1144991
Key Up;S;1145144
Key Down;Z;1145640
Key Up;Z;1145799
Key Down;Z;1146664
Key Up;Z;1146888
Key Down;D;1147336
Key Up;D;1147463
Key Down;E;1149743
Key Up;E;1149896
Key Down;Z;1150591
Key Down;D;1150767
Key Up;D;1150903
Key Down;Q;1151368
Key Up;Q;1151544
Key Up;Z;1152159
Key Down;Z;1152423
Key Down;Q;1153687
Key Up;Q;1154111
Key Down;Q;1154319
Key Up;Z;1154624
Key Down;Z;1154840
Key Up;Q;1154992
Key Down;D;1155207
Key Up;Z;1155640
Key Down;Z;1155855
Key Up;D;1156248
Key Up;Z;1156288
Key Down;Q;1156456
Key Up;Q;1156895
Key Down;D;1157127
Key Down;Z;1157391
Key Up;D;1157423
Key Up;Z;1157616
Key Down;D;1157656
Key Up;D;1157808
Key Down;D;1158144
Key Down;Z;1158223
Key Up;Z;1158407
Key Down;S;1158559
Key Up;D;1158607
Key Down;Q;1158847
Key Up;Q;1159088
Key Up;S;1159256
Key Down;Q;1159272
Key Up;Q;1159512
Key Down;Q;1159839
Key Up;Q;1160007
Key Down;D;1160047
Key Up;D;1160199
Key Down;Q;1160432
Key Up;Q;1160592
Key Down;D;1161327
Key Up;D;1161527
Key Down;Q;1161743
Key Down;Z;1161759
Key Up;Q;1161864
Key Down;D;1161944
Key Up;Z;1162032
Key Up;D;1162272
Key Down;Z;1163272
Key Down;D;1163472
Key Up;D;1163592
Key Up;Z;1163632
Key Down;S;1163800
Key Up;S;1163895
Key Down;Z;1164159
Key Up;Z;1165064
Key Down;Z;1165184
Key Up;Z;1165623
Key Down;Z;1166464
Key Up;Z;1166743
Key Down;Espace;1168815
Key Up;Espace;1169032
Key Down;Z;1169056
Key Down;Q;1169519
Key Up;Q;1170023
Key Up;Z;1170087
Key Down;D;1170103
Key Up;D;1170480
Key Down;D;1170872
Key Up;D;1171039
Key Down;Z;1171543
Key Down;D;1171599
Key Up;Z;1171623
Key Up;D;1171720
Key Down;Q;1171960
Key Up;Q;1172128
Key Down;D;1172799
Key Up;D;1172911
Key Down;Z;1172967
Key Down;Q;1173152
Key Down;Espace;1173440
Key Up;Espace;1173640
Key Up;Z;1174239
Key Up;Q;1174664
Key Down;Z;1176655
Key Up;Z;1177648
Key Down;Z;1178063
Key Up;Z;1178800
Key Down;Z;1179559
Key Up;Z;1179887
Key Down;Z;1180807
Key Down;Q;1181792
Key Up;Q;1182072
Key Down;Espace;1182096
Key Up;Espace;1182311
Key Down;D;1182767
Key Up;Z;1182911
Key Down;Z;1183591
Key Up;Z;1183655
Key Down;Z;1183911
Key Up;D;1184007
Key Down;Q;1184199
Key Up;Q;1184576
Key Up;Z;1187103
Key Down;Q;1187968
Key Down;Z;1188088
Key Up;Q;1188175
Key Up;Z;1188191
Key Down;Q;1189903
Key Up;Q;1190039
Key Down;D;1190408
Key Up;D;1190632
Key Down;D;1190871
Key Down;Z;1191047
Key Up;D;1191087
Key Down;Q;1191608
Key Up;Q;1191768
Key Down;Q;1192647
Key Up;Q;1192960
Key Down;D;1193719
Key Up;D;1194199
Key Up;Z;1194504
Key Down;Z;1196263
Key Up;Z;1196951
Key Down;Z;1197408
Key Up;Z;1198415
Key Down;Z;1198656
Key Up;Z;1199335
Key Down;D;1199351
Key Up;D;1199527
Key Down;Z;1199575
Key Down;Q;1199791
Key Up;Q;1200032
Key Down;Espace;1200392
Key Up;Espace;1200655
Key Down;Q;1201063
Key Up;Q;1201448
Key Down;D;1201528
Key Up;D;1201855
Key Down;Q;1201903
Key Down;D;1202095
Key Up;Q;1202135
Key Down;Espace;1202455
Key Up;Espace;1202615
Key Up;Z;1203295
Key Down;Z;1203719
Key Down;Espace;1203807
Key Up;Z;1203983
Key Up;Espace;1203991
Key Down;Z;1204775
Key Up;D;1204959
Key Down;Espace;1205303
Key Up;Espace;1205471
Key Down;Q;1206495
Key Down;Espace;1206631
Key Up;Espace;1206807
Key Up;Q;1207112
Key Down;Q;1207384
Key Up;Q;1207472
Key Down;Espace;1207487
Key Up;Espace;1207727
Key Down;Q;1207952
Key Up;Z;1208951
Key Up;Q;1209351
Key Down;Z;1209472
Key Down;D;1209824
Key Up;Z;1210119
Key Down;Z;1210335
Key Up;D;1210519
Key Down;D;1211264
Key Up;D;1211503
Key Down;Espace;1211983
Key Up;Espace;1212240
Key Down;Espace;1212967
Key Up;Espace;1213159
Key Down;Q;1214104
Key Up;Q;1214224
Key Down;Espace;1214415
Key Up;Espace;1214719
Key Down;Espace;1215400
Key Up;Espace;1215704
Key Down;D;1215919
Key Up;D;1216335
Key Down;Q;1216576
Key Up;Q;1216776
Key Down;Espace;1216976
Key Down;Q;1217223
Key Up;Espace;1217247
Key Up;Z;1217391
Key Down;Z;1217647
Key Up;Q;1217823
Key Down;Espace;1217944
Key Up;Espace;1218176
Key Down;Espace;1218831
Key Up;Espace;1219280
Key Down;D;1219544
Key Up;D;1219744
Key Down;Espace;1219760
Key Up;Espace;1219951
Key Down;Q;1220591
Key Up;Q;1220720
Key Down;D;1220744
Key Up;Z;1220752
Key Down;Z;1221016
Key Up;D;1221192
Key Up;Z;1221503
Key Down;Left Alt;1221807
Key Down;Tab;1221871
Key Up;Left Alt;1222216
Key Up;Tab;1222341
