Event;Key;Time
Key Down;Entrée;552
Key Up;Entrée;656
Key Down;Z;25312
Key Down;D;26369
Key Up;Z;26513
Key Down;Z;26792
Key Up;D;26904
Key Up;Z;26976
Key Down;D;27432
Key Up;D;27601
Key Down;Z;27721
Key Up;Z;27897
Key Down;Z;29281
Key Up;Z;29536
Key Down;Z;29792
Key Up;Z;29904
Key Down;D;30425
Key Up;D;30601
Key Down;D;30904
Key Up;D;31064
Key Down;Q;31376
Key Up;Q;31480
Key Down;Q;31993
Key Down;Z;32089
Key Up;Z;32240
Key Up;Q;32249
Key Down;Z;32440
Key Up;Z;32672
Key Down;Z;33568
Key Up;Z;33648
Key Down;S;34256
Key Up;S;34320
Key Down;S;34624
Key Up;S;34881
Key Down;Z;35248
Key Up;Z;35872
Key Down;Z;36336
Key Up;Z;36416
Key Down;S;36584
Key Up;S;36672
Key Down;Z;36840
Key Down;Q;37537
Key Up;Z;37545
Key Down;S;37689
Key Up;S;37728
Key Down;S;37816
Key Up;S;37912
Key Up;Q;37920
Key Down;D;37992
Key Up;D;38200
Key Down;Q;38531
Key Down;Z;38881
Key Up;Q;38921
Key Down;Q;41336
Key Up;Q;41584
Key Down;Q;41809
Key Up;Q;42025
Key Down;Q;42344
Key Up;Q;42648
Key Up;Z;42968
Key Down;Z;43273
Key Down;D;44896
Key Up;D;45200
Key Down;D;45480
Key Up;Z;45488
Key Down;Z;45704
Key Up;D;45752
Key Up;Z;46089
Key Down;Q;46161
Key Down;Z;46344
Key Up;Z;46872
Key Up;Q;47248
Key Down;Z;47256
Key Down;Q;47417
Key Up;Z;47480
Key Down;Z;47792
Key Up;Q;48496
Key Up;Z;48905
Key Down;Z;49248
Key Up;Z;49800
Key Down;Z;49912
Key Up;Z;50377
Key Down;Z;50688
Key Up;Z;50880
Key Down;Q;51048
Key Up;Q;51104
Key Down;D;52328
Key Up;D;52448
Key Down;Z;52953
Key Up;Z;53081
Key Down;S;53600
Key Up;S;53696
Key Down;Q;53872
Key Up;Q;54000
Key Down;Z;54080
Key Up;Z;54256
Key Down;S;54489
Key Up;S;54625
Key Down;D;55144
Key Up;D;55232
Key Down;Q;55632
Key Up;Q;55752
Key Down;D;55985
Key Up;D;56096
Key Down;Z;57369
Key Down;D;57744
Key Up;Z;57832
Key Up;D;59352
Key Down;Q;63728
Key Up;Q;64008
Key Down;Q;64233
Key Down;Z;64368
Key Up;Q;64512
Key Up;Z;64552
Key Down;D;64888
Key Up;D;64944
Key Down;Q;65016
Key Up;Q;65200
Key Down;D;66953
Key Down;Q;67097
Key Up;D;67105
Key Up;Q;67192
Key Down;D;67368
Key Up;D;67576
Key Down;D;67904
Key Up;D;67977
Key Down;Z;68040
Key Down;Q;68041
Key Up;Q;68744
Key Up;Z;68768
Key Down;D;68920
Key Up;D;69048
Key Down;S;69344
Key Up;S;69873
Key Down;Z;70064
Key Down;D;70416
Key Up;D;70560
Key Up;Z;70600
Key Down;Z;70680
Key Up;Z;70784
Key Down;D;71696
Key Up;D;71832
Key Down;Z;72224
Key Up;Z;72529
Key Down;S;72712
Key Up;S;72816
Key Down;Z;73056
Key Up;Z;73160
Key Down;Espace;73392
Key Up;Espace;73520
Key Down;Z;73672
Key Up;Z;73792
Key Down;Z;74256
Key Up;Z;74392
Key Down;S;74560
Key Up;S;74608
Key Down;Z;74864
Key Up;Z;74992
Key Down;Z;76280
Key Down;Q;76681
Key Up;Q;77584
Key Down;Espace;78064
Key Up;Espace;78248
Key Down;D;78424
Key Up;Z;78608
Key Up;D;78816
Key Down;S;79416
Key Up;S;79593
Key Down;Z;80144
Key Down;E;80416
Key Up;Z;80440
Key Up;E;80528
Key Down;Q;80680
Key Down;Z;80776
Key Up;Q;80913
Key Up;Z;81161
Key Down;S;81344
Key Up;S;81384
Key Down;E;81560
Key Up;E;81672
Key Down;S;82008
Key Up;S;82112
Key Down;D;82256
Key Down;Z;82296
Key Up;D;82385
Key Down;Espace;85145
Key Down;Q;85353
Key Up;Espace;85456
Key Up;Q;85552
Key Down;Espace;86936
Key Up;Espace;87112
Key Down;D;87800
Key Up;D;87936
Key Up;Z;87961
Key Down;Z;88113
Key Up;Z;88216
Key Down;S;88456
Key Up;S;88720
Key Down;Q;88840
Key Up;Q;88944
Key Down;D;89088
Key Up;D;89216
Key Down;S;89449
Key Up;S;89536
Key Down;A;96081
Key Up;A;96512
Key Down;S;97064
Key Down;Espace;97192
Key Up;Espace;97481
Key Up;S;97672
Key Down;Espace;97720
Key Down;Z;97776
Key Up;Espace;97872
Key Up;Z;97944
Key Down;Espace;98088
Key Up;Espace;98392
Key Down;Espace;98576
Key Up;Espace;98776
Key Down;Left Alt;99129
Key Up;Left Alt;99456
Key Down;Left Shift;99760
Key Up;Left Shift;99960
Key Down;Tab;109752
Key Up;Tab;109992
Key Down;Tab;110744
Key Up;Tab;110969
Key Down;Tab;113496
Key Up;Tab;113737
Key Down;D;126313
Key Down;Z;126320
Key Up;D;126624
Key Down;Q;126816
Key Up;Q;127168
Key Down;Q;127689
Key Up;Q;127896
Key Down;Q;128080
Key Up;Z;128320
Key Down;Z;128616
Key Up;Q;128712
Key Down;Q;129073
Key Up;Q;129344
Key Down;Q;130337
Key Up;Q;130864
Key Down;Q;131056
Key Up;Q;131296
Key Up;Z;131384
Key Down;Q;132936
Key Up;Q;133057
Key Down;D;133265
Key Up;D;133305
Key Down;Q;134208
Key Up;Q;134336
Key Down;Z;134448
Key Down;Espace;134641
Key Up;Espace;134792
Key Down;Q;134840
Key Up;Q;135032
Key Down;D;135096
Key Up;Z;135112
Key Up;D;135208
Key Down;Q;135576
Key Up;Q;135624
Key Down;A;138849
Key Up;A;139456
Key Down;A;140056
Key Up;A;140808
Key Down;Z;141617
Key Down;Q;143504
Key Up;Q;143760
Key Down;Espace;145168
Key Up;Espace;145680
Key Up;Z;146928
Key Down;Z;151192
Key Down;Q;151296
Key Up;Q;151616
Key Down;Q;154544
Key Up;Q;154992
Key Down;Q;155216
Key Up;Q;155681
Key Down;Espace;155912
Key Down;D;156120
Key Up;Espace;156128
Key Up;D;156432
Key Up;Z;156456
Key Down;D;156520
Key Down;Z;156608
Key Up;D;156640
Key Down;D;156808
Key Up;D;156888
Key Down;Q;156928
Key Up;Z;157025
Key Up;Q;157081
Key Down;S;157161
Key Up;S;157249
Key Down;S;157560
Key Up;S;157632
Key Down;A;157888
Key Up;A;159568
Key Down;A;160472
Key Up;A;160688
Key Down;A;161016
Key Up;A;161448
Key Down;A;161673
Key Up;A;161777
Key Down;A;162312
Key Up;A;162456
Key Down;A;163632
Key Up;A;163776
Key Down;A;164600
Key Up;A;164704
Key Down;A;165728
Key Up;A;165913
Key Down;A;166033
Key Up;A;166144
Key Down;A;166216
Key Up;A;166320
Key Down;A;166392
Key Up;A;166480
Key Down;A;166536
Key Up;A;166616
Key Down;A;166720
Key Up;A;166832
Key Down;Z;168424
Key Down;Q;168928
Key Up;Q;169120
Key Up;Z;169560
Key Down;Z;169825
Key Down;Q;170192
Key Up;Q;170648
Key Up;Z;170680
Key Down;Q;170888
Key Down;Z;170952
Key Up;Q;171120
Key Up;Z;171312
Key Down;Z;171600
Key Up;Z;171737
Key Down;Z;176417
Key Up;Z;176584
Key Down;E;178881
Key Up;E;179056
Key Down;E;184057
Key Up;E;184216
Key Down;Z;187328
Key Down;D;187496
Key Up;Z;187640
Key Down;Z;187704
Key Up;D;187816
Key Down;Q;187840
Key Up;Q;188672
Key Down;Q;191192
Key Up;Q;191376
Key Down;D;191528
Key Up;D;191696
Key Down;Q;191760
Key Up;Q;191848
Key Down;D;192056
Key Up;D;192168
Key Down;Q;192216
Key Up;Q;192353
Key Down;Espace;192441
Key Up;Espace;192696
Key Down;Espace;194784
Key Up;Espace;194944
Key Down;D;195536
Key Up;D;195720
Key Down;Q;195784
Key Up;Q;195960
Key Down;D;195992
Key Up;Z;196000
Key Up;D;196144
Key Down;S;196280
Key Up;S;196480
Key Down;D;196944
Key Down;Z;197032
Key Up;D;197080
Key Up;Z;197096
Key Down;Q;197376
Key Up;Q;197512
Key Down;S;197680
Key Up;S;197880
Key Down;Q;198296
Key Down;Z;198337
Key Up;Q;198408
Key Up;Z;198552
Key Down;Z;198776
Key Down;D;198944
Key Up;Z;199056
Key Down;S;199216
Key Up;D;199369
Key Down;Q;199393
Key Up;S;199601
Key Down;Z;199784
Key Up;Q;199920
Key Down;D;200240
Key Up;Z;200288
Key Down;S;200560
Key Up;D;200624
Key Down;Q;200809
Key Up;S;200865
Key Down;Z;201072
Key Up;Q;201144
Key Down;D;201424
Key Up;Z;201480
Key Down;S;201704
Key Up;D;201800
Key Down;Q;201896
Key Up;S;202072
Key Up;Q;202177
Key Down;E;225736
Key Up;E;226320
Key Down;Z;226680
Key Down;D;227120
Key Up;D;227296
Key Down;D;228145
Key Up;D;228304
Key Up;Z;228416
Key Down;Z;228616
Key Down;Q;228992
Key Up;Z;229120
Key Up;Q;229200
Key Down;D;229433
Key Up;D;229656
Key Down;Z;229992
Key Up;Z;230689
Key Down;Z;230952
Key Up;Z;231392
Key Down;Z;231584
Key Up;Z;231856
Key Down;Z;232201
Key Up;Z;232320
Key Down;Q;232456
Key Up;Q;232984
Key Down;Q;233224
Key Up;Q;233561
Key Down;Q;233880
Key Up;Q;234048
Key Down;Z;234224
Key Up;Z;234608
Key Down;A;234872
Key Up;A;235568
Key Down;Z;239169
Key Up;Z;239664
Key Down;D;239920
Key Up;D;240208
Key Down;D;240569
Key Down;Z;240721
Key Up;D;240864
Key Up;Z;241136
Key Down;Z;241480
Key Down;D;241648
Key Up;Z;241953
Key Up;D;241976
Key Down;Q;242264
Key Up;Q;242592
Key Down;D;242792
Key Down;Z;243016
Key Up;D;243088
Key Up;Z;243281
Key Down;Q;243544
Key Down;Z;243584
Key Up;Q;243592
Key Down;D;243768
Key Up;D;243960
Key Down;Espace;244144
Key Up;Espace;244376
Key Down;Q;245288
Key Up;Q;245600
Key Down;Q;247409
Key Up;Q;247688
Key Up;Z;247728
Key Down;Z;247992
Key Down;Q;248168
Key Up;Q;248328
Key Down;Espace;248552
Key Up;Espace;248704
Key Up;Z;248928
Key Down;D;249120
Key Up;D;249264
Key Down;Q;249592
Key Up;Q;249664
Key Down;A;250225
Key Up;A;250360
Key Down;A;251713
Key Up;A;251848
Key Down;A;259024
Key Up;A;259120
Key Down;Z;260328
Key Down;D;260488
Key Up;Z;260576
Key Up;D;260680
Key Down;D;260984
Key Down;Z;261088
Key Up;D;261201
Key Up;Z;261273
Key Down;D;262040
Key Up;D;262200
Key Down;Z;262208
Key Up;Z;262408
Key Down;Q;262641
Key Up;Q;262793
Key Down;Q;263600
Key Up;Q;263704
Key Down;Z;264296
Key Down;D;264464
Key Up;D;264808
Key Up;Z;265288
Key Down;E;265312
Key Up;E;265473
Key Down;Z;267256
Key Up;Z;267416
Key Down;Z;267616
Key Up;Z;268264
Key Down;E;268664
Key Up;E;268824
Key Down;Z;269016
Key Down;D;270376
Key Up;Z;270785
Key Down;S;270992
Key Up;S;271272
Key Down;Z;271720
Key Up;D;271760
Key Down;D;271944
Key Down;Espace;272025
Key Up;Espace;272264
Key Up;D;272360
Key Down;Q;272496
Key Down;Espace;272944
Key Up;Espace;273112
Key Up;Z;273304
Key Down;S;273473
Key Up;Q;273529
Key Down;Q;273920
Key Up;S;273952
Key Down;Z;274136
Key Up;Q;274320
Key Down;Q;274672
Key Up;Z;274752
Key Down;Z;275048
Key Up;Z;275177
Key Up;Q;275208
Key Down;Q;275496
Key Up;Q;275560
Key Down;Q;276241
Key Up;Q;276361
Key Down;Q;277464
Key Up;Q;277784
Key Down;D;277840
Key Up;D;277976
Key Down;Q;278160
Key Up;Q;278304
Key Down;D;279016
Key Up;D;279081
Key Down;Z;279640
Key Up;Z;279792
Key Down;Q;279872
Key Down;Z;280008
Key Up;Q;280240
Key Down;D;280473
Key Up;D;280609
Key Down;D;280816
Key Up;Z;281296
Key Up;D;281624
Key Down;Q;281776
Key Up;Q;281913
Key Down;Q;282192
Key Up;Q;282392
Key Down;D;282552
Key Up;D;282600
Key Down;Q;282688
Key Up;Q;282848
Key Down;Z;282952
Key Up;Z;283112
Key Down;D;283112
Key Up;D;283305
Key Down;Z;283976
Key Up;Z;284192
Key Down;Z;285344
Key Up;Z;285512
Key Down;Z;285784
Key Up;Z;286048
Key Down;Z;286256
Key Up;Z;286520
Key Down;Espace;287768
Key Up;Espace;287992
Key Down;Q;288512
Key Down;Z;288728
Key Up;Z;288993
Key Up;Q;289248
Key Down;D;289320
Key Up;D;289696
Key Down;D;289912
Key Down;Z;290040
Key Up;Z;290465
Key Up;D;290640
Key Down;Z;290664
Key Up;Z;290840
Key Down;Q;292072
Key Down;Z;292161
Key Up;Q;292265
Key Up;Z;292328
Key Down;Q;292600
Key Up;Q;292680
Key Down;Z;292896
Key Down;D;292897
Key Up;D;293016
Key Up;Z;293064
Key Down;D;294456
Key Up;D;294640
Key Down;Z;295208
Key Up;Z;295360
Key Down;D;295904
Key Up;D;296008
Key Down;Z;297761
Key Up;Z;297913
Key Down;Q;297968
Key Up;Q;298144
Key Down;Z;298728
Key Down;Q;298968
Key Up;Q;299064
Key Up;Z;299185
Key Down;D;299233
Key Up;D;299321
Key Down;S;299728
Key Up;S;299848
Key Down;A;300729
Key Up;A;300841
Key Down;A;302560
Key Up;A;302656
Key Down;Z;303536
Key Down;D;303648
Key Up;D;303928
Key Down;D;304096
Key Up;Z;304232
Key Down;Z;304680
Key Up;D;304880
Key Up;Z;305464
Key Down;E;305504
Key Up;E;305648
Key Down;Z;306192
Key Up;Z;306416
Key Down;S;306609
Key Up;S;306808
Key Down;Q;307344
Key Down;Z;307464
Key Up;Q;307504
Key Up;Z;307720
Key Down;Z;308352
Key Down;D;308400
Key Up;D;308520
Key Up;Z;308528
Key Down;Z;308888
Key Up;Z;309248
Key Down;E;309457
Key Up;E;309585
Key Down;Z;310040
Key Down;D;310352
Key Up;D;310472
Key Up;Z;310480
Key Down;Espace;310608
Key Up;Espace;310833
Key Down;Z;311472
Key Down;Espace;312177
Key Up;Espace;312416
Key Down;Espace;313160
Key Up;Espace;313344
Key Down;D;314104
Key Up;Z;314464
Key Up;D;314488
Key Down;D;315480
Key Up;D;316424
Key Down;Q;316536
Key Up;Q;316664
Key Down;Z;329128
Key Down;Q;329616
Key Down;Espace;329760
Key Up;Q;329800
Key Up;Espace;329961
Key Down;Q;330320
Key Up;Z;330472
Key Down;Espace;330528
Key Up;Espace;330768
Key Down;S;330848
Key Up;S;330992
Key Up;Q;331080
Key Down;Z;331216
Key Down;D;331352
Key Up;D;331456
Key Up;Z;331544
Key Down;Z;331560
Key Up;Z;331720
Key Down;Q;331728
Key Up;Q;331904
Key Down;Q;332144
Key Up;Q;332304
Key Down;Z;333401
Key Up;Z;333960
Key Down;E;334016
Key Up;E;334152
Key Down;S;334272
Key Down;Q;334520
Key Up;S;334784
Key Down;Z;334968
Key Up;Q;336824
Key Down;Q;337000
Key Up;Q;337136
Key Down;Q;337616
Key Up;Z;338016
Key Down;Z;338232
Key Up;Q;338936
Key Up;Z;339712
Key Down;Q;339824
Key Up;Q;339984
Key Down;E;340529
Key Up;E;340649
Key Down;S;341136
Key Down;Q;341288
Key Up;S;341304
Key Up;Q;341408
Key Down;Z;341560
Key Down;D;341704
Key Up;Z;341808
Key Up;D;341864
Key Down;Z;342312
Key Down;D;342560
Key Up;D;342744
Key Up;Z;342992
Key Down;D;343000
Key Up;D;343200
Key Down;Q;343584
Key Down;Z;343760
Key Up;Q;343816
Key Down;D;343968
Key Up;D;344168
Key Up;Z;344240
Key Down;Z;344312
Key Down;D;344624
Key Up;Z;344720
Key Up;D;344761
Key Down;Z;345129
Key Up;Z;345184
Key Down;E;345520
Key Up;E;345640
Key Down;S;346856
Key Down;Q;346872
Key Up;Q;347072
Key Up;S;347120
Key Down;Espace;347120
Key Up;Espace;347296
Key Down;D;347344
Key Up;D;347560
Key Down;Z;347792
Key Down;D;347808
Key Up;Z;348176
Key Up;D;348296
Key Down;Espace;348384
Key Up;Espace;348568
Key Down;Q;348696
Key Up;Q;348904
Key Down;Z;349033
Key Up;Z;349224
Key Down;E;349288
Key Up;E;349400
Key Down;Z;349432
Key Down;Q;350480
Key Up;Q;350704
Key Down;D;351128
Key Up;Z;351144
Key Down;S;351400
Key Up;D;351440
Key Up;S;351680
Key Down;Z;351768
Key Down;E;351840
Key Up;Z;351936
Key Up;E;352040
Key Down;Z;352072
Key Up;Z;353384
Key Down;S;353728
Key Down;Q;353872
Key Up;S;354096
Key Down;Z;354224
Key Up;Q;354464
Key Down;Q;355136
Key Up;Q;355416
Key Down;Q;355793
Key Up;Q;355920
Key Down;D;356216
Key Up;D;356472
Key Down;Espace;356664
Key Up;Espace;356856
Key Down;Q;356992
Key Up;Z;357289
Key Down;Z;357488
Key Up;Q;357496
Key Down;D;357624
Key Up;D;357760
Key Down;Espace;358656
Key Up;Espace;358936
Key Down;D;359728
Key Up;Z;359848
Key Up;D;359880
Key Down;Q;360088
Key Up;Q;360232
Key Down;S;360368
Key Up;S;360592
Key Down;D;360672
Key Up;D;360744
Key Down;D;363776
Key Up;D;363976
Key Down;Z;364257
Key Up;Z;364520
Key Down;Q;364528
Key Down;S;364744
Key Up;Q;364816
Key Down;D;364960
Key Up;S;365016
Key Down;Z;365160
Key Up;D;365208
Key Down;Q;365368
Key Up;Z;365408
Key Down;S;365561
Key Up;Q;365609
Key Down;D;365704
Key Up;S;365744
Key Down;Z;365872
Key Up;D;365928
Key Down;Q;366064
Key Up;Z;366112
Key Down;S;366320
Key Up;Q;366328
Key Down;D;366472
Key Up;S;366528
Key Down;Z;366680
Key Up;D;366688
Key Up;Z;366888
Key Down;Z;394176
Key Up;Z;395672
Key Down;Z;395888
Key Down;Q;395968
Key Up;Q;396176
Key Up;Z;396384
Key Down;Z;396576
Key Down;Q;396656
Key Up;Z;396849
Key Up;Q;396905
Key Down;D;397121
Key Down;Z;397137
Key Up;D;397384
Key Up;Z;397632
Key Down;Z;397952
Key Down;D;398064
Key Up;Z;398256
Key Up;D;398297
Key Down;D;398520
Key Down;Z;398632
Key Up;D;398720
Key Up;Z;398816
Key Down;Z;399168
Key Down;Q;399192
Key Up;Z;399424
Key Up;Q;399769
Key Down;Q;400008
Key Up;Q;400200
Key Down;Q;400352
Key Up;Q;400568
Key Down;Q;400944
Key Down;Z;401129
Key Up;Q;401248
Key Up;Z;401288
Key Down;D;401344
Key Up;D;401512
Key Down;S;401672
Key Down;Q;401688
Key Up;S;401840
Key Up;Q;402072
Key Down;Z;402120
Key Down;D;402328
Key Up;D;402577
Key Up;Z;402696
Key Down;Z;403016
Key Down;D;404080
Key Up;D;404280
Key Down;Q;404792
Key Up;Z;404952
Key Up;Q;405024
Key Down;D;405128
Key Down;Z;405216
Key Up;D;405425
Key Up;Z;405576
Key Down;Q;405944
Key Down;Z;405952
Key Up;Z;406464
Key Down;Z;406849
Key Up;Z;407072
Key Up;Q;407936
Key Down;Z;408072
Key Down;Q;408120
Key Up;Q;408360
Key Down;Q;408760
Key Up;Q;408952
Key Down;Espace;409080
Key Up;Espace;409272
Key Down;D;409569
Key Up;D;409768
Key Up;Z;409800
Key Down;S;410008
Key Up;S;410144
Key Down;D;410168
Key Down;Z;410264
Key Up;D;410344
Key Up;Z;410520
Key Down;Q;410536
Key Up;Q;410704
Key Down;D;411320
Key Down;A;411384
Key Up;D;411416
Key Up;A;411545
Key Down;A;411760
Key Up;A;411880
Key Down;D;431688
Key Down;Z;431744
Key Up;D;432216
Key Down;D;433545
Key Up;Z;433904
Key Down;Z;433968
Key Up;D;434184
Key Down;D;434720
Key Up;D;435368
Key Down;D;435576
Key Up;D;436192
Key Down;Q;436448
Key Down;Espace;436449
Key Up;Q;436504
Key Up;Espace;436624
Key Down;Q;436832
Key Up;Z;436944
Key Up;Q;437376
Key Down;D;437536
Key Up;D;437680
Key Down;A;439040
Key Up;A;439193
Key Down;Q;440832
Key Up;Q;441048
Key Down;D;441104
Key Down;Z;441112
Key Up;D;441168
Key Down;Q;441248
Key Down;E;441472
Key Up;Q;441536
Key Up;Z;441584
Key Up;E;441616
Key Down;Q;441736
Key Down;S;441752
Key Up;Q;441816
Key Up;S;441977
Key Down;D;442520
Key Up;D;443112
Key Down;Q;443369
Key Up;Q;443473
Key Down;Z;443888
Key Down;Q;444080
Key Up;Z;445208
Key Down;Z;445576
Key Up;Z;445864
Key Up;Q;448864
Key Down;D;449032
Key Down;Z;449488
Key Up;Z;449792
Key Down;Q;450472
Key Up;D;450528
Key Down;S;450576
Key Down;D;450632
Key Up;Q;450664
Key Up;D;451168
Key Up;S;451184
Key Down;Q;451360
Key Down;Z;451448
Key Up;Q;451672
Key Up;Z;451704
Key Down;D;451720
Key Down;Z;451976
Key Up;D;452168
Key Down;D;452937
Key Up;Z;453240
Key Down;Z;454137
Key Up;D;454256
Key Down;Espace;454656
Key Up;Espace;454832
Key Up;Z;454912
Key Down;Q;454928
Key Up;Q;455064
Key Down;Q;455328
Key Up;Q;455464
Key Down;D;455737
Key Up;D;455816
Key Down;A;456128
Key Up;A;456256
Key Down;A;457248
Key Up;A;457408
Key Down;Z;460008
Key Up;Z;460136
Key Down;S;460512
Key Up;S;460616
Key Down;Q;460856
Key Up;Q;460992
Key Down;Q;461224
Key Down;E;461272
Key Up;Q;461345
Key Up;E;461417
Key Down;D;461680
Key Up;D;461760
Key Down;Q;461936
Key Up;Q;462032
Key Down;Z;462168
Key Down;D;462256
Key Up;Z;462312
Key Up;D;462328
Key Down;Z;464248
Key Up;Z;464376
Key Down;E;464672
Key Up;E;464768
Key Down;S;465120
Key Down;D;465272
Key Up;D;465776
Key Up;S;465792
Key Down;Z;466200
Key Down;D;466201
Key Up;D;467072
Key Down;Q;467096
Key Up;Q;467248
Key Down;Q;467672
Key Up;Q;468040
Key Down;D;468160
Key Down;Q;468248
Key Up;D;468288
Key Up;Z;468296
Key Down;Z;468536
Key Up;Q;468608
Key Up;Z;469048
Key Down;Z;469272
Key Down;E;469536
Key Up;Z;469680
Key Down;Z;469728
Key Up;E;469744
Key Down;E;470112
Key Up;E;470280
Key Up;Z;471272
Key Down;Q;471504
Key Down;Z;471761
Key Up;Q;471904
Key Down;D;472024
Key Up;Z;472224
Key Up;D;472296
Key Down;D;472464
Key Up;D;472784
Key Down;S;472840
Key Down;Q;472856
Key Up;S;472952
Key Down;D;472952
Key Up;Q;472976
Key Down;Z;473048
Key Up;D;473169
Key Up;Z;473536
Key Down;D;473656
Key Down;S;473736
Key Down;Q;473784
Key Up;D;473800
Key Up;S;473992
Key Up;Q;474024
Key Down;Z;475336
Key Down;D;475488
Key Up;D;475656
Key Down;Q;475712
Key Up;Q;476065
Key Down;Q;476160
Key Up;Q;476400
Key Down;Q;476632
Key Up;Q;476872
Key Down;Espace;477624
Key Up;Espace;477872
Key Up;Z;480448
Key Down;D;480664
Key Up;D;480768
Key Down;S;480872
Key Down;Q;480880
Key Up;S;481128
Key Up;Q;481152
Key Down;D;481488
Key Up;D;481560
Key Down;S;481609
Key Up;S;481776
Key Down;Z;507520
Key Up;Z;508136
Key Down;Tab;508632
Key Up;Tab;509425
Key Down;D;510056
Key Up;D;510376
Key Down;Z;511224
Key Up;Z;511720
Key Down;Z;511976
Key Down;Q;512128
Key Up;Z;512400
Key Up;Q;512456
Key Down;Q;512696
Key Down;Z;512768
Key Up;Q;512952
Key Up;Z;512976
Key Down;Z;513544
Key Up;Z;514016
Key Down;D;514352
Key Down;Z;514488
Key Up;D;514640
Key Up;Z;514744
Key Down;Z;515832
Key Up;Z;516040
Key Down;Z;516264
Key Down;Q;516312
Key Up;Z;516456
Key Up;Q;516489
Key Down;Q;517616
Key Up;Q;517712
Key Down;D;517824
Key Up;D;517945
Key Down;Z;518608
Key Up;Z;518816
Key Down;Q;519528
Key Down;Z;519808
Key Up;Z;520648
Key Up;Q;520672
Key Down;Q;520777
Key Down;Z;520888
Key Up;Q;521096
Key Up;Z;521152
Key Down;Q;522336
Key Up;Q;522608
Key Down;D;522696
Key Down;Z;522816
Key Up;D;522904
Key Down;Q;523112
Key Up;Z;523120
Key Down;Z;523216
Key Up;Q;523296
Key Down;D;523400
Key Up;D;523528
Key Up;Z;523704
Key Down;Q;523752
Key Down;Z;523968
Key Up;Z;524240
Key Up;Q;524256
Key Down;D;524304
Key Down;Z;524504
Key Up;D;524664
Key Down;Q;524992
Key Up;Q;525120
Key Up;Z;525472
Key Down;D;526440
Key Up;D;526840
Key Down;Z;526992
Key Down;D;527344
Key Up;Z;527537
Key Up;D;527584
Key Down;D;528024
Key Down;Z;528072
Key Up;D;528168
Key Up;Z;528360
Key Down;D;529968
Key Up;D;530136
Key Down;Z;530560
Key Up;Z;530752
Key Down;Q;531232
Key Down;Z;531416
Key Up;Q;531672
Key Down;Q;531936
Key Up;Q;532112
Key Down;D;533736
Key Up;D;533872
Key Up;Z;534224
Key Down;D;534368
Key Up;D;534448
Key Down;Z;534528
Key Down;Q;534609
Key Up;Z;534768
Key Up;Q;534769
Key Down;D;534808
Key Up;D;534928
Key Down;D;535040
Key Up;D;535120
Key Down;S;535520
Key Up;S;535696
Key Down;Q;536232
Key Up;Q;536408
Key Down;Q;537232
Key Down;Z;537361
Key Up;Q;538056
Key Down;Tab;541024
Key Up;Z;542096
Key Up;Tab;542520
Key Down;Q;542880
Key Up;Q;542992
Key Down;D;543072
Key Up;D;543240
Key Down;Z;543257
Key Down;Q;543368
Key Up;Z;543425
Key Up;Q;543568
Key Down;Z;543880
Key Down;D;543904
Key Up;D;544144
Key Up;Z;544440
Key Down;Q;545152
Key Down;Z;545232
Key Up;Q;545432
Key Up;Z;545464
Key Down;D;545465
Key Down;Z;545568
Key Up;D;545952
Key Up;Z;546392
Key Down;Z;548040
Key Up;Z;548216
Key Down;D;548408
Key Up;D;548488
Key Down;Z;548568
Key Up;Z;548864
Key Down;Espace;549144
Key Up;Espace;549432
Key Down;Q;549512
Key Up;Q;549752
Key Down;Q;549912
Key Up;Q;550176
Key Down;Q;550336
Key Down;S;550528
Key Up;Q;550576
Key Up;S;550616
Key Down;Q;550912
Key Down;Z;551000
Key Up;Z;551888
Key Up;Q;552296
Key Down;D;552320
Key Down;Z;552378
Key Up;D;552600
Key Up;Z;552848
Key Down;D;552904
Key Up;D;552992
Key Down;D;553280
Key Up;D;553432
Key Down;Z;553792
Key Down;D;553808
Key Up;D;554000
Key Up;Z;554040
Key Down;Q;554320
Key Up;Q;554608
Key Down;Z;554704
Key Up;Z;554896
Key Down;D;555096
Key Up;D;555264
Key Down;Q;555304
Key Up;Q;555552
Key Down;Q;555696
Key Up;Q;555976
Key Down;Espace;556200
Key Down;Q;556424
Key Up;Espace;556472
Key Down;Z;557304
Key Up;Z;557832
Key Down;Espace;557848
Key Up;Espace;558072
Key Down;S;558168
Key Down;Espace;559048
Key Up;Q;559120
Key Up;S;559216
Key Up;Espace;559264
Key Down;Z;560480
Key Down;Q;560992
Key Up;Q;561216
Key Up;Z;561296
Key Down;Q;561544
Key Down;Z;561552
Key Down;D;561696
Key Up;Z;561736
Key Down;Z;561809
Key Up;Q;561864
Key Up;D;562288
Key Up;Z;562344
Key Down;Q;562504
Key Down;S;562576
Key Up;S;562784
Key Down;Espace;563176
Key Down;Z;563368
Key Up;Espace;563408
Key Up;Q;563568
Key Down;Q;564577
Key Up;Q;564752
Key Up;Z;564760
Key Down;Z;565184
Key Down;Q;565224
Key Up;Z;565456
Key Down;S;565568
Key Up;Q;566208
Key Up;S;566232
Key Down;Q;566408
Key Down;Z;566432
Key Up;Z;567064
Key Down;Espace;567128
Key Up;Espace;567352
Key Down;S;567648
Key Up;Q;567744
Key Down;D;567792
Key Up;D;568320
Key Up;S;568408
Key Down;Q;569448
Key Down;Z;569496
Key Up;Z;570328
Key Down;S;570568
Key Up;Q;570792
Key Up;S;570872
Key Down;D;572072
Key Up;D;572160
Key Down;D;572864
Key Down;Z;573064
Key Up;Z;573352
Key Up;D;573416
Key Down;Q;573952
Key Down;Z;574024
Key Up;Z;574248
Key Up;Q;574264
Key Down;Q;574384
Key Up;Q;574424
Key Down;Q;575072
Key Up;Q;575224
Key Down;Q;575416
Key Up;Q;575568
Key Down;Z;576144
Key Down;Q;576272
Key Up;Z;576336
Key Down;Z;576496
Key Up;Q;576776
Key Up;Z;576832
Key Down;D;576944
Key Down;Z;577056
Key Up;D;577249
Key Up;Z;577344
Key Down;D;577576
Key Up;D;577912
Key Down;Z;578552
Key Down;Q;578552
Key Up;Z;578872
Key Down;S;579248
Key Up;Q;579336
Key Up;S;579584
Key Down;D;579688
Key Up;D;579880
Key Down;D;579960
Key Up;D;580136
Key Down;Q;580296
Key Up;Q;580512
Key Down;Z;580672
Key Up;Z;580944
Key Down;D;580960
Key Up;D;581240
Key Down;Q;581376
Key Up;Q;581784
Key Down;Q;581912
Key Up;Q;582160
Key Down;Q;582296
Key Down;D;582400
Key Up;Q;582448
Key Up;D;582632
Key Down;D;582728
Key Down;Z;582768
Key Up;D;583208
Key Up;Z;583209
Key Down;Tab;583328
Key Down;Z;588776
Key Down;D;588984
Key Up;Z;589184
Key Up;D;589232
Key Down;Z;589504
Key Down;D;589656
Key Up;D;589744
Key Up;Z;589784
Key Down;Z;590144
Key Down;D;590240
Key Up;D;590320
Key Up;Z;590336
Key Down;F;593112
Key Down;Z;593168
Key Up;F;593248
Key Up;Z;593392
Key Down;F;594112
Key Up;F;594240
Key Up;Tab;594920
Key Down;D;595080
Key Up;D;595304
Key Down;Z;595600
Key Down;F;596440
Key Up;F;596560
Key Down;D;596880
Key Up;D;597528
Key Up;Z;597584
Key Down;Q;598248
Key Up;Q;598424
Key Down;Z;598560
Key Down;D;598568
Key Up;Z;598856
Key Up;D;598888
Key Down;Z;599064
Key Down;Q;599288
Key Up;Z;599384
Key Up;Q;599456
Key Down;D;599520
Key Up;D;599896
Key Down;Q;599944
Key Down;Z;600264
Key Up;Q;600520
Key Up;Z;600584
Key Down;D;600648
Key Down;Z;600712
Key Up;D;600872
Key Down;Q;601072
Key Up;Q;601312
Key Down;Espace;601504
Key Up;Espace;602032
Key Down;Q;602400
Key Up;Q;603888
Key Up;Z;603896
Key Down;Z;604032
Key Down;Q;604032
Key Up;Z;604312
Key Up;Q;604312
Key Down;D;604864
Key Down;Z;605024
Key Up;D;605032
Key Down;Q;605200
Key Up;Z;605240
Key Up;Q;605416
Key Down;Q;606096
Key Up;Q;606240
Key Down;D;606440
Key Up;D;606568
Key Down;Q;607160
Key Up;Q;607512
Key Down;Q;607728
Key Down;D;607928
Key Up;Q;607936
Key Up;D;608104
Key Down;D;608544
Key Up;D;608616
Key Down;Q;608809
Key Up;Q;609160
Key Down;D;609248
Key Down;Z;609328
Key Up;D;609424
Key Down;Q;609496
Key Up;Q;609832
Key Up;Z;609864
Key Down;S;610672
Key Down;Q;610824
Key Up;S;611216
Key Down;S;611472
Key Up;Q;611552
Key Up;S;611768
Key Down;Q;612456
Key Up;Q;612552
Key Down;D;612696
Key Up;D;612832
Key Down;Q;612920
Key Down;Z;613048
Key Up;Q;613248
Key Up;Z;613288
Key Down;Z;613600
Key Up;Z;613960
Key Down;Z;614280
Key Up;Z;614456
Key Down;S;614704
Key Up;S;614864
Key Down;S;615240
Key Up;S;615504
Key Down;Q;615624
Key Up;Q;615912
Key Down;Z;616152
Key Down;D;616240
Key Up;D;616360
Key Up;Z;616512
Key Down;Q;616977
Key Down;Z;616985
Key Up;Q;617128
Key Up;Z;617136
Key Down;Z;617912
Key Up;Z;618024
Key Down;Z;619432
Key Down;Q;619832
Key Up;Q;620544
Key Up;Z;620656
Key Down;Q;620936
Key Up;Q;621048
Key Down;Q;621144
Key Down;Z;621400
Key Up;Q;621536
Key Up;Z;621576
Key Down;Z;621776
Key Down;Q;621896
Key Up;Z;621944
Key Up;Q;621976
Key Down;S;623264
Key Up;S;623368
Key Down;Q;625056
Key Up;Q;625184
Key Down;Q;625832
Key Up;Q;625944
Key Down;Z;630864
Key Up;Z;631000
Key Down;S;631152
Key Up;S;631248
Key Down;S;631656
Key Up;S;631784
Key Down;D;632448
Key Up;D;632720
Key Down;D;632840
Key Down;Z;632880
Key Up;D;633064
Key Down;D;633320
Key Up;D;633504
Key Down;Q;633568
Key Up;Q;633968
Key Up;Z;634464
Key Down;D;635024
Key Down;Z;635256
Key Up;D;635360
Key Down;Q;635544
Key Up;Z;635752
Key Up;Q;635824
Key Down;Z;636912
Key Up;Z;637392
Key Down;Z;637984
Key Up;Z;638768
Key Down;Q;638968
Key Down;D;639048
Key Up;Q;639056
Key Down;Z;639400
Key Up;D;639680
Key Up;Z;640227
