Event;Key;Time
Key Down;W;3793
Key Down;A;4329
Key Up;A;4769
Key Up;W;4785
Key Down;W;4906
Key Down;D;4913
Key Up;D;5305
Key Up;W;5673
Key Down;W;5689
Key Up;W;5833
Key Down;Tab;5937
Key Up;Tab;8113
Key Down;A;12009
Key Up;A;12225
Key Down;S;12233
Key Down;D;12969
Key Up;D;13169
Key Up;S;13961
Key Down;W;14065
Key Up;W;14209
Key Down;W;14257
Key Up;W;14417
Key Down;S;14505
Key Down;D;14769
Key Up;D;14889
Key Down;A;15409
Key Up;A;16041
Key Down;A;16418
Key Up;A;16489
Key Up;S;16697
Key Down;S;16769
Key Down;A;16977
Key Up;S;17057
Key Up;A;17066
Key Down;A;17105
Key Down;W;17169
Key Up;A;17177
Key Down;A;17273
Key Up;W;17617
Key Down;W;17841
Key Up;A;18105
Key Down;A;18129
Key Up;W;18433
Key Down;S;18513
Key Up;A;18801
Key Down;D;18937
Key Up;D;19153
Key Up;S;19761
Key Down;W;19841
Key Up;W;19897
Key Down;S;19954
Key Up;S;20529
Key Down;W;20617
Key Up;W;20945
Key Down;S;21458
Key Up;S;21553
Key Down;W;21609
Key Down;D;21681
Key Up;W;21849
Key Up;D;21889
Key Down;S;21994
Key Up;S;22265
Key Down;S;25881
Key Down;D;26217
Key Up;S;26289
Key Up;D;26321
Key Down;W;26385
Key Down;D;26753
Key Up;D;26913
Key Down;D;27153
Key Up;D;27249
Key Down;D;27281
Key Up;D;27889
Key Up;W;29457
Key Down;W;29473
Key Up;W;30081
Key Down;S;30194
Key Up;S;30793
Key Down;W;30873
Key Down;Left Shift;31674
Key Up;Left Shift;33393
Key Up;W;33489
Key Down;S;33577
Key Down;D;33858
Key Up;D;33969
Key Down;A;34057
Key Up;A;34193
Key Down;D;34345
Key Up;S;34969
Key Down;A;35201
Key Down;W;35209
Key Up;D;35225
Key Up;A;35777
Key Down;A;36369
Key Up;A;36617
Key Down;Left Shift;36746
Key Up;Left Shift;38545
Key Up;W;38561
Key Down;S;38642
Key Up;S;39193
Key Down;W;39265
Key Up;W;39881
Key Down;W;39978
Key Up;W;40141
Key Down;S;40257
Key Down;A;41089
Key Up;S;41177
Key Down;W;41281
Key Up;A;41441
Key Down;A;41609
Key Up;A;41985
Key Down;Left Shift;42154
Key Up;Left Shift;42585
Key Down;D;42690
Key Up;W;42705
Key Down;W;42977
Key Up;D;43025
Key Down;A;43105
Key Up;W;43113
Key Down;W;43233
Key Up;A;43281
Key Down;D;43409
Key Up;D;43737
Key Up;W;43873
Key Down;S;43961
Key Down;D;43969
Key Up;D;44113
Key Down;A;44121
Key Up;S;44769
Key Down;W;44849
Key Up;W;45081
Key Down;S;45401
Key Up;S;46313
Key Down;W;46393
Key Up;A;46433
Key Down;D;47001
Key Up;D;47497
Key Down;D;47513
Key Up;W;47617
Key Down;W;48033
Key Up;D;48585
Key Down;A;49473
Key Up;A;49986
Key Down;A;50441
Key Up;W;50553
Key Down;S;50681
Key Up;A;50817
Key Down;D;50969
Key Up;S;51089
Key Down;W;51289
Key Up;W;51353
Key Up;D;51457
Key Down;A;51457
Key Down;W;51538
Key Up;A;51593
Key Down;D;51609
Key Up;D;51913
Key Down;D;52417
Key Up;W;52729
Key Down;S;52953
Key Up;D;53401
Key Up;S;53753
Key Down;W;53849
Key Up;W;54569
Key Down;W;54721
Key Up;W;54993
Key Down;S;55065
Key Up;S;55769
Key Down;W;55921
Key Up;W;56001
Key Down;A;56017
Key Down;W;56281
Key Up;A;56665
Key Down;D;57393
Key Up;D;57721
Key Up;W;57985
Key Down;D;58057
Key Down;W;58457
Key Up;D;58641
Key Up;W;58721
Key Down;A;58769
Key Down;D;58865
Key Up;A;58905
Key Down;S;58913
Key Up;D;58977
Key Down;A;59601
Key Up;A;59761
Key Down;A;59873
Key Up;A;60065
Key Up;S;60377
Key Down;W;60449
Key Up;W;60873
Key Down;S;60961
Key Up;S;61193
Key Down;W;61241
Key Up;W;61897
Key Down;S;61985
Key Down;1;63409
Key Up;1;63545
Key Up;S;63585
Key Down;S;64049
Key Up;S;64209
Key Down;2;64353
Key Up;2;64465
Key Down;S;64593
Key Down;A;64641
Key Up;A;64889
Key Up;S;65489
Key Down;W;65633
Key Up;W;65681
Key Down;W;65761
Key Up;W;65913
Key Down;1;66033
Key Up;1;66137
Key Down;S;66241
Key Up;S;67121
Key Down;W;67193
Key Down;Left Shift;67665
Key Up;Left Shift;69378
Key Up;W;69553
Key Down;S;69665
Key Down;A;69794
Key Up;S;70209
Key Down;W;70322
Key Up;W;70561
Key Down;S;70673
Key Up;A;70841
Key Up;S;70953
Key Down;A;88378
Key Down;W;88457
Key Up;A;88673
Key Down;D;89937
Key Up;D;90185
Key Down;A;91081
Key Up;A;91409
Key Down;A;91817
Key Up;W;91857
Key Down;S;92066
Key Up;S;92281
Key Down;W;92385
Key Up;A;92505
Key Down;D;92841
Key Up;D;93297
Key Down;A;93905
Key Up;A;94297
Key Down;D;94641
Key Up;D;96337
Key Down;D;96882
Key Up;W;96993
Key Down;W;97449
Key Up;D;97697
Key Down;D;98753
Key Up;D;99817
Key Down;D;100409
Key Up;D;100601
Key Down;D;100858
Key Up;W;101090
Key Down;W;101321
Key Up;D;101553
Key Down;D;101737
Key Up;W;101961
Key Down;S;102073
Key Up;D;102185
Key Down;A;102553
Key Up;S;102729
Key Down;W;102865
Key Up;A;102929
Key Up;W;103065
Key Down;S;103177
Key Down;A;103697
Key Up;S;104089
Key Down;W;104225
Key Up;A;104249
Key Down;D;104377
Key Up;D;104521
Key Down;A;104857
Key Up;A;105025
Key Up;W;105385
Key Down;S;105449
Key Down;A;105985
Key Up;S;106529
Key Down;W;106617
Key Up;A;106761
Key Down;A;107506
Key Up;A;107569
Key Up;W;107577
Key Down;S;107649
Key Down;D;107714
Key Up;D;108721
Key Up;S;109617
Key Down;W;109689
Key Up;W;110433
Key Down;S;110505
Key Down;D;110657
Key Up;D;110865
Key Up;S;111009
Key Down;D;111017
Key Down;W;111073
Key Up;D;111121
Key Down;A;112009
Key Up;W;112033
Key Down;S;112097
Key Up;A;112329
Key Down;A;112401
Key Up;A;112617
Key Up;S;113673
Key Down;W;113921
Key Up;W;114041
Key Down;S;114105
Key Up;S;114545
Key Down;W;114609
Key Up;W;115025
Key Down;A;115081
Key Down;S;115097
Key Up;A;115209
Key Down;A;115225
Key Up;A;115689
Key Up;S;115697
Key Down;W;115753
Key Up;W;116305
Key Down;S;116385
Key Down;A;116945
Key Up;S;117265
Key Down;W;117377
Key Up;A;117433
Key Down;A;117481
Key Up;W;117593
Key Down;W;117649
Key Up;A;117713
Key Down;A;117865
Key Up;W;117961
Key Down;S;118065
Key Up;A;118545
Key Down;A;122337
Key Up;S;122489
Key Down;W;122698
Key Up;A;123116
Key Up;W;123313
Key Down;S;123385
Key Down;D;123705
Key Up;D;123865
Key Up;S;124801
Key Down;W;125777
Key Up;W;125921
Key Down;Tab;131033
Key Up;Tab;135401
Key Down;W;140106
Key Down;A;140345
Key Up;W;140353
Key Down;W;140505
Key Up;A;140513
Key Down;A;140785
Key Up;A;140961
Key Down;Left Shift;141114
Key Up;Left Shift;142914
Key Down;A;143161
Key Up;A;143441
Key Up;W;143873
Key Down;S;143961
Key Up;S;144465
Key Down;W;144546
Key Down;A;145113
Key Up;W;145121
Key Up;A;145345
Key Down;W;145417
Key Down;D;145433
Key Up;D;145753
Key Down;Left Shift;145793
Key Up;Left Shift;147634
Key Up;W;148993
Key Down;W;149089
Key Up;W;149585
Key Down;S;149649
Key Down;A;149753
Key Up;S;149897
Key Down;W;150001
Key Up;A;150529
Key Up;W;151425
Key Down;D;151466
Key Down;S;151561
Key Up;D;151753
Key Up;S;152497
Key Down;S;155625
Key Down;D;155961
Key Up;S;155977
Key Down;A;156113
Key Up;D;156145
Key Down;W;156281
Key Up;A;156569
Key Up;W;156705
Key Down;A;156761
Key Down;D;156929
Key Up;A;156953
Key Down;W;157097
Key Up;D;157425
Key Down;D;159649
Key Up;D;159889
Key Up;W;161641
Key Down;S;161713
Key Down;D;162049
Key Up;D;162161
Key Down;A;162609
Key Up;A;162769
Key Up;S;162793
Key Down;W;162937
Key Up;W;163089
Key Down;S;163233
Key Down;D;163737
Key Up;D;164185
Key Down;D;164393
Key Up;D;164489
Key Up;S;164553
Key Down;S;164569
Key Up;S;164769
Key Down;A;164770
Key Down;W;164833
Key Up;A;164857
Key Up;W;165529
Key Down;D;165545
Key Down;S;165857
Key Up;D;165953
Key Down;A;166025
Key Up;A;166537
Key Down;A;166601
Key Up;S;166649
Key Down;W;166793
Key Up;W;167186
Key Down;W;167321
Key Up;A;167409
Key Down;A;167577
Key Up;A;168121
Key Down;A;168337
Key Up;A;168577
Key Up;W;168897
Key Down;A;168993
Key Down;S;168994
Key Down;D;169009
Key Up;A;169049
Key Up;S;169113
Key Down;W;169209
Key Up;D;169353
Key Down;Left Shift;169401
Key Up;Left Shift;170211
Key Up;W;171529
Key Down;S;171609
Key Down;D;171713
Key Up;D;171993
Key Up;S;172793
Key Down;W;172929
Key Up;W;174537
Key Down;D;174681
Key Down;W;174857
Key Up;W;174897
Key Down;W;174978
Key Up;D;175433
Key Up;W;176425
Key Down;S;176521
Key Down;A;176529
Key Down;D;176529
Key Up;A;176593
Key Up;S;176609
Key Down;S;176657
Key Up;S;176769
Key Down;W;176921
Key Up;D;176985
Key Down;Left Shift;177017
Key Up;Left Shift;177265
Key Down;Space;177337
Key Up;Space;177505
Key Down;D;177625
Key Up;W;177961
Key Down;W;178345
Key Up;D;178521
Key Down;Left Shift;178826
Key Down;D;179961
Key Up;Left Shift;180009
Key Up;W;180193
Key Down;S;180337
Key Up;D;180521
Key Down;D;180561
Key Up;D;180641
Key Up;S;180817
Key Down;A;181049
Key Down;W;181233
Key Up;W;181817
Key Down;W;182137
Key Up;W;182657
Key Down;D;182801
Key Up;A;182809
Key Down;W;183049
Key Up;D;183425
Key Down;D;183633
Key Up;D;183737
Key Down;A;183953
Key Up;W;184225
Key Down;S;184457
Key Up;A;184617
Key Down;A;184649
Key Up;A;184713
Key Up;S;184721
Key Down;W;184793
Key Down;Left Shift;185097
Key Up;Left Shift;185529
Key Down;D;185578
Key Up;W;185673
Key Down;A;185929
Key Up;D;185953
Key Down;W;186185
Key Up;W;186761
Key Down;D;186857
Key Up;A;186897
Key Down;A;187185
Key Up;D;187241
Key Down;W;187586
Key Up;A;187593
Key Down;D;187650
Key Up;D;187873
Key Down;A;188153
Key Up;W;188161
Key Down;S;188249
Key Up;A;188305
Key Down;A;188321
Key Up;S;188441
Key Down;D;188529
Key Up;A;188561
Key Down;W;188673
Key Up;D;189001
Key Up;W;189577
Key Down;Tab;191817
Key Up;Tab;193361
Key Down;W;195402
Key Down;A;195617
Key Up;W;195721
Key Down;S;196097
Key Up;A;196269
Key Down;A;196425
Key Up;S;196585
Key Down;W;196753
Key Up;W;196977
Key Up;A;197017
Key Down;D;197049
Key Down;S;197481
Key Up;D;197849
Key Up;S;198361
Key Down;W;198441
Key Down;A;198905
Key Up;W;198921
Key Down;S;199097
Key Up;A;200081
Key Up;S;200257
Key Down;S;200401
Key Down;A;200442
Key Up;A;200505
Key Down;A;200849
Key Up;A;201033
Key Down;D;201153
Key Up;D;201697
Key Up;S;201777
Key Down;W;201865
Key Down;D;201961
Key Up;W;202001
Key Down;A;202433
Key Down;S;202449
Key Up;D;202489
Key Up;A;202961
Key Up;S;203265
Key Down;W;209449
Key Down;A;210481
Key Up;W;210529
Key Down;S;210626
Key Up;A;210689
Key Up;S;211057
Key Down;A;211153
Key Down;S;211569
Key Up;A;211633
Key Down;D;211801
Key Up;S;211841
Key Down;W;212025
Key Up;D;212105
Key Down;D;212241
Key Up;D;212393
Key Down;Left Shift;212809
Key Up;Left Shift;213697
Key Down;D;213809
Key Up;W;213857
Key Down;W;214329
Key Up;D;214945
Key Down;Left Shift;217841
Key Down;A;219649
Key Up;Left Shift;219681
Key Up;A;221881
Key Down;Left Shift;221889
Key Up;W;224609
Key Up;Left Shift;224625
Key Down;A;224641
Key Down;S;224769
Key Up;A;224793
Key Up;S;225065
Key Down;D;225089
Key Down;W;225145
Key Up;D;225185
Key Up;W;225217
Key Down;S;225313
Key Down;D;225913
Key Up;S;226377
Key Down;W;226473
Key Up;W;226753
Key Down;S;226841
Key Down;A;226921
Key Up;D;226953
Key Up;S;227009
Key Down;S;227105
Key Up;A;227345
Key Down;A;227673
Key Up;S;227849
Key Down;W;228177
Key Up;W;228529
Key Down;W;228705
Key Up;A;229393
Key Up;W;229665
Key Down;A;229681
Key Up;A;229745
Key Down;S;229753
Key Up;S;230537
Key Down;D;230673
Key Down;S;230697
Key Up;D;231201
Key Down;A;231465
Key Up;A;231649
Key Down;A;232209
Key Up;A;232689
Key Up;S;232897
Key Down;S;239257
Key Up;S;240025
Key Down;W;241289
Key Down;A;241785
Key Up;A;242281
Key Down;Left Shift;242417
Key Up;Left Shift;245073
Key Up;W;245113
Key Down;S;245233
Key Up;S;245361
Key Down;W;245433
Key Up;W;245617
Key Down;S;245690
Key Up;S;247362
Key Down;S;247394
Key Down;A;247649
Key Up;S;247689
Key Down;W;247826
Key Up;A;247889
Key Down;D;248273
Key Up;D;248513
Key Up;W;250409
Key Down;W;250609
Key Down;D;251753
Key Up;W;251953
Key Down;W;252609
Key Up;D;252697
Key Down;D;253177
Key Up;W;253281
Key Down;W;253529
Key Up;W;253729
Key Down;A;253865
Key Up;D;253897
Key Down;W;254417
Key Up;A;254897
Key Down;A;255129
Key Up;A;255601
Key Down;A;257177
Key Up;A;257489
Key Down;A;257993
Key Up;A;258113
Key Up;W;258601
Key Down;A;258739
Key Down;S;259089
Key Up;A;259129
Key Down;D;259505
Key Up;S;260089
Key Up;D;260105
Key Down;W;260161
Key Up;W;260841
Key Down;S;260937
Key Down;D;262305
Key Up;S;262753
Key Down;W;262849
Key Up;D;262889
Key Down;Left Shift;263130
Key Up;Left Shift;263665
Key Down;D;263913
Key Up;D;264145
Key Up;W;264185
Key Down;S;264297
Key Up;S;264745
Key Down;D;267777
Key Down;W;267841
Key Up;D;268393
Key Down;Left Shift;268793
Key Up;Left Shift;269497
Key Down;D;270745
Key Up;W;270833
Key Down;S;271081
Key Up;S;271537
Key Down;W;271729
Key Up;D;272001
Key Down;Left Shift;272370
Key Down;A;275001
Key Up;Left Shift;275020
Key Up;W;275417
Key Down;W;275713
Key Up;W;275913
Key Down;W;276337
Key Up;A;276449
Key Down;A;277577
Key Up;A;278153
Key Down;Left Shift;278169
Key Up;Left Shift;281441
Key Down;D;281505
Key Up;D;281745
Key Down;D;282153
Key Up;D;282201
Key Down;A;282458
Key Up;W;282481
Key Down;W;282681
Key Up;W;283089
Key Down;W;283314
Key Up;A;283833
Key Down;Left Shift;284170
Key Up;Left Shift;287161
Key Up;W;287409
Key Down;S;287505
Key Down;A;287993
Key Up;S;288001
Key Down;W;288081
Key Up;A;288409
Key Down;A;289009
Key Up;W;289673
Key Down;S;289793
Key Up;A;289849
Key Down;D;289969
Key Up;S;290193
Key Down;W;290321
Key Up;D;290385
Key Down;A;291281
Key Up;A;291449
Key Up;W;292409
Key Down;S;292513
Key Up;S;293177
Key Down;W;293249
Key Up;W;293625
Key Down;S;293721
Key Up;S;294513
Key Down;S;294529
Key Up;S;294617
Key Down;A;294649
Key Down;S;294673
Key Up;S;294785
Key Down;S;294873
Key Up;A;294977
Key Up;S;295217
Key Down;W;295289
Key Up;W;295809
Key Down;W;295993
Key Down;A;296425
Key Up;W;297009
Key Down;S;297161
Key Up;A;297201
Key Down;D;297297
Key Up;D;297369
Key Up;S;297993
Key Down;W;298065
Key Up;W;298673
Key Down;S;298770
Key Down;D;298889
Key Up;D;299513
Key Up;S;299586
Key Down;A;299586
Key Down;S;299953
Key Up;A;300057
Key Up;S;300353
Key Down;Tab;301729
Key Up;Tab;302849
Key Down;W;311081
Key Down;A;311377
Key Up;A;311617
Key Down;D;312313
Key Up;D;312577
Key Down;A;313817
Key Up;A;314369
Key Down;Left Shift;314546
Key Up;Left Shift;321593
Key Up;W;321969
Key Down;A;322010
Key Down;S;322137
Key Up;A;322417
Key Up;S;322833
Key Down;A;322857
Key Down;W;322922
Key Up;A;322969
Key Up;W;323177
Key Down;A;323193
Key Down;W;323241
Key Up;A;323289
Key Up;W;323449
Key Down;S;323529
Key Up;S;324297
Key Down;W;324345
Key Down;D;324673
Key Up;W;324689
Key Up;D;324737
Key Down;A;324793
Key Down;W;324801
Key Up;W;325033
Key Down;S;325665
Key Up;A;325745
Key Up;S;326433
Key Down;V;326497
Key Up;V;327385
Key Down;S;328001
Key Up;S;328929
Key Down;A;335362
Key Up;A;336065
Key Down;A;338345
Key Up;A;341017
Key Down;V;341522
Key Up;V;341649
Key Down;Left Alt;364977
Key Down;Tab;365025
Key Up;Left Alt;365121
Key Up;Tab;365153
