Event;Key;Time
Key Down;D;4577
Key Up;D;4698
Key Down;Q;4818
Key Up;Q;5002
Key Down;S;5242
Key Up;S;5410
Key Down;Q;5570
Key Up;Q;5698
Key Down;Z;5993
Key Down;D;6194
Key Up;D;6378
Key Down;D;6802
Key Up;D;7114
Key Up;Z;7130
Key Down;D;7218
Key Up;D;7498
Key Down;Z;7954
Key Down;Q;8338
Key Up;Q;8482
Key Down;D;8626
Key Up;D;8770
Key Up;Z;9938
Key Down;Z;11226
Key Up;Z;11625
Key Down;Z;12066
Key Down;D;12890
Key Up;D;12977
Key Up;Z;12993
Key Down;Z;13017
Key Down;Q;13057
Key Up;Q;13194
Key Down;Espace;13226
Key Up;Espace;13450
Key Up;Z;13610
Key Down;Q;13786
Key Up;Q;13834
Key Down;Z;13962
Key Up;Z;14162
Key Down;Z;14682
Key Up;Z;14826
Key Down;S;15106
Key Up;S;15266
Key Down;Z;15522
Key Up;Z;15610
Key Down;Z;16138
Key Down;D;16346
Key Up;D;16466
Key Down;D;16650
Key Up;Z;16714
Key Down;Z;16946
Key Up;D;16970
Key Down;D;17105
Key Up;Z;17178
Key Up;D;17225
Key Down;Z;17426
Key Down;D;17626
Key Up;Z;17714
Key Down;Z;17746
Key Up;D;17810
Key Down;Q;18418
Key Up;Q;18529
Key Up;Z;18762
Key Down;Z;18962
Key Down;D;19202
Key Up;D;19226
Key Up;Z;19242
Key Down;Q;19298
Key Up;Q;19434
Key Down;Q;19490
Key Up;Q;19674
Key Down;Espace;19730
Key Down;Q;19746
Key Up;Espace;19826
Key Up;Q;20049
Key Down;Q;20370
Key Down;S;20458
Key Up;Q;20578
Key Up;S;20626
Key Down;Z;20794
Key Down;Espace;21465
Key Up;Espace;21610
Key Down;Q;22210
Key Up;Q;22322
Key Up;Z;22889
Key Down;Q;23034
Key Down;Z;23210
Key Up;Z;23258
Key Up;Q;23482
Key Down;Q;23674
Key Up;Q;23898
Key Down;D;23978
Key Up;D;24241
Key Down;Q;24282
Key Up;Q;24594
Key Down;Z;24650
Key Down;D;25082
Key Up;D;25098
Key Up;Z;25314
Key Down;S;25466
Key Down;D;25562
Key Up;S;25826
Key Down;Z;26290
Key Up;D;26474
Key Down;Q;26650
Key Up;Q;26850
Key Down;Espace;26890
Key Up;Espace;27041
Key Down;D;27202
Key Up;D;27330
Key Up;Z;27514
Key Down;S;27834
Key Up;S;27898
Key Down;Z;28042
Key Up;Z;28098
Key Down;S;28234
Key Down;D;28394
Key Up;D;28433
Key Up;S;28521
Key Down;S;28802
Key Up;S;29034
Key Down;Z;29234
Key Up;Z;29426
Key Down;Z;29602
Key Up;Z;30050
Key Down;Z;30114
Key Down;D;30554
Key Up;D;30650
Key Down;Q;30730
Key Up;Q;30874
Key Up;Z;30890
Key Down;S;31690
Key Up;S;31762
Key Down;D;31890
Key Up;D;32002
Key Down;Z;32530
Key Up;Z;32658
Key Down;Q;33346
Key Up;Q;33402
Key Down;S;33690
Key Up;S;33770
Key Down;S;34338
Key Up;S;34506
Key Down;Q;35130
Key Up;Q;35170
Key Down;Q;35402
Key Up;Q;35449
Key Down;Q;35946
Key Up;Q;36026
Key Down;D;36274
Key Up;D;36330
Key Down;Q;36514
Key Up;Q;36586
Key Down;Z;38202
Key Up;Z;38266
Key Down;Z;38442
Key Up;Z;38906
Key Down;D;39330
Key Down;Z;39354
Key Up;D;39514
Key Up;Z;39769
Key Down;Z;39793
Key Down;D;39922
Key Up;D;40002
Key Up;Z;40130
Key Down;D;40178
Key Down;Z;40370
Key Up;D;40482
Key Down;D;40786
Key Up;Z;40874
Key Down;Z;41026
Key Up;D;41402
Key Up;Z;41642
Key Down;S;41954
Key Up;S;42242
Key Down;S;42258
Key Down;D;42418
Key Up;S;42441
Key Up;D;42513
Key Down;Z;42665
Key Up;Z;42826
Key Down;Z;43914
Key Up;Z;44090
Key Down;Q;44298
Key Down;Z;44474
Key Up;Q;44586
Key Down;Q;44858
Key Up;Q;44970
Key Down;Espace;45361
Key Up;Espace;45554
Key Down;D;45946
Key Up;D;46434
Key Down;Q;46713
Key Up;Z;46801
Key Up;Q;46970
Key Down;S;47090
Key Down;D;47122
Key Up;S;47210
Key Down;Z;47490
Key Up;D;47610
Key Up;Z;47658
Key Down;D;47842
Key Up;D;47962
Key Down;Q;47978
Key Up;Q;48090
Key Down;Z;48098
Key Down;D;48346
Key Up;D;48570
Key Down;Q;48682
Key Up;Q;48826
Key Up;Z;49314
Key Down;D;49625
Key Up;D;49697
Key Down;Q;49858
Key Down;S;50034
Key Up;Q;50098
Key Up;S;50122
Key Down;Q;50394
Key Up;Q;50514
Key Down;D;50698
Key Down;Z;51113
Key Up;D;51234
Key Down;Q;51466
Key Up;Q;51538
Key Down;D;51626
Key Up;D;52002
Key Up;Z;52082
Key Down;Z;52314
Key Up;Z;53410
Key Down;Z;53434
Key Down;Espace;53897
Key Up;Espace;54066
Key Down;Q;54466
Key Down;Espace;54506
Key Up;Espace;54682
Key Up;Q;54698
Key Down;Espace;55082
Key Up;Espace;55273
Key Down;D;55522
Key Down;Espace;55674
Key Up;D;55722
Key Up;Espace;55842
Key Down;Q;56842
Key Up;Q;57170
Key Up;Z;57466
Key Down;Z;57618
Key Up;Z;57738
Key Down;D;58161
Key Up;D;58242
Key Down;Z;58250
Key Up;Z;58308
Key Down;Z;58450
Key Up;Z;58538
Key Down;Q;58762
Key Up;Q;58946
Key Down;Z;59122
Key Down;Q;59226
Key Up;Q;59394
Key Up;Z;59562
Key Down;D;59922
Key Down;S;59938
Key Up;D;59994
Key Up;S;60042
Key Down;D;60578
Key Up;D;60650
Key Down;Z;60970
Key Up;Z;61202
Key Down;Q;61410
Key Up;Q;61530
Key Down;Z;62186
Key Down;D;62233
Key Up;D;62281
Key Up;Z;62434
Key Down;Q;62554
Key Up;Q;62650
Key Down;D;62970
Key Down;Z;63018
Key Up;D;63314
Key Down;Q;63498
Key Up;Q;63617
Key Down;Q;64314
Key Up;Q;64698
Key Down;Q;64986
Key Up;Q;65121
Key Down;Q;65466
Key Up;Z;65530
Key Up;Q;65546
Key Down;Z;65914
Key Up;Z;66146
Key Down;Q;66778
Key Up;Q;66866
Key Down;Espace;67378
Key Up;Espace;67586
Key Down;Espace;67818
Key Up;Espace;67969
Key Down;Espace;69090
Key Up;Espace;69249
Key Down;Z;69522
Key Down;Q;69618
Key Up;Q;70074
Key Down;D;70258
Key Up;D;70362
Key Down;D;70586
Key Up;D;70777
Key Down;Q;70833
Key Up;Q;71058
Key Up;Z;71290
Key Down;Q;71322
Key Up;Q;71610
Key Down;Z;71690
Key Down;D;72089
Key Up;D;72290
Key Up;Z;72538
Key Down;Z;72882
Key Down;Q;72970
Key Up;Q;73505
Key Down;D;73633
Key Up;D;73738
Key Up;Z;73810
Key Down;S;74738
Key Up;S;74810
Key Down;Z;76010
Key Down;Q;76265
Key Up;Q;76498
Key Down;D;76650
Key Up;D;76882
Key Down;D;77002
Key Down;Espace;77026
Key Up;Espace;77194
Key Up;Z;77290
Key Down;Z;77922
Key Up;D;77962
Key Down;Q;78098
Key Up;Q;78386
Key Down;Espace;78810
Key Up;Espace;78994
Key Up;Z;80346
Key Down;S;80466
Key Up;S;80778
Key Down;S;81138
Key Up;S;81274
Key Down;Z;81514
Key Up;Z;81626
Key Down;S;81802
Key Down;Q;81945
Key Up;S;81978
Key Up;Q;82025
Key Down;D;82266
Key Down;Z;82282
Key Up;D;82426
Key Up;Z;82442
Key Down;Z;82850
Key Up;Z;83002
Key Down;S;83114
Key Up;S;83345
Key Down;Z;83634
Key Up;Z;83762
Key Down;Z;84274
Key Down;Q;84666
Key Up;Z;84857
Key Up;Q;84978
Key Down;D;85034
Key Down;Z;85186
Key Up;D;85202
Key Up;Z;85450
Key Down;Z;85906
Key Down;D;86002
Key Up;D;86122
Key Up;Z;86137
Key Down;D;86442
Key Down;Z;86458
Key Up;D;86514
Key Down;D;86650
Key Up;D;86778
Key Down;Q;86986
Key Up;Z;87042
Key Down;Z;87234
Key Up;Q;87250
Key Down;D;87474
Key Up;D;87490
Key Down;D;87522
Key Up;D;87594
Key Up;Z;87610
Key Down;Q;87842
Key Up;Q;87866
Key Down;Q;87986
Key Up;Q;88066
Key Down;Q;88210
Key Up;Q;88362
Key Down;Z;88514
Key Up;Z;88650
Key Down;S;88778
Key Down;D;88858
Key Up;S;88953
Key Up;D;88969
Key Down;S;89137
Key Down;Q;89266
Key Up;S;89298
Key Down;Z;89506
Key Up;Q;89602
Key Up;Z;89626
Key Down;D;89746
Key Up;D;89850
Key Down;Z;90258
Key Down;D;90426
Key Up;D;90457
Key Up;Z;90570
Key Down;Z;90778
Key Down;Q;91034
Key Up;Q;91162
Key Down;Espace;91402
Key Up;Espace;91482
Key Down;D;92058
Key Up;Z;92114
Key Down;Z;92474
Key Up;D;92498
Key Down;Q;92570
Key Up;Z;92642
Key Down;Z;92890
Key Up;Q;92978
Key Down;D;93066
Key Up;D;93273
Key Up;Z;93321
Key Down;D;93434
Key Down;Z;93474
Key Up;D;93490
Key Down;Q;93650
Key Up;Z;93778
Key Down;Z;94042
Key Up;Q;94170
Key Up;Z;94386
Key Down;D;94482
Key Up;D;94689
Key Down;Q;94746
Key Down;Z;94954
Key Up;Q;95114
Key Down;Q;95218
Key Up;Z;95426
Key Up;Q;95554
Key Down;S;95578
Key Down;Q;95802
Key Up;S;95882
Key Up;Q;95961
Key Down;D;96073
Key Down;Z;96266
Key Up;D;96314
Key Down;Q;96402
Key Up;Q;96514
Key Down;D;96562
Key Up;Z;96722
Key Up;D;96858
Key Down;D;96890
Key Up;D;96954
Key Down;Q;96970
Key Up;Q;97354
Key Down;D;97361
Key Up;D;97586
Key Down;Q;97658
Key Up;Q;97970
Key Down;D;98018
Key Up;D;98170
Key Down;Q;98442
Key Up;Q;98546
Key Down;D;98913
Key Up;D;99074
Key Down;Q;99322
Key Up;Q;99442
Key Down;D;99682
Key Up;D;99794
Key Down;Z;99890
Key Up;Z;100106
Key Down;S;100297
Key Up;S;100370
Key Down;Z;101034
Key Down;D;101298
Key Up;D;101490
Key Down;D;101666
Key Up;D;101818
Key Down;Q;102106
Key Up;Q;102282
Key Up;Z;102330
Key Down;Q;102730
Key Up;Q;102834
Key Down;D;103041
Key Up;D;103081
Key Down;Z;103562
Key Down;D;103850
Key Up;D;103978
Key Down;D;104090
Key Up;D;104402
Key Down;Q;104521
Key Up;Q;104674
Key Up;Z;106418
Key Down;S;106610
Key Up;S;106818
Key Down;S;107010
Key Up;S;107154
Key Down;Q;107466
Key Down;Z;107522
Key Up;Q;107538
Key Down;D;107610
Key Up;Z;107666
Key Up;D;107698
Key Down;Q;108338
Key Up;Q;108490
Key Down;D;108578
Key Up;D;108642
Key Down;Z;109514
Key Up;Z;109610
Key Down;Z;109842
Key Down;Q;110121
Key Up;Q;110137
Key Up;Z;110362
Key Down;D;110562
Key Down;Z;110666
Key Up;D;110690
Key Down;Q;110882
Key Up;Q;111202
Key Down;D;111330
Key Up;D;111418
Key Down;Q;111633
Key Up;Q;111746
Key Down;Q;111962
Key Up;Q;112162
Key Down;D;112290
Key Up;D;112690
Key Up;Z;113602
Key Down;Z;113954
Key Up;Z;114098
Key Down;Q;114313
Key Up;Q;114377
Key Down;Z;114762
Key Down;D;115034
Key Up;D;115138
Key Down;D;115314
Key Up;D;115490
Key Down;D;115570
Key Up;D;115721
Key Down;Q;115833
Key Up;Q;115890
Key Down;D;115978
Key Up;Z;116106
Key Up;D;116314
Key Down;Z;116330
Key Down;Q;116530
Key Up;Q;116850
Key Down;D;116962
Key Up;D;117201
Key Down;D;117322
Key Up;Z;117362
Key Up;D;117394
Key Down;Q;117410
Key Down;Z;117594
Key Up;Q;117706
Key Down;Espace;118074
Key Up;Espace;118226
Key Down;D;118609
Key Up;D;118954
Key Down;Espace;119274
Key Up;Espace;119410
Key Down;Espace;121010
Key Down;D;121162
Key Up;Espace;121186
Key Up;D;121690
Key Down;Espace;121794
Key Up;Espace;121970
Key Down;Espace;122722
Key Up;Espace;122897
Key Down;D;123250
Key Up;D;123346
Key Down;Q;123410
Key Up;Z;123546
Key Down;Z;123682
Key Up;Q;123762
Key Down;Q;123914
Key Up;Z;124066
Key Up;Q;124305
Key Down;Z;124313
Key Down;Espace;124626
Key Down;Q;124682
Key Up;Espace;124890
Key Up;Q;125266
Key Down;Espace;125410
Key Up;Espace;125521
Key Down;D;126186
Key Up;D;126506
Key Down;D;126578
Key Up;Z;126714
Key Up;D;126866
Key Down;Z;126914
Key Down;Q;127009
Key Up;Q;127065
Key Down;D;127194
Key Up;D;127650
Key Down;D;127842
Key Down;Espace;128489
Key Up;D;128546
Key Up;Espace;128618
Key Down;D;128690
Key Up;Z;128786
Key Up;D;128906
Key Down;Q;128986
Key Down;Z;129058
Key Up;Q;129282
Key Down;Q;130010
Key Up;Q;130274
Key Down;Q;130626
Key Up;Z;130714
Key Down;Z;130738
Key Up;Q;130762
Key Down;D;130858
Key Up;Z;131066
Key Up;D;131162
Key Down;Q;131321
Key Up;Q;131450
Key Down;D;131514
Key Up;D;131538
Key Down;Q;131594
Key Up;Q;131698
Key Down;D;132034
Key Down;Z;132050
Key Up;D;132090
Key Up;Z;132202
Key Down;Q;132418
Key Up;Q;132506
Key Down;D;133026
Key Down;Z;133122
Key Up;D;133226
Key Up;Z;133338
Key Down;Q;133466
Key Up;Q;133570
Key Down;D;134850
Key Down;Z;134890
Key Up;D;134994
Key Up;Z;135066
Key Down;Q;135242
Key Up;Q;135322
Key Down;Z;135337
Key Up;Z;135642
Key Down;Z;135658
Key Down;Q;135674
Key Up;Q;135818
Key Up;Z;135842
Key Down;D;135906
Key Down;Z;135954
Key Up;D;136186
Key Down;D;136650
Key Up;D;137026
Key Down;Q;137194
Key Up;Q;137346
Key Down;D;137426
Key Up;Z;137490
Key Up;D;137522
Key Down;Q;137738
Key Down;Espace;137794
Key Up;Q;137810
Key Down;Z;137882
Key Up;Espace;137970
Key Down;D;138058
Key Up;Z;138226
Key Up;D;138409
Key Down;Q;138514
Key Up;Q;138618
Key Down;Espace;138714
Key Down;D;138946
Key Up;Espace;138978
Key Up;D;139106
Key Down;Z;139418
Key Down;D;139458
Key Up;Z;139570
Key Up;D;139601
Key Down;Q;139705
Key Down;Z;139793
Key Up;Q;139849
Key Down;D;140002
Key Up;D;140130
Key Down;Espace;140338
Key Up;Espace;140578
Key Down;Q;140626
Key Up;Z;140658
Key Down;Z;140762
Key Up;Q;140914
Key Down;D;141033
Key Up;D;141330
Key Up;Z;141354
Key Down;D;141474
Key Down;Z;141506
Key Up;D;141690
Key Down;Q;141794
Key Up;Q;141882
Key Down;D;142002
Key Up;D;142242
Key Down;Q;142418
Key Up;Q;142497
Key Down;D;142649
Key Up;D;142794
Key Down;Espace;143074
Key Up;Espace;143498
Key Down;D;143778
Key Down;Espace;143849
Key Up;Espace;144210
Key Up;Z;144546
Key Up;D;144682
Key Down;Z;144698
Key Down;Q;144946
Key Up;Q;145170
Key Down;Espace;146178
Key Up;Espace;146378
Key Down;Espace;146785
Key Up;Espace;146970
Key Down;Q;147202
Key Up;Q;147386
Key Down;Espace;148217
Key Up;Espace;148386
Key Down;Espace;148874
Key Up;Espace;149074
Key Down;Espace;149625
Key Up;Espace;149802
Key Down;Espace;150266
Key Up;Espace;150434
Key Down;Espace;150993
Key Up;Espace;151162
Key Down;Espace;151714
Key Up;Espace;151858
Key Down;Espace;152602
Key Up;Espace;152722
Key Down;D;152762
Key Up;Z;152834
Key Down;Z;152850
Key Up;Z;152930
Key Up;D;152946
Key Down;Q;152962
Key Up;Q;153066
Key Down;D;153106
Key Down;S;153290
Key Up;D;153466
Key Up;S;153490
Key Down;Z;153665
Key Up;Z;153841
Key Down;Z;154410
Key Down;D;155474
Key Up;D;155602
Key Down;Espace;155730
Key Up;Espace;155890
Key Down;D;156098
Key Up;Z;156202
Key Up;D;156458
Key Down;Q;156625
Key Up;Q;156681
Key Down;D;157098
Key Down;Z;157370
Key Up;D;157466
Key Up;Z;157562
Key Down;Z;157969
Key Down;Q;158202
Key Up;Q;158370
Key Down;D;158474
Key Up;D;158738
Key Down;D;158874
Key Up;Z;158978
Key Down;Z;159282
Key Up;Z;159370
Key Up;D;159481
Key Down;Z;160458
Key Up;Z;160586
Key Down;Z;161530
Key Down;D;161538
Key Up;D;161618
Key Up;Z;161770
Key Down;Q;161866
Key Up;Q;161954
Key Down;Z;162281
Key Up;Z;163586
Key Down;Z;164034
Key Down;D;164450
Key Up;Z;164546
Key Up;D;164554
Key Down;Q;164610
Key Up;Q;164650
Key Down;D;164674
Key Down;Z;165041
Key Up;Z;165161
Key Up;D;165201
Key Down;Q;165314
Key Up;Q;165394
Key Down;Q;166162
Key Up;Q;166202
Key Down;D;166385
Key Up;D;166457
Key Down;Q;168242
Key Up;Q;168354
Key Down;D;168546
Key Up;D;168658
Key Down;Q;169730
Key Up;Q;169818
Key Down;D;169930
Key Up;D;170050
Key Down;Z;170514
Key Up;Z;170593
Key Down;Q;170785
Key Down;Z;170865
Key Up;Q;170882
Key Down;D;171002
Key Up;D;171346
Key Up;Z;171418
Key Down;Q;171602
Key Up;Q;171810
Key Down;Z;171858
Key Down;D;171914
Key Up;D;171985
Key Down;D;172169
Key Up;Z;172193
Key Down;Z;172249
Key Up;D;172306
Key Down;D;172418
Key Up;Z;172474
Key Up;D;172602
Key Down;Z;173370
Key Down;D;173441
Key Up;D;173506
Key Up;Z;173521
Key Down;D;173946
Key Up;D;174122
Key Down;Z;174362
Key Down;D;174466
Key Up;Z;174626
Key Down;Z;174658
Key Up;D;174690
Key Down;D;174993
Key Up;D;175090
Key Up;Z;175106
Key Down;Q;175122
Key Down;Z;175370
Key Up;Q;175442
Key Down;D;175538
Key Up;D;175650
Key Up;Z;175778
Key Down;Z;176122
Key Down;Q;176273
Key Up;Z;176297
Key Up;Q;176578
Key Down;Z;176658
Key Down;D;176682
Key Up;Z;176722
Key Down;Z;176778
Key Up;D;176946
Key Down;Q;177082
Key Up;Q;177210
Key Down;D;177234
Key Up;Z;177290
Key Down;Z;177514
Key Up;D;177522
Key Down;Q;177617
Key Up;Z;177681
Key Up;Q;177769
Key Down;D;177978
Key Up;D;178130
Key Down;D;178754
Key Up;D;178858
Key Down;Z;179033
Key Up;Z;179097
Key Down;Z;179458
Key Down;D;179778
Key Up;D;179946
Key Down;Q;180098
Key Up;Q;180226
Key Up;Z;180673
Key Down;Z;180722
Key Up;Z;180994
Key Down;S;181138
Key Up;S;181242
Key Down;Z;181338
Key Up;Z;181578
Key Down;S;181690
Key Up;S;181842
Key Down;Z;181945
Key Up;Z;182178
Key Down;S;182370
Key Up;S;182442
Key Down;Z;182658
Key Up;Z;182778
Key Down;Z;183858
Key Up;Z;183970
Key Down;Z;184530
Key Up;Z;184617
Key Down;Z;184897
Key Down;Q;184962
Key Up;Q;185082
Key Up;Z;185442
Key Down;Z;186193
Key Up;Z;186306
Key Down;S;186474
Key Up;S;186562
Key Down;Z;186794
Key Up;Z;186890
Key Down;Z;187306
Key Up;Z;187442
Key Down;Z;187914
Key Down;D;188050
Key Up;Z;188122
Key Up;D;188138
Key Down;Z;188386
Key Up;Z;188602
Key Down;Z;188826
Key Up;Z;189226
Key Down;Q;189242
Key Up;Q;189346
Key Down;D;189490
Key Down;Z;189522
Key Up;D;189586
Key Up;Z;189674
Key Down;D;189890
Key Up;D;190130
Key Down;Q;190178
Key Up;Q;190666
Key Down;Q;190802
Key Down;Z;190922
Key Up;Z;191090
Key Down;Z;191298
Key Up;Q;191394
Key Down;D;191610
Key Up;Z;191857
Key Up;D;191969
Key Down;Q;192066
Key Up;Q;192322
Key Down;D;192394
Key Down;Z;192554
Key Up;D;192778
Key Up;Z;193113
Key Down;Z;193313
Key Down;D;193393
Key Up;D;193522
Key Up;Z;193682
Key Down;Z;193986
Key Up;Z;194362
Key Down;Z;197537
Key Up;Z;197585
Key Down;Z;198554
Key Up;Z;198594
Key Down;Q;198985
Key Up;Q;199154
Key Down;D;199242
Key Up;D;199346
Key Down;Z;199386
Key Up;Z;199442
Key Down;S;199930
Key Down;D;199946
Key Up;D;200074
Key Up;S;200089
Key Down;Z;200241
Key Up;Z;200345
Key Down;Z;201394
Key Up;Z;201490
Key Down;S;202738
Key Up;S;202842
Key Down;Z;203073
Key Up;Z;203442
Key Down;S;203650
Key Up;S;203762
Key Down;S;203962
Key Up;S;204170
Key Down;Z;204489
Key Up;Z;204561
Key Down;Z;205282
Key Down;D;205602
Key Up;D;205769
Key Down;D;206097
Key Up;D;206170
Key Up;Z;206386
Key Down;Q;206562
Key Up;Q;206799
Key Down;S;206802
Key Up;S;206962
Key Down;Q;207074
Key Down;Z;207202
Key Up;Q;207257
Key Down;Q;207490
Key Up;Z;207578
Key Up;Q;207762
Key Down;Z;207778
Key Up;Z;208034
Key Down;Q;208282
Key Up;Q;208362
Key Down;Q;208697
Key Down;Z;208809
Key Up;Q;208841
Key Down;Q;209090
Key Up;Z;209146
Key Up;Q;209170
Key Down;Z;209450
Key Down;Q;209530
Key Up;Z;209666
Key Up;Q;209690
Key Down;Z;210130
Key Down;Espace;210418
Key Up;Espace;210570
Key Up;Z;210722
Key Down;S;210826
Key Up;S;210938
Key Down;Z;211266
Key Down;Espace;211449
Key Up;Espace;211601
Key Up;Z;211681
Key Down;S;211994
Key Up;S;212082
Key Down;Z;212450
Key Down;Espace;212618
Key Up;Espace;212786
Key Down;Q;212834
Key Up;Z;213242
Key Up;Q;213402
Key Down;Z;213978
Key Down;D;214122
Key Up;D;214513
Key Up;Z;214610
Key Down;Z;214986
Key Down;Q;215274
Key Up;Z;215458
Key Up;Q;215498
Key Down;Q;215745
Key Up;Q;215785
Key Down;Z;215921
Key Up;Z;216322
Key Down;Z;216354
Key Up;Z;216418
Key Down;D;216466
Key Up;D;216914
Key Down;D;217041
Key Up;D;217289
Key Down;Q;217434
Key Up;Q;217610
Key Down;Z;217754
Key Down;D;217786
Key Up;Z;217930
Key Up;D;218002
Key Down;Z;218050
Key Down;Q;218433
Key Up;Q;218513
Key Down;D;218641
Key Up;D;218714
Key Down;D;219690
Key Up;Z;220137
Key Up;D;220634
Key Down;Z;220706
Key Down;D;221690
Key Up;D;221922
Key Down;D;222154
Key Up;D;222761
Key Up;Z;223058
Key Down;Q;223242
Key Up;Q;223306
Key Down;D;223386
Key Down;Z;223794
Key Up;D;223842
Key Down;Q;223906
Key Up;Z;223978
Key Up;Q;224193
Key Down;D;224385
Key Down;Z;224450
Key Up;D;224530
Key Down;Q;224610
Key Up;Q;224706
Key Down;Q;224882
Key Up;Q;225457
Key Down;D;225529
Key Up;Z;225601
Key Up;D;225697
Key Down;Z;225954
Key Down;D;226122
Key Up;D;226242
Key Down;Q;226314
Key Up;Q;226418
Key Down;D;226562
Key Up;D;226714
Key Down;D;226738
Key Up;Z;226897
Key Down;Z;227177
Key Up;D;227386
Key Down;D;228297
Key Up;D;228473
Key Up;Z;228610
Key Down;D;228762
Key Down;Z;228914
Key Up;D;228922
Key Down;Q;229034
Key Up;Z;229106
Key Up;Q;229146
Key Down;Z;229498
Key Up;Z;229658
Key Down;Z;230138
Key Up;Z;230314
Key Down;Q;230698
Key Up;Q;230754
Key Down;Z;230954
Key Down;D;231089
Key Up;D;231225
Key Up;Z;231241
Key Down;Q;231385
Key Up;Q;231442
Key Down;Z;231594
Key Down;Q;231706
Key Up;Q;232034
Key Down;Q;232186
Key Up;Q;232474
Key Down;D;232826
Key Up;D;232898
Key Down;D;233122
Key Up;Z;233346
Key Up;D;233754
Key Down;Q;233913
Key Down;Z;234226
Key Up;Q;234290
Key Down;D;234330
Key Up;D;234506
Key Up;Z;234626
Key Down;Z;234850
Key Up;Z;234994
Key Down;Z;235513
Key Up;Z;235642
Key Down;Z;235978
Key Up;Z;236098
Key Down;Z;236530
Key Up;Z;236729
Key Down;S;236881
Key Up;S;237050
Key Down;Z;237226
Key Up;Z;237274
Key Down;Z;238034
Key Up;Z;238121
Key Down;S;238337
Key Up;S;238433
Key Down;S;238594
Key Up;S;238802
Key Down;Z;239218
Key Down;Q;239274
Key Up;Z;239737
Key Up;Q;239753
Key Down;Q;239978
Key Up;Q;240290
Key Down;D;240434
Key Up;D;240498
Key Down;D;240714
Key Up;D;240802
Key Down;D;241073
Key Up;D;241153
Key Down;Z;241201
Key Down;D;241306
Key Up;Z;241322
Key Up;D;241482
Key Down;D;241650
Key Up;D;241754
Key Down;D;241874
Key Up;D;241970
Key Down;Q;242258
Key Up;Q;242298
Key Down;Q;242329
Key Up;Q;242425
Key Down;Q;242617
Key Down;Z;242898
Key Up;Z;243050
Key Up;Q;243066
Key Down;D;243138
Key Up;D;243282
Key Down;D;243362
Key Down;S;243522
Key Up;D;243634
Key Down;D;243674
Key Up;D;243786
Key Down;Q;243873
Key Up;S;243985
Key Up;Q;244041
Key Down;S;244210
Key Up;S;244506
Key Down;Z;244626
Key Down;D;244722
Key Up;D;244810
Key Up;Z;244842
Key Down;Q;245082
Key Up;Q;245177
Key Down;D;245225
Key Up;D;245361
Key Down;S;245546
Key Down;Q;245642
Key Up;Q;245770
Key Up;S;245786
Key Down;Z;245970
Key Down;D;246082
Key Up;D;246138
Key Up;Z;246170
Key Down;S;246434
Key Up;S;246562
Key Down;Z;246705
Key Down;Q;246809
Key Up;Q;246986
Key Down;D;247434
Key Up;D;247730
Key Up;Z;247890
Key Down;Q;248105
Key Down;S;248169
Key Up;Q;248193
Key Up;S;248386
Key Down;D;248522
Key Down;S;248562
Key Up;D;248578
Key Up;S;248682
Key Down;Z;248794
Key Down;Espace;249210
Key Up;Espace;249290
Key Down;Q;249978
Key Up;Z;250066
Key Up;Q;250114
Key Down;D;250258
Key Up;D;250306
Key Down;Z;250338
Key Up;Z;250418
Key Down;Q;250594
Key Down;Z;250762
Key Up;Q;250778
Key Down;D;250977
Key Up;D;251153
Key Down;Q;251258
Key Up;Z;251394
Key Up;Q;251842
Key Down;Z;251866
Key Down;Q;252618
Key Up;Q;252746
Key Down;D;252786
Key Up;Z;252802
Key Down;Z;252906
Key Up;Z;252954
Key Up;D;253026
Key Down;Q;253250
Key Up;Q;253362
Key Down;D;253410
Key Up;D;253474
Key Down;Z;253561
Key Down;D;253673
Key Up;Z;253745
Key Up;D;253881
Key Down;Q;254010
Key Down;Z;254098
Key Up;Q;254138
Key Down;D;254258
Key Up;D;254322
Key Down;Q;254354
Key Up;Q;254778
Key Down;D;254914
Key Up;D;255002
Key Down;Q;255073
Key Up;Z;255193
Key Down;Z;255329
Key Up;Q;255345
Key Down;D;255450
Key Up;D;255642
Key Down;Espace;256074
Key Up;Espace;256346
Key Down;D;256713
Key Up;D;256777
Key Down;D;257050
Key Up;D;257122
Key Down;D;257546
Key Up;Z;257642
Key Up;D;257714
Key Down;Q;257833
Key Down;Z;257953
Key Up;Q;257977
Key Down;D;258081
Key Up;Z;258234
Key Down;Z;258402
Key Up;D;258706
Key Up;Z;258946
Key Down;Q;258986
Key Down;Z;259265
Key Up;Q;259297
Key Down;Q;259489
Key Up;Z;259609
Key Up;Q;259650
Key Down;D;259826
Key Down;Z;259882
Key Up;D;259906
Key Down;Espace;260258
Key Up;Espace;260434
Key Down;Q;260897
Key Up;Q;260937
Key Down;Q;261098
Key Up;Z;261154
Key Up;Q;261418
Key Down;D;261498
Key Up;D;261946
Key Down;Z;261969
Key Down;Q;262066
Key Up;Q;262153
Key Down;D;262225
Key Up;Z;262466
Key Up;D;262578
Key Down;Q;262698
Key Down;Z;262842
Key Up;Q;262938
Key Down;Q;263202
Key Up;Z;263218
Key Up;Q;263338
Key Down;Z;263537
Key Down;D;263633
Key Up;Z;263705
Key Up;D;263753
Key Down;S;263978
Key Up;S;264170
Key Down;Z;264298
Key Down;D;264482
Key Up;D;264546
Key Up;Z;264786
Key Down;D;265153
Key Down;Z;265274
Key Up;D;265378
Key Down;D;265658
Key Up;Z;265722
Key Up;D;266114
Key Down;Q;266194
Key Down;Z;266258
Key Up;Q;266730
Key Down;D;266890
Key Up;D;266986
Key Down;D;267730
Key Up;D;267969
Key Down;D;268194
Key Up;D;268850
Key Down;D;269417
Key Up;D;269481
Key Down;D;270010
Key Up;Z;270194
Key Up;D;270210
Key Down;Z;270434
Key Down;D;270529
Key Up;Z;270641
Key Up;D;270817
Key Down;Z;271186
Key Down;D;271202
Key Up;D;271242
Key Down;Q;271706
Key Up;Q;272145
Key Down;D;272209
Key Up;Z;272426
Key Down;Z;272586
Key Up;D;272746
Key Down;Q;272954
Key Up;Z;273241
Key Up;Q;273257
Key Down;Z;273513
Key Down;D;273617
Key Up;Z;273722
Key Up;D;273850
Key Down;Z;274122
Key Down;D;274178
Key Up;Z;274242
Key Up;D;274338
Key Down;D;275073
Key Up;D;275274
Key Down;Q;275370
Key Up;Q;275674
Key Down;Z;276169
Key Down;Q;276938
Key Up;Q;277138
Key Down;D;278370
Key Up;D;278562
Key Up;Z;278594
Key Down;Q;278706
Key Up;Q;278786
Key Down;Z;279450
Key Down;Q;279506
Key Up;Z;279578
Key Up;Q;279618
Key Down;Z;279818
Key Up;Z;279834
Key Down;Z;280106
Key Down;D;280194
Key Up;D;280306
Key Up;Z;280322
Key Down;D;280537
Key Up;D;280585
Key Down;Z;280649
Key Down;D;280834
Key Up;Z;280858
Key Up;D;280914
Key Down;Q;280938
Key Up;Q;281042
Key Down;S;281098
Key Down;Q;281122
Key Up;Q;281482
Key Up;S;281634
Key Down;Z;281769
Key Down;D;281825
Key Up;D;281849
Key Down;D;281953
Key Up;Z;281969
Key Up;D;282001
Key Down;Z;282170
Key Up;Z;282354
Key Down;S;282610
Key Up;S;282730
Key Down;Z;282938
Key Up;Z;283018
Key Down;Z;283090
Key Up;Z;283105
Key Down;Z;283289
Key Up;Z;283594
Key Down;Z;283618
Key Down;D;283706
Key Up;D;283818
Key Down;D;283922
Key Up;D;284010
Key Down;D;284146
Key Up;Z;284242
Key Up;D;284298
Key Down;Z;284434
Key Down;D;284506
Key Up;D;284633
Key Down;Q;284697
Key Up;Q;284785
Key Up;Z;284881
Key Down;S;285194
Key Up;S;285322
Key Down;Z;285466
Key Down;D;285698
Key Up;D;285818
Key Up;Z;285906
Key Down;D;286081
Key Down;Z;286129
Key Up;Z;286257
Key Up;D;286273
Key Down;Q;286458
Key Down;Z;286642
Key Up;Q;286658
Key Down;D;286818
Key Up;D;287042
Key Down;Q;287146
Key Up;Z;287250
Key Down;Z;287314
Key Up;Q;287354
Key Down;D;287386
Key Up;Z;287633
Key Up;D;287697
Key Down;Q;287721
Key Down;Z;287761
Key Up;Q;288002
Key Down;Q;288154
Key Up;Z;288226
Key Up;Q;288482
Key Down;D;288634
Key Up;D;288650
Key Down;Z;288674
Key Down;Q;288786
Key Up;Z;288809
Key Up;Q;289298
Key Down;D;289410
Key Up;D;289490
Key Down;S;289770
Key Up;S;289874
Key Down;Z;290034
Key Down;Q;290098
Key Up;Q;290217
Key Down;D;290690
Key Up;Z;290986
Key Down;Z;291154
Key Up;Z;291242
Key Down;Z;291434
Key Up;D;291506
Key Up;Z;291602
Key Down;Z;291809
Key Down;D;291826
Key Up;Z;292010
Key Down;Z;292178
Key Up;D;292266
Key Down;Q;292794
Key Up;Q;292890
Key Down;Q;293081
Key Up;Q;293674
Key Up;Z;293970
Key Down;Z;294138
Key Down;Q;294290
Key Up;Z;294769
Key Down;Z;294833
Key Up;Q;294850
Key Up;Z;295242
Key Down;Z;295506
Key Up;Z;295778
Key Down;Z;296113
Key Down;D;296169
Key Up;D;296250
Key Up;Z;296298
Key Down;S;296434
Key Up;S;296634
Key Down;S;297114
Key Down;Q;297178
Key Up;S;297194
Key Up;Q;297210
Key Down;S;297553
Key Up;S;297738
Key Down;Z;297946
Key Up;Z;298058
Key Down;Q;298418
Key Up;Q;298498
Key Down;Z;298617
Key Up;Z;298721
Key Down;D;298729
Key Up;D;298753
Key Down;D;298825
Key Up;D;298881
Key Down;Z;299049
Key Up;Z;299538
Key Down;Z;299842
Key Down;D;300177
Key Up;D;300249
Key Up;Z;300369
Key Down;D;300393
Key Up;D;300490
Key Down;Z;300730
Key Down;Espace;300930
Key Up;Espace;301026
Key Down;Q;301130
Key Up;Q;301282
Key Up;Z;301386
Key Down;Z;301465
Key Up;Z;301561
Key Down;D;301577
Key Up;D;301649
Key Down;Q;301681
Key Up;Q;301826
Key Down;Z;301873
Key Down;Espace;302098
Key Up;Espace;302210
Key Down;D;302578
Key Up;Z;303266
Key Down;Z;303370
Key Up;D;303410
Key Down;Q;303546
Key Up;Q;303834
Key Down;Q;303962
Key Up;Z;303986
Key Up;Q;304106
Key Down;Z;304377
Key Down;Q;304433
Key Up;Z;304457
Key Down;Z;304529
Key Up;Z;304722
Key Up;Q;304850
Key Down;D;304898
Key Up;D;304970
Key Down;Z;304986
Key Down;D;305002
Key Up;D;305082
Key Up;Z;305114
Key Down;S;305274
Key Down;D;305290
Key Up;D;305674
Key Up;S;305690
Key Down;D;306122
Key Up;D;306218
Key Down;Z;306450
Key Down;Q;306498
Key Up;Z;306874
Key Up;Q;306962
Key Down;Q;308282
Key Down;Z;308346
Key Up;Q;308362
Key Down;D;308418
Key Up;D;308561
Key Down;Q;309698
Key Up;Z;309738
Key Up;Q;309834
Key Down;S;309929
Key Up;S;310065
Key Down;Q;310249
Key Up;Q;310289
Key Down;S;310313
Key Up;S;310522
Key Down;D;310658
Key Up;D;310690
Key Down;Z;310722
Key Up;Z;310866
Key Down;D;311305
Key Up;D;311329
Key Down;D;311505
Key Down;Z;311569
Key Up;D;311689
Key Up;Z;311705
Key Down;D;311842
Key Down;Z;311978
Key Up;Z;312082
Key Up;D;312138
Key Down;Z;312474
Key Down;D;312514
Key Up;D;312618
Key Down;Q;312698
Key Up;Z;312777
Key Up;Q;312857
Key Down;Z;313282
Key Down;D;313682
Key Up;D;313826
Key Up;Z;314050
Key Down;Z;314145
Key Up;Z;314185
Key Down;D;314193
Key Down;Z;314273
Key Up;D;314698
Key Down;D;314770
Key Up;D;315362
Key Down;D;315641
Key Up;D;315745
Key Down;D;315809
Key Up;Z;315849
Key Up;D;316010
Key Down;Z;316322
Key Up;Z;316522
Key Down;D;316586
Key Up;D;316626
Key Down;Z;316834
Key Up;Z;316961
Key Down;S;317145
Key Up;S;317265
Key Down;Z;317762
Key Up;Z;317850
Key Down;S;318002
Key Up;S;318170
Key Down;Z;318338
Key Up;Z;318505
Key Down;S;318842
Key Up;S;318946
Key Down;Z;319114
Key Down;Q;319386
Key Up;Q;319514
Key Up;Z;319953
Key Down;Z;320017
Key Down;Q;320121
Key Up;Z;320250
Key Up;Q;320546
Key Down;D;320834
Key Up;D;320866
Key Down;Q;320906
Key Up;Q;320986
Key Down;Q;321121
Key Up;Q;321241
Key Down;Z;321265
Key Up;Z;321377
Key Down;Q;321642
Key Down;Z;321658
Key Down;Espace;321722
Key Up;Espace;321874
Key Up;Z;322314
Key Up;Q;322825
Key Down;D;322969
Key Up;D;323090
Key Down;Z;323258
Key Up;Z;323354
Key Down;D;324281
Key Up;D;324458
Key Down;Q;324762
Key Up;Q;324842
Key Down;Q;325050
Key Down;Z;325130
Key Up;Q;325186
Key Up;Z;325266
Key Down;Z;325601
Key Down;Espace;325769
Key Up;Espace;325898
Key Down;Espace;326354
Key Up;Espace;326522
Key Down;Espace;326953
Key Up;Espace;327121
Key Up;Z;327410
Key Down;Z;327690
Key Up;Z;327818
Key Down;Z;328898
Key Down;Espace;329114
Key Up;Espace;329314
Key Up;Z;329482
Key Down;Z;329689
Key Down;Q;329705
Key Up;Z;330322
Key Down;Z;330346
Key Up;Q;330434
Key Down;D;330554
Key Up;D;330738
Key Down;Q;330754
Key Up;Q;330977
Key Down;D;331137
Key Up;D;331361
Key Up;Z;331393
Key Down;Z;331538
Key Up;Z;331674
Key Down;D;331730
Key Down;Z;332066
Key Up;Z;332146
Key Up;D;332162
Key Down;Q;332202
Key Up;Q;332521
Key Down;Z;332601
Key Up;Z;332737
Key Down;S;332930
Key Down;Q;332954
Key Up;Q;333154
Key Up;S;333322
Key Down;S;333450
Key Up;S;333610
Key Down;Z;333746
Key Up;Z;333945
Key Down;S;334097
Key Up;S;334257
Key Down;Z;334538
Key Up;Z;334674
Key Down;S;334794
Key Down;Q;334810
Key Up;Q;334906
Key Down;D;335146
Key Up;S;335210
Key Up;D;335233
Key Down;S;335625
Key Up;S;335778
Key Down;Z;336817
Key Up;Z;337025
Key Down;S;337178
Key Up;S;337338
Key Down;Z;337618
Key Down;Q;337642
Key Up;Q;337770
Key Down;Q;337954
Key Up;Z;338034
Key Up;Q;338105
Key Down;S;338321
Key Down;D;338433
Key Up;S;338449
Key Up;D;338466
Key Down;Z;338674
Key Down;D;338722
Key Up;D;339218
Key Down;Q;339425
Key Up;Q;339633
Key Down;Q;339761
Key Up;Q;339881
Key Down;Q;340218
Key Up;Q;340266
Key Down;D;340378
Key Up;Z;340722
Key Up;D;341057
Key Down;Q;341145
Key Down;Z;341193
Key Up;Q;341306
Key Up;Z;341482
Key Down;Z;342513
Key Up;Z;342697
Key Down;D;343210
Key Down;Z;343362
Key Up;Z;343474
Key Down;Z;343514
Key Up;D;343538
Key Down;D;343809
Key Up;D;343913
Key Down;D;344770
Key Up;D;344874
Key Up;Z;345033
Key Down;Z;345874
Key Down;D;346194
Key Up;D;346290
Key Up;Z;346458
Key Down;Z;347010
Key Up;Z;347130
Key Down;S;347282
Key Up;S;347426
Key Down;Q;347826
Key Up;Q;347945
Key Down;Z;348161
Key Down;D;348233
Key Up;D;348337
Key Up;Z;349986
Key Down;Z;351250
Key Up;Z;351826
Key Down;Z;352074
Key Up;Z;353570
Key Down;Z;353793
Key Up;Z;353881
Key Down;Z;354114
Key Down;Q;354138
Key Up;Z;354330
Key Up;Q;354346
Key Down;Z;354930
Key Up;Z;355433
Key Down;Z;355458
Key Down;Q;355618
Key Up;Z;355730
Key Up;Q;355874
Key Down;D;356098
Key Up;D;356290
Key Down;Z;356305
Key Up;Z;356409
Key Down;Q;356505
Key Up;Q;356609
Key Down;Q;356761
Key Down;Z;356842
Key Up;Z;357018
Key Down;Z;357178
Key Up;Z;357506
Key Up;Q;358057
Key Down;D;358169
Key Down;Z;358338
Key Up;D;358442
Key Down;D;358586
Key Up;D;358882
Key Down;Q;358898
Key Up;Q;359129
Key Down;D;359225
Key Up;D;359337
Key Down;Q;359353
Key Up;Z;359457
Key Down;Z;359481
Key Up;Z;359617
Key Up;Q;359786
Key Down;D;359834
Key Down;Z;360058
Key Up;D;360290
Key Down;D;360538
Key Up;D;360745
Key Up;Z;361418
Key Down;Z;361514
Key Down;D;362538
Key Up;D;362610
Key Up;Z;362658
Key Down;Z;362738
Key Down;D;362770
Key Up;Z;362906
Key Up;D;362970
Key Down;Q;363034
Key Down;Z;363106
Key Up;Q;363497
Key Down;Espace;363713
Key Up;Espace;363857
Key Down;Q;363906
Key Up;Z;364018
Key Up;Q;364146
Key Down;Z;364162
Key Up;Z;364210
Key Down;D;364370
Key Up;D;364570
Key Down;S;364650
Key Down;Q;364714
Key Up;S;364865
Key Up;Q;364905
Key Down;D;365033
Key Down;Z;365089
Key Up;D;365185
Key Up;Z;365201
Key Down;Z;365426
Key Down;Q;365570
Key Up;Q;365714
Key Down;Espace;365858
Key Up;Espace;365962
Key Up;Z;366074
Key Down;Q;366122
Key Up;Q;366193
Key Down;D;366433
Key Down;Z;366529
Key Up;D;366633
Key Down;D;367114
Key Up;D;367330
Key Down;D;367458
Key Up;D;367785
Key Down;D;367913
Key Up;D;368290
Key Down;Q;368394
Key Up;Z;368698
Key Down;Z;368882
Key Up;Q;369033
Key Down;D;369129
Key Up;D;369385
Key Up;Z;369594
Key Down;Z;370066
Key Down;D;370354
Key Up;D;370697
Key Down;D;370793
Key Up;D;370817
Key Up;Z;371074
Key Down;D;371138
Key Down;Z;371194
Key Up;D;371218
Key Down;Q;371378
Key Up;Q;371530
Key Up;Z;371658
Key Down;Z;372177
Key Down;Q;372354
Key Up;Q;372538
Key Down;Q;372738
Key Up;Q;372826
Key Down;Q;374042
Key Up;Q;374937
Key Up;Z;375890
Key Down;S;376073
Key Down;D;376153
Key Up;D;376305
Key Up;S;376337
Key Down;S;376970
Key Up;S;377082
Key Down;Z;377226
Key Up;Z;377465
Key Down;Z;378026
Key Up;Z;378138
Key Down;S;378274
Key Up;S;378762
Key Down;Z;379025
Key Up;Z;379113
Key Down;D;379281
Key Down;Z;379321
Key Up;D;379586
Key Up;Z;379602
Key Down;Z;379930
Key Up;Z;380042
Key Down;Z;380114
Key Down;Q;380289
Key Up;Q;380369
Key Down;D;380385
Key Up;Z;380505
Key Down;Z;380794
Key Up;D;380898
Key Up;Z;381002
Key Down;D;381114
Key Up;D;381290
Key Down;Z;381466
Key Up;Z;381721
Key Down;D;381777
Key Down;Z;381977
Key Up;D;381993
Key Up;Z;382322
Key Down;S;382482
Key Down;Q;382730
Key Up;S;382946
Key Down;S;383345
Key Up;Q;383658
Key Up;S;383850
Key Down;D;383906
Key Down;Z;383970
Key Up;D;383986
Key Up;Z;384106
Key Down;S;384354
Key Down;D;384490
Key Up;S;384513
Key Up;D;384649
Key Down;D;384673
Key Down;Z;384921
Key Up;D;384994
Key Down;Espace;385226
Key Down;D;385322
Key Up;Espace;385378
Key Up;Z;385506
Key Down;Z;385618
Key Up;Z;385690
Key Down;S;386297
Key Up;D;386818
Key Up;S;386874
Key Down;Z;386978
Key Up;Z;387194
Key Down;S;387282
Key Down;D;387625
Key Up;S;387834
Key Down;Z;387962
Key Up;D;387970
Key Up;Z;389057
Key Down;S;389298
Key Down;D;389338
Key Up;S;389578
Key Up;D;389730
Key Down;Z;390137
Key Down;Q;390754
Key Up;Q;390818
Key Down;D;390930
Key Up;D;391114
Key Up;Z;391346
Key Down;Q;391362
Key Up;Q;391473
Key Down;D;391561
Key Up;D;391865
Key Down;Q;391969
Key Down;Z;392074
Key Up;Q;392146
Key Down;D;392218
Key Up;Z;392346
Key Down;S;392490
Key Up;D;392882
Key Down;D;392929
Key Up;D;393049
Key Down;D;393201
Key Up;D;393506
Key Down;D;394002
Key Up;S;394090
Key Up;D;394370
Key Down;S;394457
Key Down;Q;394521
Key Up;Q;394617
Key Down;D;394665
Key Up;S;394930
Key Down;Espace;395042
Key Up;Espace;395234
Key Up;D;395674
Key Down;Z;395873
Key Up;Z;395961
Key Down;S;396193
Key Down;D;396577
Key Up;S;396610
Key Down;Espace;396650
Key Up;Espace;396778
Key Up;D;396850
Key Down;S;396866
Key Down;Espace;397186
Key Up;Espace;397313
Key Down;Espace;397609
Key Up;Espace;397762
Key Down;Espace;398066
Key Up;Espace;398218
Key Up;S;398458
Key Down;Q;398594
Key Down;Z;398705
Key Up;Q;398809
Key Up;Z;398841
Key Down;Z;399226
Key Down;Q;399522
Key Up;Q;399698
Key Down;Q;399802
Key Up;Q;399993
Key Down;Q;400249
Key Up;Q;400466
Key Down;Q;400490
Key Up;Q;400554
Key Up;Z;400714
Key Down;Z;400890
Key Down;D;401418
Key Up;D;401473
Key Down;Espace;401625
Key Up;Espace;401801
Key Down;Q;402010
Key Up;Z;402106
Key Up;Q;402985
Key Down;S;403065
Key Up;S;403121
Key Down;D;403233
Key Down;Z;403386
Key Up;Z;403546
Key Up;D;403570
Key Down;Q;403842
Key Down;Z;403946
Key Up;Q;403986
Key Down;D;404066
Key Up;D;404169
Key Up;Z;404289
Key Down;Z;404681
Key Up;Z;404946
Key Down;S;405098
Key Up;S;405713
Key Down;Z;405937
Key Up;Z;406017
Key Down;S;406162
Key Up;S;406338
Key Down;Z;406490
Key Up;Z;406746
Key Down;S;406850
Key Up;S;407089
Key Down;Z;407249
Key Up;Z;407529
Key Down;S;407666
Key Up;S;407850
Key Down;Z;407994
Key Down;Espace;408274
Key Up;Espace;408441
Key Down;Q;408825
Key Up;Q;409218
Key Down;D;409282
Key Up;Z;409346
Key Up;D;409522
Key Down;Z;409658
Key Down;D;409993
Key Up;D;410177
Key Up;Z;410402
Key Down;Z;410578
Key Up;Z;410618
Key Down;D;410682
Key Up;D;410986
Key Down;Z;411010
Key Up;Z;411218
Key Down;Z;411625
Key Down;D;411786
Key Up;Z;411890
Key Down;Z;411914
Key Up;D;411930
Key Up;Z;411954
Key Down;Z;412082
Key Up;Z;412226
Key Down;D;412338
Key Down;Z;412466
Key Up;D;412554
Key Down;Q;412769
Key Up;Q;413194
Key Up;Z;413570
Key Down;Z;413714
Key Down;D;413770
Key Up;Z;414201
Key Down;Z;414297
Key Up;D;414345
Key Down;D;414393
Key Up;D;414497
Key Down;D;414722
Key Up;D;414810
Key Down;Espace;414962
Key Up;Espace;415170
Key Down;Espace;415561
Key Up;Espace;415793
Key Up;Z;415977
Key Down;Z;416018
Key Up;Z;416122
Key Down;Z;416378
Key Down;D;416434
Key Up;D;416698
Key Up;Z;416738
Key Down;Z;417097
Key Up;Z;418138
Key Down;Z;418858
Key Down;D;419546
Key Up;D;419578
Key Down;Q;419929
Key Up;Q;420041
Key Down;D;420129
Key Up;D;420250
Key Down;Q;420530
Key Up;Q;420634
Key Down;Espace;421385
Key Up;Espace;421610
Key Down;Q;422098
Key Up;Q;422481
Key Down;D;422713
Key Up;D;422889
Key Up;Z;424105
Key Down;Z;424522
Key Up;Z;424690
Key Down;Z;430514
Key Down;D;430961
Key Up;Z;431089
Key Up;D;431105
Key Down;Z;431505
Key Up;Z;431954
Key Down;Z;432002
Key Down;D;432321
Key Up;D;432433
Key Up;Z;432473
Key Down;D;432721
Key Up;D;432849
Key Down;Z;433050
Key Up;Z;433202
Key Down;Q;433482
Key Up;Q;433618
Key Down;S;433650
Key Up;S;433873
Key Down;Q;436242
Key Down;Z;436354
Key Up;Q;436529
Key Down;D;436785
Key Up;D;436809
Key Down;Q;436977
Key Up;Q;437089
Key Down;Q;437162
Key Up;Q;437330
Key Down;D;437410
Key Up;Z;437434
Key Down;Z;437682
Key Up;D;437978
Key Down;D;438345
Key Up;D;438473
Key Up;Z;439098
Key Down;D;439417
Key Down;Z;439481
Key Up;Z;439625
Key Up;D;439641
Key Down;Z;439905
Key Up;Z;440058
Key Down;S;440226
Key Down;Q;440418
Key Up;S;440562
Key Up;Q;440586
Key Down;Z;440977
Key Down;D;441217
Key Up;D;441345
Key Up;Z;441914
Key Down;S;442026
Key Down;D;442098
Key Up;S;442225
Key Down;Z;442489
Key Up;Z;442617
Key Up;D;442689
Key Down;S;442745
Key Down;Q;442794
Key Up;S;442978
Key Up;Q;443010
Key Down;Z;443122
Key Up;Z;443242
Key Down;S;443378
Key Down;Q;443426
Key Up;Q;443522
Key Down;D;443689
Key Up;D;443881
Key Down;Q;443977
Key Up;Q;444194
Key Down;Q;444418
Key Up;S;444714
Key Down;Espace;444746
Key Up;Espace;444890
Key Down;S;445041
Key Up;S;445281
Key Down;S;445553
Key Up;Q;445682
Key Down;D;445738
Key Up;S;445762
Key Up;D;445874
Key Down;Q;446082
Key Down;S;446114
Key Up;Q;446234
Key Up;S;446274
Key Down;D;446361
Key Down;Z;446385
Key Up;D;446409
Key Down;D;446841
Key Down;Espace;447106
Key Up;Espace;447290
Key Up;D;447602
Key Up;Z;447825
Key Down;Z;447841
Key Up;Z;447945
Key Down;S;448041
Key Down;D;448233
Key Up;D;448265
Key Down;Q;448353
Key Up;S;448474
Key Down;D;448586
Key Up;Q;448602
Key Down;Z;448682
Key Up;D;448882
Key Down;Q;449098
Key Up;Q;449194
Key Up;Z;449441
Key Down;S;449545
Key Down;Q;449601
Key Up;Q;449922
Key Up;S;449954
Key Down;D;450018
Key Down;Z;450074
Key Up;D;450122
Key Up;Z;450434
Key Down;S;450649
Key Down;Q;450801
Key Up;S;450865
Key Up;Q;451097
Key Down;D;451194
Key Up;D;451338
Key Down;Z;451466
Key Up;Z;452097
Key Down;S;452217
Key Down;Q;452249
Key Up;S;452313
Key Down;S;452345
Key Up;S;452417
Key Up;Q;452537
Key Down;Z;452770
Key Up;Z;452922
Key Down;S;453513
Key Up;S;453825
Key Down;Z;454026
Key Down;D;454041
Key Up;Z;454066
Key Up;D;454130
Key Down;Q;454170
Key Down;S;454218
Key Up;Q;454346
Key Up;S;454370
Key Down;S;454450
Key Down;D;454482
Key Up;S;454913
Key Up;D;454969
Key Down;Z;455065
Key Down;Q;455241
Key Up;Q;455425
Key Up;Z;455506
Key Down;S;455674
Key Up;S;455874
Key Down;Z;457418
Key Up;Z;457713
Key Down;Z;458562
Key Up;Z;458618
Key Down;S;458946
Key Up;S;459105
Key Down;Z;460705
Key Up;Z;460881
Key Down;S;461802
Key Up;S;461905
Key Down;Z;462073
Key Down;Q;462273
Key Up;Q;462514
Key Down;D;463034
Key Up;Z;463210
Key Down;Z;463265
Key Up;D;463369
Key Down;Q;463449
Key Up;Q;463922
Key Down;Q;464266
Key Up;Z;464538
Key Down;Z;464681
Key Up;Q;464738
Key Down;D;464833
Key Up;Z;464953
Key Up;D;465161
Key Down;Z;465426
Key Down;Espace;465650
Key Down;Q;465682
Key Up;Q;465746
Key Up;Espace;465850
Key Down;D;465882
Key Up;D;465986
Key Down;Q;466265
Key Up;Q;466425
Key Down;Espace;466481
Key Up;Espace;466657
Key Down;Q;466850
Key Up;Z;467186
Key Up;Q;467210
Key Down;D;467274
Key Up;D;467458
Key Down;Z;467594
Key Down;D;467641
Key Up;D;467673
Key Down;D;467905
Key Up;Z;467921
Key Up;D;467985
Key Down;Z;468138
Key Down;Q;468506
Key Up;Q;468610
Key Up;Z;468834
Key Down;S;469081
Key Up;S;469153
Key Down;Q;469305
Key Down;Z;469313
Key Up;Q;469425
Key Up;Z;469546
Key Down;D;469946
Key Down;Z;470026
Key Up;D;470042
Key Up;Z;470417
Key Down;Q;470601
Key Up;Q;470721
Key Down;D;470769
Key Down;Z;470905
Key Up;Z;470930
Key Up;D;470946
Key Down;D;471154
Key Up;D;471338
Key Down;Q;471378
Key Down;Z;471674
Key Up;Z;471841
Key Up;Q;472001
Key Down;Z;472530
Key Up;Z;472682
Key Down;Q;473082
Key Down;Z;473145
Key Up;Q;473233
Key Down;D;473313
Key Up;Z;474058
Key Up;D;474426
Key Down;Z;474458
Key Down;Q;474553
Key Up;Q;474657
Key Down;Q;474969
Key Up;Q;475274
Key Up;Z;475418
Key Down;D;475442
Key Up;D;475594
Key Down;Q;475897
Key Up;Q;475993
Key Down;D;476177
Key Up;D;476281
Key Down;Z;477274
Key Up;Z;477601
Key Down;Q;477681
Key Down;S;477841
Key Up;Q;477897
Key Up;S;477946
Key Down;S;478074
Key Up;S;478146
Key Down;Q;478170
Key Up;Q;478282
Key Down;S;478450
Key Down;D;478466
Key Up;D;478498
Key Up;S;478530
Key Down;S;478865
Key Up;S;479209
Key Down;Q;479401
Key Down;S;479490
Key Up;Q;479530
Key Up;S;479938
Key Down;Z;480090
Key Up;Z;480265
Key Down;Q;480401
Key Up;Q;480473
Key Down;Q;481202
Key Up;Q;481250
Key Down;Q;481474
Key Up;Q;481570
Key Down;D;481913
Key Up;D;482001
Key Down;Q;482193
Key Up;Q;482314
Key Down;Z;482458
Key Down;D;482546
Key Up;Z;482602
Key Up;D;482658
Key Down;Q;483001
Key Up;Q;483057
Key Down;Q;483521
Key Up;Q;483914
Key Down;D;484010
Key Up;D;484162
Key Down;Z;484250
Key Down;Q;484282
Key Up;Q;484481
Key Up;Z;484489
Key Down;D;484553
Key Down;Z;484665
Key Up;D;484681
Key Down;Q;484881
Key Up;Q;484969
Key Down;D;485082
Key Up;Z;485154
Key Up;D;485234
Key Down;Q;485370
Key Down;Z;485482
Key Up;Q;485562
Key Down;Q;485698
Key Up;Q;485889
Key Down;D;486706
Key Up;Z;486770
Key Down;Z;486786
Key Up;Z;486890
Key Down;S;487473
Key Up;D;487625
Key Up;S;487649
Key Down;Z;487785
Key Up;Z;487946
Key Down;D;487962
Key Up;D;488074
Key Down;S;488937
Key Up;S;489113
Key Down;Q;489386
Key Up;Q;489642
Key Down;S;489722
Key Up;S;489746
Key Down;Q;489802
Key Down;Z;490089
Key Up;Q;490105
Key Down;Q;490289
Key Up;Z;490537
Key Down;S;490682
Key Up;Q;490786
Key Down;Q;490890
Key Up;S;491170
Key Up;Q;491523
Key Down;Z;491553
Key Down;Q;491801
Key Up;Z;491889
Key Up;Q;492009
Key Down;Q;492402
Key Down;Z;492490
Key Up;Q;492570
Key Up;Z;492610
Key Down;Q;492866
Key Up;Q;492945
Key Down;D;492993
Key Up;D;493073
Key Down;D;493225
Key Up;D;493289
Key Down;Z;493554
Key Down;D;493642
Key Up;Z;493738
Key Up;D;494074
Key Down;S;494377
Key Up;S;494489
Key Down;Q;494689
Key Up;Q;494906
Key Down;D;495066
Key Up;D;495418
Key Down;Z;495466
Key Up;Z;495673
Key Down;D;495737
Key Up;D;495857
Key Down;Z;496017
Key Up;Z;496169
Key Down;S;496402
Key Up;S;496514
Key Down;Q;496818
Key Down;S;496946
Key Up;S;497249
Key Up;Q;497393
Key Down;D;497513
Key Down;Z;497585
Key Up;D;497802
Key Up;Z;497826
Key Down;Q;497866
Key Down;Z;497898
Key Up;Q;497970
Key Down;D;498146
Key Up;D;498298
Key Down;Q;498338
Key Up;Q;498729
Key Up;Z;498833
Key Down;D;498929
Key Down;Z;499370
Key Up;D;499530
Key Down;Q;499722
Key Up;Q;499889
Key Down;Espace;500297
Key Up;Espace;500473
Key Down;Q;500778
Key Up;Z;500970
Key Up;Q;501242
Key Down;D;501290
Key Down;Z;501377
Key Up;D;501513
Key Down;Q;501617
Key Up;Q;501849
Key Up;Z;502058
Key Down;S;502801
Key Down;Q;502841
Key Up;S;502921
Key Up;Q;502945
Key Down;D;503057
Key Up;D;503193
Key Down;Z;503337
Key Down;D;503418
Key Up;D;503594
Key Down;Q;503802
Key Up;Q;503906
Key Down;D;504209
Key Up;Z;504241
Key Down;Z;504297
Key Up;D;504329
Key Down;D;504505
Key Up;D;505010
Key Down;Espace;505745
Key Up;Espace;505937
Key Down;D;506121
Key Up;Z;506154
Key Down;Q;506570
Key Up;D;506578
Key Up;Q;507097
Key Down;D;507129
Key Up;D;507297
Key Down;Q;507321
Key Down;D;507521
Key Up;Q;507570
Key Down;Q;507690
Key Up;D;507698
Key Up;Q;508162
Key Down;D;508202
Key Down;Z;508385
Key Up;D;508489
Key Down;D;508553
Key Up;Z;508657
Key Down;Espace;509378
Key Up;D;509410
Key Up;Espace;510474
Key Down;D;510682
Key Up;D;510922
Key Down;Q;511082
Key Up;Q;511193
Key Down;D;511593
Key Up;D;511681
Key Down;Espace;511777
Key Down;Z;511906
Key Up;Espace;512346
Key Down;Espace;512434
Key Up;Espace;512713
Key Up;Z;512817
Key Down;Z;512929
Key Up;Z;513065
Key Down;D;513314
Key Up;D;513458
Key Down;D;514209
Key Down;Z;514225
Key Up;D;514313
Key Up;Z;514361
Key Down;Z;515154
Key Up;Z;515529
Key Down;S;515769
Key Up;S;515954
Key Down;Z;516250
Key Up;Z;516953
Key Down;Z;517081
Key Down;D;517321
Key Up;Z;517345
Key Up;D;517538
Key Down;Z;517706
Key Down;Espace;517738
Key Up;Z;517858
Key Down;Z;518497
Key Up;Espace;518978
Key Down;Espace;519226
Key Up;Espace;519506
Key Up;Z;519673
Key Down;Z;519721
Key Up;Z;519841
Key Down;Q;519873
Key Down;Z;519929
Key Up;Q;520009
Key Up;Z;520298
Key Down;Z;520394
Key Up;Z;520730
Key Down;Q;522130
Key Down;Z;522242
Key Up;Q;522314
Key Up;Z;522370
Key Down;Z;522769
Key Down;Q;522985
Key Up;Q;523250
Key Up;Z;524129
Key Down;Z;524185
Key Down;Q;524385
Key Up;Q;524506
Key Down;D;524818
Key Up;Z;525002
Key Up;D;525010
Key Down;Z;525226
Key Up;Z;525345
Key Down;Z;525481
Key Down;D;525505
Key Up;D;525705
Key Down;Q;525906
Key Up;Q;526066
Key Up;Z;526082
Key Down;S;526250
Key Up;S;526362
Key Down;Z;527562
Key Up;Z;527626
Key Down;Z;527946
Key Up;Z;528113
Key Down;Z;529465
Key Up;Z;529625
Key Down;S;529841
Key Down;Q;530266
Key Up;Q;530402
Key Up;S;530490
Key Down;Z;530874
Key Up;Z;531001
Key Down;Z;531265
Key Up;Z;531409
Key Down;Z;531770
Key Up;Z;531890
Key Down;Z;532122
Key Down;Q;532201
Key Up;Q;532274
Key Up;Z;532290
Key Down;Z;532497
Key Down;D;532625
Key Up;D;532729
Key Up;Z;532890
Key Down;D;533058
Key Up;D;533114
Key Down;Z;533266
Key Down;D;533306
Key Up;Z;533386
Key Down;Z;533538
Key Up;D;533626
Key Down;Q;533897
Key Up;Q;533953
Key Down;Q;534290
Key Up;Q;534362
Key Down;D;534514
Key Up;D;534610
Key Down;Q;534826
Key Up;Q;535002
Key Down;D;535034
Key Up;Z;535073
Key Up;D;535545
Key Down;S;535593
Key Down;Q;535617
Key Up;S;535794
Key Up;Q;535818
Key Down;D;535994
Key Down;Z;536026
Key Up;Z;536162
Key Up;D;536785
Key Down;Z;538177
Key Down;D;538321
Key Down;Espace;538481
Key Up;Espace;538586
Key Up;Z;538642
Key Down;S;539273
Key Up;S;539425
Key Down;Z;539593
Key Up;D;539705
Key Up;Z;539817
Key Down;Q;539961
Key Down;Z;540034
Key Up;Q;540058
Key Down;D;540194
Key Up;D;540314
Key Up;Z;540458
Key Down;Q;540746
Key Down;Z;540825
Key Up;Z;541081
Key Up;Q;541530
Key Down;Z;542946
Key Up;Z;543066
Key Down;Z;543346
Key Up;Z;543473
Key Down;S;543769
Key Up;S;544218
Key Down;D;544842
Key Up;D;545081
Key Down;Z;545201
Key Up;Z;545505
Key Down;Q;545602
Key Up;Q;545730
Key Down;Z;545818
Key Down;Q;546266
Key Up;Z;546441
Key Up;Q;546761
Key Down;D;546841
Key Down;Z;547099
Key Up;D;547138
Key Up;Z;547482
Key Down;Z;547602
Key Down;D;547618
Key Up;Z;547634
Key Up;D;547825
Key Down;D;547841
Key Down;Z;547921
Key Up;D;547945
Key Down;Q;548410
Key Up;Q;548466
Key Down;D;548930
Key Up;Z;549305
Key Up;D;549537
Key Down;Z;549665
Key Down;Q;549801
Key Up;Q;549882
Key Up;Z;550082
Key Down;Z;550769
Key Up;Z;550913
Key Down;S;551201
Key Up;S;551794
Key Down;D;552137
Key Down;Z;552321
Key Up;D;552393
Key Down;D;552521
Key Up;Z;552657
Key Down;S;552978
Key Up;D;553138
Key Up;S;553154
Key Down;Z;553282
Key Down;Q;553537
Key Up;Z;553649
Key Down;Z;553665
Key Up;Q;553681
Key Down;D;553881
Key Up;D;553953
Key Down;Espace;553985
Key Up;Espace;554146
Key Up;Z;554194
Key Down;Espace;554346
Key Down;Z;554362
Key Down;D;554418
Key Up;Espace;554458
Key Up;Z;554626
Key Up;D;554706
Key Down;Z;554769
Key Down;Espace;554993
Key Up;Espace;555153
Key Down;D;555690
Key Up;D;556202
Key Down;Q;556473
Key Up;Q;556553
Key Down;D;556769
Key Up;D;556865
Key Up;Z;557090
Key Down;D;557178
Key Up;D;557274
Key Down;Z;557602
Key Down;Q;557690
Key Up;Q;557889
Key Up;Z;557937
Key Down;Z;558153
Key Up;Z;558394
Key Down;Z;558450
Key Down;Q;558706
Key Up;Q;558977
Key Down;D;559553
Key Up;Z;559698
Key Down;Z;560106
Key Up;D;560114
Key Down;Q;560274
Key Up;Q;560577
Key Down;Q;560713
Key Up;Q;561122
Key Down;D;561266
Key Up;D;561362
Key Down;Q;562193
Key Up;Q;562409
Key Down;Q;562674
Key Up;Z;563050
Key Down;S;563537
Key Up;S;563793
Key Up;Q;563857
Key Down;Z;563962
Key Down;Q;564266
Key Up;Q;564506
Key Up;Z;565113
Key Down;S;566682
Key Up;S;566754
Key Down;Q;566778
Key Up;Q;566850
Key Down;D;567010
Key Up;D;567066
Key Down;Q;567314
Key Up;Q;567386
Key Down;S;567450
Key Up;S;567593
Key Down;Z;570841
Key Down;Espace;570994
Key Up;Espace;571146
Key Down;Q;571857
Key Up;Z;572370
Key Up;Q;572442
Key Down;D;572538
Key Down;Z;572754
Key Up;D;572818
Key Down;Q;572962
Key Up;Q;573257
Key Up;Z;573289
Key Down;S;573585
Key Up;S;573753
Key Down;Z;573946
Key Down;Q;574362
Key Up;Z;574841
Key Up;Q;575322
Key Down;Z;575418
Key Down;D;575562
Key Up;D;575682
Key Up;Z;575953
Key Down;S;576137
Key Down;D;576265
Key Up;D;576313
Key Up;S;576778
Key Down;D;576906
Key Down;Z;576922
Key Up;D;577106
Key Down;D;577250
Key Up;D;577322
Key Down;D;577585
Key Up;Z;577705
Key Up;D;577721
Key Down;S;577817
Key Down;Q;578050
Key Up;Q;578218
Key Up;S;578290
Key Down;D;578338
Key Down;Z;578426
Key Up;D;578442
Key Up;Z;578538
Key Down;Z;578889
Key Down;D;579305
Key Up;D;579786
Key Up;Z;579874
Key Down;Z;580209
Key Down;D;580425
Key Up;Z;580561
Key Up;D;580842
Key Down;Q;581130
Key Up;Q;581202
Key Down;Q;581458
Key Up;Q;581546
Key Down;Z;581977
Key Up;Z;582137
Key Down;Q;582738
Key Down;Z;582746
Key Up;Q;582786
Key Up;Z;582897
Key Down;Z;583161
Key Up;Z;583321
Key Down;Z;584194
Key Up;Z;584433
Key Down;Z;584785
Key Up;Z;585250
Key Down;Z;585833
Key Up;Z;586025
Key Down;Q;586161
Key Down;S;586249
Key Up;S;586369
Key Down;S;586490
Key Up;Q;586602
Key Up;S;586658
Key Down;D;586778
Key Up;D;586946
Key Down;S;587401
Key Down;Q;587810
Key Up;Q;587978
Key Up;S;588234
Key Down;Z;588641
Key Down;Q;588785
Key Up;Z;588873
Key Up;Q;588945
Key Down;S;589073
Key Up;S;589273
Key Down;D;589666
Key Up;D;590057
Key Down;Q;590137
Key Up;Q;590257
Key Down;Z;590305
Key Down;D;590409
Key Up;Z;590521
Key Up;D;590577
Key Down;Z;591090
Key Up;Z;591457
Key Down;Q;592810
Key Down;Z;592849
Key Up;Z;592921
Key Up;Q;592937
Key Down;D;593490
Key Up;D;593594
Key Down;Z;593762
Key Up;Z;593842
Key Down;Z;594265
Key Up;Z;594361
Key Down;Z;596017
Key Up;Z;596338
Key Down;S;596562
Key Up;S;596730
Key Down;D;596810
Key Up;D;596874
Key Down;Z;596890
Key Down;D;597433
Key Up;Z;597449
Key Down;Z;597577
Key Up;D;597617
Key Down;D;598106
Key Up;Z;598537
Key Down;Z;598689
Key Down;Espace;598753
Key Up;D;598769
Key Down;D;598897
Key Up;Espace;598937
Key Up;D;599049
Key Up;Z;599065
Key Down;Q;599130
Key Down;S;599218
Key Up;Q;599626
Key Up;S;599698
Key Down;Z;599825
Key Up;Z;599953
Key Down;Z;600337
Key Down;Q;600401
Key Up;Q;600610
Key Down;Espace;600722
Key Down;Q;600738
Key Up;Espace;600930
Key Up;Q;601473
Key Down;D;601569
Key Up;D;601841
Key Up;Z;602138
Key Down;Z;602346
Key Up;Z;602402
Key Down;Q;602474
Key Down;Z;602546
Key Up;Q;602705
Key Down;D;603001
Key Up;D;603418
Key Down;Q;603466
Key Up;Q;603770
Key Down;D;603802
Key Up;D;604145
Key Down;D;604465
Key Up;D;604577
Key Down;Q;604649
Key Up;Q;604890
Key Down;Q;604994
Key Up;Q;605609
Key Down;Q;605769
Key Up;Q;606081
Key Down;D;606194
Key Up;D;606306
Key Down;D;606482
Key Up;D;606610
Key Down;Q;606658
Key Up;Q;606746
Key Down;Q;607265
Key Up;Q;607545
Key Down;Q;607706
Key Up;Z;607938
Key Down;S;608146
Key Up;Q;608385
Key Up;S;608473
Key Down;Q;608833
Key Down;S;608849
Key Up;S;609018
Key Up;Q;609138
Key Down;Z;609290
Key Down;Q;609338
Key Up;Q;609466
Key Up;Z;609554
Key Down;Q;609793
Key Down;Z;609969
Key Up;Z;610209
Key Up;Q;610297
Key Down;D;610506
Key Up;D;610570
Key Down;Q;610586
Key Down;Z;610634
Key Up;Q;610754
Key Down;D;610802
Key Up;Z;610874
Key Up;D;611441
Key Down;Q;611481
Key Down;S;611529
Key Up;Q;611673
Key Up;S;611737
Key Down;D;611753
Key Up;D;612146
Key Down;Q;612354
Key Down;Z;612457
Key Up;Q;612489
Key Down;D;612537
Key Up;D;612705
Key Up;Z;612793
Key Down;S;612929
Key Down;Q;613009
Key Up;S;613089
Key Down;Z;613274
Key Up;Z;613450
Key Down;S;613578
Key Up;S;613722
Key Up;Q;614057
Key Down;Z;614201
Key Up;Z;614305
Key Down;D;614337
Key Up;D;615521
Key Down;D;615849
Key Up;D;616178
Key Down;Q;616250
Key Down;Z;616290
Key Up;Q;616426
Key Up;Z;616514
Key Down;Z;616673
Key Down;Q;616753
Key Up;Z;616801
Key Down;Z;616905
Key Up;Q;616945
Key Down;D;617073
Key Up;D;617201
Key Up;Z;617225
Key Down;D;617385
Key Down;Z;617442
Key Up;D;617578
Key Up;Z;617650
Key Down;Z;617730
Key Up;Z;617802
Key Down;Q;618121
Key Down;Z;618209
Key Up;Q;618337
Key Down;Q;618593
Key Up;Q;618721
Key Down;Espace;619034
Key Up;Espace;619194
Key Down;Q;619673
Key Up;Z;619713
Key Up;Q;619793
Key Down;S;620602
Key Down;Q;620634
Key Up;Q;620810
Key Down;D;620865
Key Up;S;621273
Key Up;D;621289
Key Down;D;621681
Key Up;D;621810
Key Down;D;621922
Key Down;S;621994
Key Up;D;622146
Key Up;S;622234
Key Down;Z;625201
Key Down;Q;625337
Key Up;Q;625537
Key Down;Q;625849
Key Up;Z;625905
Key Up;Q;625922
Key Down;S;626034
Key Up;S;626258
Key Down;Z;626354
Key Down;D;626370
Key Up;D;626506
Key Down;Q;626562
Key Up;Q;626873
Key Up;Z;626905
Key Down;Z;626953
Key Down;D;627017
Key Up;D;627145
Key Down;D;627217
Key Up;Z;627370
Key Down;Z;627738
Key Up;D;627858
Key Down;D;627961
Key Up;D;628050
Key Down;Q;628081
Key Up;Z;628321
Key Down;Z;628497
Key Up;Q;628649
Key Down;D;628842
Key Up;D;629154
Key Up;Z;630057
Key Down;Z;630378
Key Up;Z;630482
Key Down;Q;630865
Key Down;S;630993
Key Up;Q;631017
Key Down;D;631105
Key Up;S;631265
Key Up;D;631297
Key Down;S;631634
Key Down;D;631770
Key Up;D;631930
Key Up;S;631954
Key Down;D;632217
Key Up;D;632481
Key Down;Q;632617
Key Up;Q;632713
Key Down;Q;633793
Key Up;Q;633937
Key Down;D;634009
Key Up;D;634129
Key Down;Z;634265
Key Down;D;634353
Key Up;D;634530
Key Down;D;634818
Key Down;Espace;635209
Key Up;Z;635273
Key Up;Espace;635377
Key Down;S;635497
Key Up;D;635633
Key Down;Q;635681
Key Up;Q;636018
Key Down;Q;636290
Key Up;Q;636409
Key Up;S;636433
Key Down;S;636561
Key Down;D;636697
Key Up;D;636769
Key Up;S;637538
Key Down;D;638385
Key Up;D;638513
Key Down;Z;638754
Key Up;Z;638874
Key Down;D;639026
Key Up;D;639154
Key Down;D;639273
Key Up;D;639457
Key Down;Z;639481
Key Up;Z;639601
Key Down;D;639833
Key Up;D;640098
Key Down;D;641145
Key Up;D;641402
Key Down;Z;642561
Key Down;D;642625
Key Up;Z;642721
Key Up;D;642745
Key Down;Z;643713
Key Down;Q;643729
Key Up;Z;643833
Key Up;Q;643889
Key Down;Q;645129
Key Up;Q;645297
Key Down;D;645609
Key Up;D;645706
Key Down;Q;647178
Key Up;Q;647370
Key Down;Q;647697
Key Up;Q;648089
Key Down;Q;648522
Key Down;Z;648946
Key Up;Z;649082
Key Down;S;649361
Key Up;S;649457
Key Down;Z;649649
Key Up;Q;649745
Key Up;Z;649777
Key Down;D;649793
Key Down;Z;650529
Key Up;Z;650697
Key Down;Z;651121
Key Up;Z;651306
Key Down;Z;651690
Key Up;Z;651921
Key Down;Z;652521
Key Up;Z;652754
Key Down;Z;652914
Key Up;Z;653042
Key Up;D;653050
Key Down;Q;653106
Key Up;Q;653146
Key Down;D;653162
Key Down;Z;653265
Key Up;D;653361
Key Down;D;653985
Key Up;Z;654114
Key Down;Z;654162
Key Up;D;654266
Key Down;Q;654378
Key Up;Q;654490
Key Down;D;654514
Key Up;Z;654618
Key Down;Z;654857
Key Up;Z;655065
Key Down;S;655217
Key Up;S;655698
Key Down;S;655738
Key Up;S;655962
Key Down;Z;656098
Key Up;Z;656241
Key Down;S;656385
Key Up;S;656505
Key Down;Z;656665
Key Up;Z;656801
Key Up;D;656970
Key Down;Q;657002
Key Down;S;657058
Key Up;S;657425
Key Down;Z;657641
Key Up;Z;657697
Key Down;Z;657785
Key Up;Z;657993
Key Down;Z;658466
Key Up;Z;658738
Key Down;S;658921
Key Up;S;659625
Key Down;Z;660074
Key Up;Z;660146
Key Down;S;660433
Key Up;Q;660593
Key Down;D;660689
Key Up;S;660745
Key Down;Q;661073
Key Up;D;661105
Key Down;S;661186
Key Up;S;661250
Key Down;S;661506
Key Up;S;661897
Key Down;Z;662465
Key Up;Q;662537
Key Down;D;662562
Key Up;Z;662634
Key Down;Q;662722
Key Up;D;662738
Key Down;S;662882
Key Up;S;663289
Key Up;Q;663361
Key Down;Z;663545
Key Down;D;663569
Key Up;Z;663809
Key Up;D;663841
Key Down;D;664098
Key Down;Z;664330
Key Up;Z;664402
Key Down;Z;664577
Key Up;Z;664729
Key Up;D;664841
Key Down;D;664993
Key Down;Z;665097
Key Up;D;665193
Key Up;Z;665265
Key Down;S;665394
Key Down;D;665698
Key Up;S;665722
Key Up;D;665786
Key Down;Z;665834
Key Up;Z;666057
Key Down;S;666201
Key Down;D;666241
Key Up;D;666537
Key Up;S;666585
Key Down;Z;666786
Key Down;D;666850
Key Up;Z;667178
Key Down;Z;667282
Key Up;D;667377
Key Down;Q;668041
Key Up;Q;668161
Key Down;D;668282
Key Up;D;668434
Key Down;Q;668586
Key Up;Q;668698
Key Down;D;668802
Key Up;D;668977
Key Down;D;669033
Key Up;D;669249
Key Down;D;669321
Key Up;D;669489
Key Down;D;670209
Key Up;D;670449
Key Down;D;670705
Key Up;D;670937
Key Up;Z;671290
Key Down;Z;671346
Key Down;Q;671362
Key Up;Q;671801
Key Down;D;671905
Key Up;D;672017
Key Down;D;672209
Key Up;D;672482
Key Down;D;672834
Key Up;D;673161
Key Down;Q;673313
Key Up;Z;673497
Key Down;Z;673721
Key Up;Q;673994
Key Up;Z;674441
Key Down;Z;675025
Key Up;Z;675562
Key Down;Echap;678785
Key Up;Echap;678881
Key Down;Droite;679241
Key Up;Droite;679289
Key Down;Bas;679570
Key Up;Bas;679634
Key Down;Bas;679698
Key Up;Bas;679770
Key Down;Bas;679842
Key Up;Bas;679914
Key Down;Bas;679977
Key Up;Bas;680050
Key Down;Bas;680129
Key Up;Bas;680201
Key Down;Entrée;680313
Key Up;Entrée;680369
Key Down;Entrée;680857
Key Up;Entrée;680938
