Event;Key;Time
Key Down;Left Alt;544
Key Down;Tab;593
Key Up;Left Alt;656
Key Up;Tab;752
Key Down;Point-virgule;5113
Key Up;Point-virgule;10689
Key Down;Point-virgule;11160
Key Up;Point-virgule;13577
Key Down;I;14008
Key Up;I;14112
Key Down;A;17633
Key Up;A;17769
Key Down;A;18257
Key Down;Point-virgule;18417
Key Up;Point-virgule;18577
Key Down;Point-virgule;18609
Key Up;A;18753
Key Up;Point-virgule;19168
Key Down;Point-virgule;50089
Key Down;Espace;51473
Key Up;Espace;51601
Key Down;A;51641
Key Up;A;52104
Key Up;Point-virgule;52472
Key Down;Point-virgule;52544
Key Up;Point-virgule;52640
Key Down;A;52760
Key Up;A;53736
Key Down;I;53800
Key Up;I;54568
Key Down;Point-virgule;56040
Key Down;Espace;58112
Key Up;Espace;58200
Key Down;A;59072
Key Up;A;59296
Key Down;A;60600
Key Up;A;60880
Key Down;A;60968
Key Up;A;61048
Key Down;A;61337
Key Up;Point-virgule;61481
Key Down;Point-virgule;62152
Key Up;A;62376
Key Down;I;62600
Key Up;Point-virgule;62984
Key Up;I;63752
Key Down;A;64088
Key Up;A;64377
Key Down;Point-virgule;67249
Key Up;Point-virgule;67640
Key Down;Point-virgule;69480
Key Up;Point-virgule;69576
Key Down;Point-virgule;69600
Key Up;Point-virgule;72256
Key Down;Point-virgule;73200
Key Up;Point-virgule;73344
Key Down;I;73360
Key Up;I;73712
Key Down;A;73912
Key Up;A;74049
Key Down;A;76440
Key Up;A;76520
Key Down;A;76560
Key Up;A;76608
Key Down;A;77624
Key Up;A;77752
Key Down;Point-virgule;79881
Key Up;Point-virgule;80592
Key Down;I;89816
Key Down;Point-virgule;90384
Key Up;I;91336
Key Down;A;93664
Key Up;A;93977
Key Up;Point-virgule;94216
Key Down;A;94304
Key Up;A;94824
Key Down;I;97936
Key Up;I;99440
Key Down;Point-virgule;100872
Key Up;Point-virgule;101296
Key Down;Point-virgule;102216
Key Down;Espace;102784
Key Up;Espace;102888
Key Down;I;103912
Key Up;I;104048
Key Down;A;104064
Key Up;A;104288
Key Down;I;105056
Key Up;I;105744
Key Up;Point-virgule;105816
Key Down;A;106104
Key Up;A;106376
Key Down;Point-virgule;109008
Key Up;Point-virgule;112128
Key Down;A;113560
Key Up;A;113832
Key Down;I;114504
Key Up;I;114728
Key Down;I;115008
Key Up;I;115160
Key Down;Point-virgule;115184
Key Down;A;115360
Key Up;Point-virgule;115472
Key Up;A;115552
Key Down;A;116768
Key Up;A;116808
Key Down;I;117536
Key Up;I;117624
Key Down;I;122048
Key Down;Point-virgule;122105
Key Up;I;123032
Key Down;A;123248
Key Up;A;123448
Key Up;Point-virgule;123824
Key Down;P;124024
Key Up;P;124152
Key Down;Point-virgule;124728
Key Up;Point-virgule;124992
Key Down;I;126776
Key Up;I;126960
Key Down;Point-virgule;128792
Key Up;Point-virgule;129336
Key Down;P;133080
Key Up;P;133240
Key Down;I;133656
Key Down;Point-virgule;133856
Key Up;I;134096
Key Up;Point-virgule;134720
Key Down;P;134888
Key Up;P;134968
Key Down;I;137688
Key Up;I;137776
Key Down;Point-virgule;138136
Key Up;Point-virgule;140736
Key Down;Point-virgule;141168
Key Down;I;142520
Key Up;I;142784
Key Up;Point-virgule;143168
Key Down;A;145024
Key Up;A;145152
Key Down;Point-virgule;171192
Key Down;Espace;176352
Key Up;Espace;176448
Key Down;Espace;177151
Key Up;Espace;177288
Key Down;I;178607
Key Up;Point-virgule;178632
Key Down;U;179184
Key Up;I;179264
Key Up;U;179784
Key Down;Point-virgule;180952
Key Up;Point-virgule;181239
Key Down;I;183248
Key Up;I;183328
Key Down;Point-virgule;183480
Key Down;A;183600
Key Up;A;183712
Key Up;Point-virgule;183784
Key Down;Point-virgule;189807
Key Up;Point-virgule;190464
Key Down;Point-virgule;192607
Key Up;Point-virgule;192663
Key Down;I;193480
Key Up;I;194200
Key Down;Point-virgule;195168
Key Up;Point-virgule;195279
Key Down;Point-virgule;195728
Key Down;A;196072
Key Up;A;196408
Key Up;Point-virgule;196488
Key Down;Point-virgule;201183
Key Down;I;202824
Key Up;I;203032
Key Up;Point-virgule;203144
Key Down;P;203352
Key Up;P;203464
Key Down;P;203919
Key Up;P;204047
Key Down;P;204320
Key Up;P;204464
Key Down;Point-virgule;204832
Key Up;Point-virgule;204936
Key Down;P;215151
Key Up;P;215255
Key Down;A;223008
Key Up;A;223479
Key Down;Point-virgule;223855
Key Up;Point-virgule;224112
Key Down;A;228192
Key Down;Point-virgule;229040
Key Up;A;229568
Key Up;Point-virgule;230128
Key Down;Point-virgule;237376
Key Down;A;237727
Key Up;Point-virgule;238007
Key Up;A;238312
Key Down;Point-virgule;240567
Key Down;A;240823
Key Up;A;241016
Key Up;Point-virgule;241352
Key Down;A;244296
Key Up;A;245552
Key Down;Point-virgule;245912
Key Up;Point-virgule;246087
Key Down;A;246463
Key Up;A;246576
Key Down;A;246616
Key Up;A;246744
Key Down;A;246784
Key Up;A;246856
Key Down;A;247527
Key Down;Point-virgule;248160
Key Up;A;248232
Key Down;A;249047
Key Up;A;249175
Key Up;Point-virgule;249191
Key Down;Point-virgule;254056
Key Up;Point-virgule;254759
Key Down;Point-virgule;255560
Key Down;A;255704
Key Up;Point-virgule;255839
Key Up;A;256223
Key Down;Point-virgule;256375
Key Up;Point-virgule;257112
Key Down;P;262280
Key Up;P;262368
Key Down;P;262448
Key Up;P;262544
Key Down;P;268432
Key Up;P;268536
Key Down;P;268616
Key Up;P;268704
Key Down;P;273471
Key Up;P;273583
Key Down;Point-virgule;279832
Key Down;A;281967
Key Up;A;282992
Key Up;Point-virgule;283080
Key Down;Point-virgule;288320
Key Down;Espace;288448
Key Up;Espace;288632
Key Down;P;288648
Key Up;Point-virgule;288696
Key Up;P;288728
Key Down;Point-virgule;289295
Key Up;Point-virgule;289848
Key Down;P;290367
Key Up;P;290431
Key Down;Point-virgule;290447
Key Up;Point-virgule;290551
Key Down;A;291376
Key Down;Point-virgule;291544
Key Up;A;292424
Key Down;Espace;294536
Key Up;Espace;294695
Key Down;A;297839
Key Up;Point-virgule;297863
Key Up;A;297991
Key Down;U;298112
Key Up;U;298400
Key Down;A;299023
Key Up;A;299167
Key Down;I;299552
Key Up;I;299664
Key Down;A;299848
Key Up;A;300000
Key Down;U;300088
Key Up;U;300207
Key Down;Point-virgule;327880
Key Down;Espace;329360
Key Up;Espace;329527
Key Down;I;331263
Key Up;Point-virgule;331287
Key Up;I;331535
Key Down;I;331872
Key Down;U;332119
Key Up;I;332247
Key Up;U;332423
Key Down;Point-virgule;336032
Key Down;I;337207
Key Up;I;337376
Key Down;I;337504
Key Up;Point-virgule;337520
Key Up;I;337863
Key Down;I;337903
Key Up;I;338135
Key Down;I;342839
Key Up;I;343128
Key Down;A;347288
Key Up;A;347440
Key Down;I;348423
Key Up;I;348640
Key Down;I;348792
Key Up;I;348904
Key Down;A;349295
Key Up;A;349543
Key Down;Point-virgule;349863
Key Up;Point-virgule;350408
Key Down;A;352327
Key Up;A;352407
Key Down;U;353623
Key Down;A;353871
Key Up;U;353935
Key Up;A;354352
Key Down;Point-virgule;356839
Key Up;Point-virgule;357168
Key Down;A;357208
Key Down;Point-virgule;357280
Key Up;A;357296
Key Up;Point-virgule;357448
Key Down;Point-virgule;358600
Key Up;Point-virgule;358784
Key Down;Point-virgule;359063
Key Up;Point-virgule;359559
Key Down;Point-virgule;361327
Key Up;Point-virgule;361416
Key Down;A;361807
Key Up;A;361871
Key Down;A;363056
Key Up;A;363647
Key Down;Point-virgule;367256
Key Up;Point-virgule;369984
Key Down;Point-virgule;370719
Key Up;Point-virgule;372271
Key Down;P;372567
Key Up;P;372736
Key Down;P;373127
Key Up;P;373335
Key Down;Point-virgule;373535
Key Down;I;373983
Key Up;I;374256
Key Down;P;374439
Key Up;P;374567
Key Down;P;374703
Key Up;P;374879
Key Down;P;375007
Key Up;P;375151
Key Down;P;375367
Key Up;Point-virgule;375415
Key Up;P;375496
Key Down;P;377783
Key Up;P;377903
Key Down;U;380695
Key Up;U;380847
Key Down;U;382287
Key Down;I;382712
Key Up;U;383735
Key Up;I;383775
Key Down;Point-virgule;384248
Key Up;Point-virgule;384463
Key Down;P;385383
Key Up;P;385512
Key Down;P;386023
Key Up;P;386127
Key Down;P;386631
Key Up;P;386743
Key Down;P;389623
Key Up;P;389744
Key Down;P;390047
Key Up;P;390183
Key Down;P;390391
Key Up;P;390527
Key Down;P;390679
Key Up;P;390807
Key Down;P;391072
Key Up;P;391216
Key Down;P;391399
Key Up;P;391519
Key Down;P;391695
Key Up;P;391807
Key Down;P;392175
Key Up;P;392295
Key Down;P;392472
Key Up;P;392592
Key Down;P;392927
Key Up;P;393039
Key Down;P;393359
Key Up;P;393503
Key Down;P;397247
Key Up;P;397407
Key Down;P;397847
Key Up;P;397999
Key Down;P;398359
Key Up;P;398503
Key Down;P;398823
Key Up;P;398959
Key Down;P;399327
Key Up;P;399439
Key Down;P;399544
Key Up;P;399608
Key Down;P;399704
Key Up;P;399783
Key Down;P;399895
Key Up;P;399967
Key Down;P;400055
Key Up;P;400167
Key Down;P;400263
Key Up;P;400383
Key Down;P;400463
Key Up;P;400575
Key Down;Point-virgule;400895
Key Down;P;402743
Key Up;Point-virgule;402791
Key Up;P;402871
Key Down;Point-virgule;403175
Key Down;I;403999
Key Up;I;404127
Key Down;A;406031
Key Up;A;406119
Key Up;Point-virgule;406143
Key Down;Point-virgule;406319
Key Up;Point-virgule;406656
Key Down;Point-virgule;407503
Key Up;Point-virgule;407647
Key Down;I;408024
Key Up;I;408375
Key Down;I;408767
Key Up;I;408911
Key Down;I;409560
Key Up;I;409679
Key Down;I;409935
Key Up;I;410071
Key Down;A;410391
Key Up;A;410447
Key Down;Point-virgule;410912
Key Up;Point-virgule;410968
Key Down;Point-virgule;411775
Key Up;Point-virgule;411863
Key Down;P;412240
Key Up;P;412336
Key Down;A;412495
Key Down;Point-virgule;412663
Key Up;A;412871
Key Down;A;413631
Key Up;A;413783
Key Down;A;414471
Key Up;A;414903
Key Down;Espace;415951
Key Up;Espace;416151
Key Down;A;416167
Key Up;Point-virgule;416271
Key Down;U;416487
Key Up;A;416559
Key Up;U;416927
Key Down;Point-virgule;420167
Key Up;Point-virgule;420319
Key Down;Point-virgule;422631
Key Up;Point-virgule;423375
Key Down;Point-virgule;424255
Key Up;Point-virgule;424463
Key Down;Point-virgule;424727
Key Up;Point-virgule;425095
Key Down;A;429599
Key Up;A;430383
Key Down;Point-virgule;432087
Key Up;Point-virgule;432311
Key Down;A;432823
Key Up;A;433071
Key Down;I;433671
Key Up;I;433983
Key Down;Point-virgule;434631
Key Up;Point-virgule;435023
Key Down;A;435207
Key Up;A;435607
Key Down;Point-virgule;435727
Key Up;Point-virgule;436279
Key Down;Point-virgule;436391
Key Up;Point-virgule;437839
Key Down;I;438207
Key Down;Point-virgule;439415
Key Up;I;439847
Key Up;Point-virgule;440087
Key Down;Point-virgule;440919
Key Up;Point-virgule;441335
Key Down;Point-virgule;442103
Key Up;Point-virgule;443311
Key Down;I;447111
Key Up;I;447279
Key Down;Point-virgule;447551
Key Up;Point-virgule;447799
Key Down;Point-virgule;448079
Key Down;P;449735
Key Up;Point-virgule;449807
Key Up;P;449831
Key Down;P;450143
Key Up;P;450278
Key Down;A;450527
Key Up;A;450655
Key Down;I;451367
Key Up;I;451439
Key Down;Point-virgule;451687
Key Up;Point-virgule;451727
Key Down;P;452575
Key Up;P;452671
Key Down;I;452991
Key Up;I;453151
Key Down;Point-virgule;454191
Key Down;Espace;454935
Key Up;Espace;455135
Key Down;I;455239
Key Up;I;456567
Key Down;A;457463
Key Up;A;458095
Key Down;A;458943
Key Down;P;459359
Key Up;P;459527
Key Up;A;460255
Key Down;Espace;461791
Key Up;Espace;462015
Key Down;P;462743
Key Up;P;462902
Key Up;Point-virgule;462950
Key Down;I;463463
Key Down;A;463767
Key Up;I;463783
Key Up;A;464310
Key Down;A;464374
Key Up;A;464679
Key Down;A;465383
Key Up;A;465806
Key Down;Point-virgule;465983
Key Up;Point-virgule;466495
Key Down;Point-virgule;469079
Key Up;Point-virgule;469503
Key Down;A;469599
Key Up;A;469647
Key Down;I;474023
Key Up;I;474286
Key Down;U;476199
Key Up;U;476351
Key Down;I;478935
Key Up;I;479135
Key Down;I;485359
Key Up;I;485606
Key Down;Point-virgule;487623
Key Down;A;488031
Key Up;Point-virgule;488246
Key Up;A;488398
Key Down;Point-virgule;488951
Key Up;Point-virgule;490815
Key Down;U;491031
Key Up;U;491503
Key Down;Point-virgule;491623
Key Up;Point-virgule;492367
Key Down;Point-virgule;495199
Key Up;Point-virgule;496007
Key Down;Point-virgule;497135
Key Up;Point-virgule;497575
Key Down;A;498647
Key Down;Point-virgule;498751
Key Up;A;499031
Key Down;P;500039
Key Up;Point-virgule;500063
Key Up;P;500183
Key Down;Point-virgule;500335
Key Down;I;502879
Key Up;Point-virgule;503295
Key Up;I;503918
Key Down;I;504006
Key Up;I;504351
Key Down;I;504527
Key Up;I;504631
Key Down;I;504655
Key Up;I;504839
Key Down;Point-virgule;505046
Key Up;Point-virgule;505222
Key Down;I;505495
Key Up;I;505647
Key Down;U;505695
Key Up;U;505879
Key Down;A;506566
Key Up;A;506614
Key Down;Point-virgule;506823
Key Up;Point-virgule;506871
Key Down;A;507119
Key Up;A;507175
Key Down;Point-virgule;507471
Key Up;Point-virgule;507551
Key Down;P;509438
Key Up;P;509534
Key Down;A;509775
Key Down;Point-virgule;509975
Key Up;A;510151
Key Down;Espace;512511
Key Up;Espace;512679
Key Down;A;513542
Key Up;A;513646
Key Down;A;513983
Key Up;Point-virgule;514031
Key Up;A;514303
Key Down;A;514815
Key Up;A;514879
Key Down;I;516127
Key Down;Point-virgule;516263
Key Up;I;516294
Key Up;Point-virgule;516911
Key Down;A;517159
Key Up;A;517263
Key Down;Point-virgule;521079
Key Up;Point-virgule;521199
Key Down;Point-virgule;521495
Key Up;Point-virgule;521567
Key Down;Point-virgule;521919
Key Up;Point-virgule;522142
Key Down;Point-virgule;522639
Key Up;Point-virgule;523383
Key Down;Point-virgule;526278
Key Up;Point-virgule;526446
Key Down;Point-virgule;527167
Key Up;Point-virgule;527303
Key Down;Point-virgule;527750
Key Up;Point-virgule;528023
Key Down;Point-virgule;528351
Key Down;Espace;529086
Key Up;Espace;529214
Key Up;Point-virgule;531646
Key Down;Point-virgule;532647
Key Up;Point-virgule;533214
Key Down;Point-virgule;533342
Key Up;Point-virgule;538183
Key Down;Point-virgule;538343
Key Up;Point-virgule;538423
Key Down;Point-virgule;538710
Key Up;Point-virgule;538814
Key Down;Point-virgule;544518
Key Up;Point-virgule;544839
Key Down;Point-virgule;548327
Key Down;P;550807
Key Up;Point-virgule;550863
Key Up;P;550927
Key Down;I;551047
Key Up;I;551734
Key Down;Point-virgule;551990
Key Down;I;552215
Key Up;Point-virgule;552263
Key Up;I;552375
Key Down;A;552775
Key Up;A;552886
Key Down;U;553278
Key Down;I;553374
Key Up;U;553431
Key Up;I;553479
Key Down;Point-virgule;554470
Key Up;Point-virgule;554574
Key Down;Point-virgule;579742
Key Up;Point-virgule;579902
Key Down;Point-virgule;580535
Key Down;Espace;581126
Key Up;Espace;581222
Key Down;I;587511
Key Up;I;587727
Key Down;A;587854
Key Up;Point-virgule;588006
Key Up;A;588590
Key Down;Point-virgule;589374
Key Up;Point-virgule;589582
Key Down;Point-virgule;589934
Key Up;Point-virgule;590391
Key Down;P;590487
Key Up;P;590599
Key Down;Point-virgule;591022
Key Up;Point-virgule;591471
Key Down;I;591703
Key Up;I;591799
Key Down;U;592566
Key Up;U;592694
Key Down;Point-virgule;598270
Key Down;I;600263
Key Up;Point-virgule;601367
Key Up;I;601895
Key Down;U;602038
Key Down;A;602166
Key Up;U;602174
Key Up;A;602254
Key Down;I;602574
Key Up;I;602670
Key Down;I;602871
Key Down;Point-virgule;602919
Key Up;I;602967
Key Up;Point-virgule;603079
Key Down;A;603678
Key Up;A;603710
Key Down;Point-virgule;604102
Key Up;Point-virgule;604175
Key Down;A;605238
Key Up;A;605278
Key Down;A;612102
Key Up;A;612182
Key Down;P;613422
Key Up;P;613502
Key Down;A;613686
Key Down;Point-virgule;613966
Key Up;A;614078
Key Down;Espace;616406
Key Up;Espace;616550
Key Down;I;619286
Key Up;I;619590
Key Down;Espace;620039
Key Up;Espace;620230
Key Up;Point-virgule;620358
Key Down;Point-virgule;620990
Key Up;Point-virgule;621263
Key Down;Point-virgule;637262
Key Up;Point-virgule;637630
Key Down;U;638062
Key Up;U;638207
Key Down;Point-virgule;641446
Key Up;Point-virgule;642206
Key Down;I;642615
Key Up;I;642894
Key Down;Point-virgule;643783
Key Up;Point-virgule;644111
Key Down;I;644414
Key Up;I;644566
Key Down;Point-virgule;645814
Key Up;Point-virgule;646262
Key Down;I;646574
Key Up;I;646895
Key Down;I;647750
Key Up;I;647982
Key Down;I;648446
Key Up;I;648558
Key Down;U;648662
Key Up;U;649110
Key Down;A;649214
Key Down;Point-virgule;649559
Key Up;A;649838
Key Up;Point-virgule;649918
Key Down;I;651862
Key Down;Point-virgule;652247
Key Up;I;654302
Key Up;Point-virgule;654422
Key Down;A;654558
Key Down;I;655006
Key Up;I;655062
Key Down;I;655095
Key Up;I;655319
Key Down;I;655518
Key Down;Point-virgule;655630
Key Up;I;655750
Key Up;Point-virgule;655838
Key Down;U;656086
Key Up;A;656406
Key Down;I;656511
Key Up;U;656607
Key Down;U;656974
Key Up;I;656998
Key Down;A;657142
Key Up;A;657294
Key Up;U;657398
Key Down;I;658782
Key Up;I;659030
Key Down;Point-virgule;659094
Key Up;Point-virgule;659391
Key Down;I;659487
Key Up;I;660222
Key Down;I;662758
Key Up;I;663022
Key Down;I;665494
Key Down;Point-virgule;665574
Key Up;I;667919
Key Up;Point-virgule;669335
Key Down;Point-virgule;671014
Key Down;I;671102
Key Up;I;671990
Key Up;Point-virgule;673286
Key Down;A;673455
Key Down;Point-virgule;673822
Key Up;Point-virgule;674774
Key Up;A;674903
Key Down;I;675566
Key Up;I;675686
Key Down;I;676070
Key Up;I;676278
Key Down;A;676351
Key Up;A;677711
Key Down;Point-virgule;677998
Key Up;Point-virgule;678558
Key Down;Point-virgule;679670
Key Up;Point-virgule;679862
Key Down;Point-virgule;680054
Key Down;I;680070
Key Up;I;680406
Key Down;P;681438
Key Up;P;681582
Key Down;A;683415
Key Up;Point-virgule;683479
Key Down;Point-virgule;683535
Key Up;A;683583
Key Up;Point-virgule;683663
Key Down;P;683750
Key Up;P;683846
Key Down;Point-virgule;685926
Key Down;P;686054
Key Up;P;686231
Key Up;Point-virgule;686734
Key Down;P;688846
Key Up;P;688894
Key Down;P;693766
Key Up;P;693878
Key Down;Point-virgule;694679
Key Up;Point-virgule;694815
Key Down;P;695230
Key Up;P;695302
Key Down;A;695446
Key Down;Point-virgule;695694
Key Up;A;696095
Key Up;Point-virgule;696966
Key Down;I;697062
Key Down;Point-virgule;697230
Key Up;I;697286
Key Down;Espace;701998
Key Up;Espace;702086
Key Down;Espace;703502
Key Up;Espace;703606
Key Down;A;705038
Key Up;Point-virgule;705158
Key Up;A;705198
Key Down;I;705750
Key Down;U;705902
Key Up;I;705934
Key Up;U;706478
Key Down;1;750830
Key Up;1;750982
Key Down;1;751470
Key Up;1;751574
Key Down;Echap;752358
Key Up;Echap;752486
Key Down;1;755638
Key Up;1;755694
Key Down;1;756254
Key Up;1;756381
Key Down;Echap;756750
Key Up;Echap;756878
Key Down;Point-virgule;762734
Key Up;Point-virgule;762894
Key Down;I;764438
Key Up;I;764622
Key Down;Point-virgule;764646
Key Up;Point-virgule;764861
Key Down;Point-virgule;765174
Key Down;Espace;765566
Key Up;Espace;765782
Key Up;Point-virgule;765990
Key Down;Point-virgule;766534
Key Up;Point-virgule;767014
Key Down;I;767070
Key Down;Point-virgule;767182
Key Up;I;767382
Key Down;I;768558
Key Up;I;768742
Key Down;I;769982
Key Up;Point-virgule;770342
Key Down;Point-virgule;771166
Key Up;I;771206
Key Down;A;772054
Key Up;A;773126
Key Up;Point-virgule;773349
Key Down;I;773918
Key Up;I;773990
Key Down;I;775102
Key Down;Point-virgule;775166
Key Up;I;775262
Key Down;A;775742
Key Up;A;777581
Key Down;I;778238
Key Up;I;779190
Key Down;I;779478
Key Up;I;780006
Key Down;Espace;780110
Key Up;Espace;780373
Key Down;I;780437
Key Up;Point-virgule;782206
Key Up;I;782230
Key Down;I;782598
Key Up;I;782758
Key Down;Point-virgule;783006
Key Up;Point-virgule;783710
Key Down;Point-virgule;784358
Key Up;Point-virgule;785877
Key Down;Point-virgule;786246
Key Up;Point-virgule;786470
Key Down;Point-virgule;786718
Key Up;Point-virgule;787309
Key Down;Point-virgule;787405
Key Down;Espace;788054
Key Up;Espace;788302
Key Down;I;788630
Key Up;I;788893
Key Down;I;788966
Key Up;I;789166
Key Up;Point-virgule;789270
Key Down;Point-virgule;789910
Key Down;Espace;791070
Key Up;Espace;791246
Key Up;Point-virgule;793254
Key Down;Point-virgule;793278
Key Down;A;793502
Key Up;A;794397
Key Down;A;794702
Key Up;Point-virgule;794990
Key Down;Point-virgule;795342
Key Up;A;795622
Key Up;Point-virgule;796246
Key Down;Espace;796758
Key Down;A;796918
Key Down;Point-virgule;796974
Key Up;Espace;797014
Key Up;A;797118
Key Up;Point-virgule;797158
Key Down;Point-virgule;797806
Key Down;Espace;801118
Key Up;Espace;801325
Key Down;A;802110
Key Up;A;802326
Key Up;Point-virgule;803150
Key Down;I;803230
Key Down;Point-virgule;803254
Key Up;I;803494
Key Down;Espace;803998
Key Down;I;804245
Key Up;Espace;804261
Key Up;I;804526
Key Up;Point-virgule;804734
Key Down;Espace;804998
Key Up;Espace;805054
Key Down;Espace;806470
Key Up;Espace;806654
Key Down;Point-virgule;806870
Key Up;Point-virgule;806989
Key Down;Point-virgule;808358
Key Up;Point-virgule;808589
Key Down;Point-virgule;809134
Key Down;Espace;809622
Key Up;Espace;809925
Key Down;Espace;810318
Key Up;Espace;810374
Key Up;Point-virgule;810430
Key Down;Espace;810670
Key Down;Point-virgule;810718
Key Up;Espace;811006
Key Up;Point-virgule;811030
Key Down;Point-virgule;812629
Key Down;A;813038
Key Up;A;813134
Key Down;A;813414
Key Up;A;813574
Key Down;A;813998
Key Up;A;815701
Key Up;Point-virgule;818206
Key Down;I;818429
Key Up;I;818870
Key Down;Point-virgule;822022
Key Up;Point-virgule;822182
Key Down;Point-virgule;822813
Key Up;Point-virgule;823214
Key Down;Point-virgule;823838
Key Up;Point-virgule;823949
Key Down;Espace;823958
Key Down;Point-virgule;824149
Key Up;Espace;824213
Key Up;Point-virgule;824398
Key Down;Point-virgule;824998
Key Down;I;825054
Key Up;I;825397
Key Up;Point-virgule;825557
Key Down;Point-virgule;825910
Key Down;Espace;826150
Key Up;Espace;826454
Key Up;Point-virgule;826542
Key Down;Point-virgule;826789
Key Down;Espace;826853
Key Up;Espace;827061
Key Up;Point-virgule;827085
Key Down;Point-virgule;827182
Key Up;Point-virgule;827294
Key Down;Point-virgule;827574
Key Up;Point-virgule;828181
Key Down;I;828261
Key Down;Point-virgule;828301
Key Up;I;828517
Key Up;Point-virgule;828886
Key Down;Point-virgule;829206
Key Down;A;829390
Key Up;A;829685
Key Down;Espace;829877
Key Up;Espace;830158
Key Down;Espace;831566
Key Up;Espace;831838
Key Down;I;831870
Key Up;I;832557
Key Down;Espace;832733
Key Up;Espace;832926
Key Down;Espace;833606
Key Up;Espace;833654
Key Down;Espace;833742
Key Up;Espace;834029
Key Down;Espace;834246
Key Up;Espace;834670
Key Down;I;834854
Key Up;I;835046
Key Up;Point-virgule;835269
Key Down;I;835325
Key Down;Point-virgule;835373
Key Up;I;835389
Key Down;A;835477
Key Up;A;837102
Key Up;Point-virgule;837622
Key Down;Point-virgule;838085
Key Up;Point-virgule;838325
Key Down;U;838758
Key Up;U;838886
Key Down;Point-virgule;843022
Key Down;A;843661
Key Up;A;844182
Key Down;A;845014
Key Up;A;845429
Key Up;Point-virgule;845614
Key Down;A;846893
Key Down;Point-virgule;847182
Key Up;A;847198
Key Up;Point-virgule;847750
Key Down;U;850022
Key Up;U;850286
Key Down;Point-virgule;851510
Key Down;A;851758
Key Up;Point-virgule;851894
Key Down;E;852453
Key Up;E;852598
Key Up;A;852830
Key Down;A;853070
Key Down;E;853118
Key Up;E;853358
Key Down;Point-virgule;853469
Key Up;A;853581
Key Down;E;853757
Key Up;E;853901
Key Down;E;854062
Key Up;E;854174
Key Down;E;854326
Key Up;E;854438
Key Down;E;854590
Key Up;E;854734
Key Up;Point-virgule;854909
Key Down;E;856677
Key Up;E;856773
Key Down;E;857350
Key Up;E;857534
Key Down;A;858870
Key Up;A;859742
Key Down;A;861086
Key Down;Point-virgule;861166
Key Up;A;861630
Key Down;A;861846
Key Up;A;862237
Key Down;Espace;864326
Key Up;Espace;864518
Key Up;Point-virgule;865598
Key Down;I;865614
Key Down;Point-virgule;866165
Key Up;I;866245
Key Up;Point-virgule;867893
Key Down;Point-virgule;871286
Key Down;A;871558
Key Up;Point-virgule;871845
Key Up;A;871909
Key Down;A;872502
Key Up;A;872822
Key Down;I;873637
Key Up;I;874038
Key Down;Point-virgule;876493
Key Up;Point-virgule;876525
Key Down;I;877014
Key Up;I;877278
Key Down;U;877469
Key Up;U;877685
Key Down;Point-virgule;877925
Key Down;I;878598
Key Up;I;878694
Key Down;A;878877
Key Up;Point-virgule;879309
Key Up;A;880733
Key Down;Point-virgule;880789
Key Up;Point-virgule;881414
Key Down;Point-virgule;882197
Key Up;Point-virgule;882358
Key Down;A;885302
Key Up;A;885789
Key Down;A;887253
Key Up;A;887773
Key Down;I;887934
Key Up;I;888166
Key Down;U;888893
Key Down;A;889141
Key Up;U;889181
Key Down;Point-virgule;889710
Key Up;A;889894
Key Down;A;889990
Key Up;A;890141
Key Down;A;890365
Key Up;Point-virgule;890501
Key Up;A;892149
Key Down;I;893229
Key Up;I;893453
Key Down;Point-virgule;893814
Key Up;Point-virgule;894158
Key Down;A;894509
Key Up;A;894589
Key Down;I;895518
Key Up;I;896101
Key Down;A;896806
Key Down;Point-virgule;896918
Key Up;A;897045
Key Up;Point-virgule;897062
Key Down;Point-virgule;897493
Key Up;Point-virgule;897829
Key Down;A;900662
Key Up;A;901214
Key Down;I;904181
Key Up;I;904333
Key Down;U;905278
Key Up;U;905493
Key Down;Point-virgule;907261
Key Up;Point-virgule;907565
Key Down;Point-virgule;907974
Key Up;Point-virgule;908733
Key Down;Point-virgule;908757
Key Up;Point-virgule;908925
Key Down;Point-virgule;912749
Key Up;Point-virgule;915461
Key Down;Point-virgule;916742
Key Down;Espace;917013
Key Up;Espace;917213
Key Down;Espace;917710
Key Up;Espace;917878
Key Down;Espace;918589
Key Up;Espace;918781
Key Up;Point-virgule;920405
Key Down;A;925813
Key Down;Point-virgule;926093
Key Up;A;926693
Key Up;Point-virgule;926709
Key Down;Point-virgule;928157
Key Up;Point-virgule;928205
Key Down;Point-virgule;928229
Key Up;Point-virgule;928797
Key Down;Point-virgule;930334
Key Down;Espace;931413
Key Up;Espace;931645
Key Down;A;932046
Key Up;A;932341
Key Down;I;933230
Key Up;Point-virgule;933494
Key Down;Point-virgule;934485
Key Up;I;934606
Key Up;Point-virgule;935229
Key Down;Point-virgule;935485
Key Up;Point-virgule;935781
Key Down;Point-virgule;936286
Key Up;Point-virgule;936517
Key Down;Point-virgule;936901
Key Up;Point-virgule;937133
Key Down;Espace;938205
Key Up;Espace;938413
Key Down;I;939525
Key Up;I;939829
Key Down;A;940093
Key Up;A;941413
Key Down;Point-virgule;942661
Key Down;A;944101
Key Up;A;944774
Key Down;I;945373
Key Up;I;945629
Key Down;I;945781
Key Up;I;946150
Key Up;Point-virgule;948846
Key Down;Point-virgule;949461
Key Up;Point-virgule;949605
Key Down;Point-virgule;952293
Key Up;Point-virgule;952541
Key Down;A;952757
Key Up;A;952845
Key Down;Point-virgule;953637
Key Up;Point-virgule;954093
