Event;Key;Time
Key Down;Z;3714
Key Up;Z;4025
Key Down;S;4193
Key Down;Q;4369
Key Up;S;4450
Key Down;D;4530
Key Down;Z;4626
Key Up;D;4698
Key Up;Z;4882
Key Down;D;4986
Key Up;Q;5010
Key Down;Q;5210
Key Up;D;5234
Key Up;Q;5409
Key Down;S;5601
Key Up;S;5761
Key Down;Espace;5850
Key Up;Espace;5946
Key Down;Espace;6722
Key Up;Espace;6913
Key Down;Espace;7562
Key Up;Espace;7682
Key Down;Espace;8666
Key Up;Espace;8738
Key Down;Espace;9585
Key Up;Espace;9665
Key Down;Echap;11049
Key Up;Echap;11121
Key Down;Left Alt;15730
Key Down;Tab;15858
Key Up;Tab;16026
Key Up;Left Alt;18217
Key Up;Left Control;19301
Key Down;Point-virgule;23474
Key Up;Point-virgule;23641
Key Down;Echap;23785
Key Up;Echap;23897
Key Down;Point-virgule;24250
Key Up;Point-virgule;24674
Key Down;A;24858
Key Up;A;25090
Key Down;Point-virgule;25289
Key Up;Point-virgule;25521
Key Down;A;25706
Key Up;A;25850
Key Down;Echap;26378
Key Up;Echap;26426
Key Down;Point-virgule;33737
Key Up;Point-virgule;33817
Key Down;U;34818
Key Up;U;34913
Key Down;A;35554
Key Up;A;35658
Key Down;I;36337
Key Up;I;36417
Key Down;Espace;37242
Key Up;Espace;37306
Key Down;Left Shift;38562
Key Up;Left Shift;38642
Key Down;Left Control;39513
Key Up;Left Control;39617
Key Down;B;45009
Key Up;B;45089
Key Down;E;63289
Key Up;E;63337
Key Down;E;66938
Key Up;E;67066
Key Down;E;67513
Key Up;E;67793
Key Down;Point-virgule;67897
Key Down;E;68898
Key Up;E;70985
Key Down;Espace;75057
Key Up;Espace;75137
Key Down;Left Shift;75682
Key Up;Left Shift;75986
Key Down;Left Control;76473
Key Up;Left Control;76714
Key Down;Espace;77345
Key Up;Espace;77537
Key Down;Espace;78210
Key Up;Espace;78426
Key Down;Espace;78850
Key Up;Espace;79017
Key Down;Espace;79457
Key Up;Espace;79618
Key Down;Espace;80281
Key Up;Espace;80417
Key Down;Espace;80962
Key Up;Espace;81106
Key Down;Espace;81793
Key Up;Espace;82001
Key Down;Espace;83129
Key Up;Espace;83241
Key Up;Point-virgule;84369
Key Down;Espace;89017
Key Up;Espace;89121
Key Down;Tab;97121
Key Up;Tab;97426
Key Down;Echap;98089
Key Up;Echap;98241
Key Down;Echap;100418
Key Up;Echap;100530
Key Down;Echap;101234
Key Up;Echap;101386
Key Down;Echap;101833
Key Up;Echap;101977
Key Down;Echap;103906
Key Up;Echap;104058
Key Down;Echap;104417
Key Up;Echap;104505
Key Down;Point-virgule;104777
Key Down;A;108226
Key Up;Point-virgule;108298
Key Up;A;108425
Key Down;U;108753
Key Up;U;108905
Key Down;Tab;112450
Key Up;Tab;113858
Key Down;Point-virgule;114049
Key Up;Point-virgule;116161
Key Down;I;116289
Key Up;I;116849
Key Down;A;116993
Key Down;Point-virgule;117553
Key Up;Point-virgule;118121
Key Up;A;118746
Key Down;A;119321
Key Up;A;119465
Key Down;I;122681
Key Down;Point-virgule;122890
Key Up;I;123561
Key Down;I;124065
Key Up;Point-virgule;124769
Key Up;I;124817
Key Down;I;125097
Key Up;I;125297
Key Down;A;125634
Key Up;A;126353
Key Down;A;126393
Key Up;A;126473
Key Down;Point-virgule;126817
Key Up;Point-virgule;127146
Key Down;A;127777
Key Up;A;128017
Key Down;I;129049
Key Down;Point-virgule;129185
Key Up;I;129233
Key Up;Point-virgule;129449
Key Down;I;129842
Key Down;Point-virgule;130034
Key Up;I;130361
Key Down;I;131001
Key Up;I;131129
Key Up;Point-virgule;131322
Key Down;A;132465
Key Up;A;132585
Key Down;A;133521
Key Up;A;133713
Key Down;I;133969
Key Up;I;134282
Key Down;U;134306
Key Down;I;134617
Key Up;U;134641
Key Up;I;135033
Key Down;A;143137
Key Down;Point-virgule;143369
Key Up;A;143905
Key Up;Point-virgule;144066
Key Down;B;145729
Key Up;B;145849
Key Down;B;146377
Key Up;B;146802
Key Down;B;146898
Key Up;B;147010
Key Down;Point-virgule;151026
Key Up;Point-virgule;151361
Key Down;Point-virgule;152698
Key Down;A;153337
Key Up;Point-virgule;153457
Key Up;A;153850
Key Down;Point-virgule;154201
Key Up;Point-virgule;157497
Key Down;A;157969
Key Up;A;158106
Key Down;U;158489
Key Down;I;158673
Key Up;U;158737
Key Down;U;158833
Key Up;I;158849
Key Up;U;159089
Key Down;Point-virgule;182937
Key Up;Point-virgule;186329
Key Down;A;186345
Key Down;Point-virgule;187049
Key Up;A;187089
Key Up;Point-virgule;188298
Key Down;P;193169
Key Up;P;193337
Key Down;P;194057
Key Up;P;194241
Key Down;U;195049
Key Up;U;195065
Key Down;O;195441
Key Up;O;195561
Key Down;P;196177
Key Up;P;196297
Key Down;P;196401
Key Up;P;196505
Key Down;P;196601
Key Up;P;196689
Key Down;U;197225
Key Up;U;197393
Key Down;I;197649
Key Up;I;197785
Key Down;A;198329
Key Down;Point-virgule;198441
Key Up;Point-virgule;198473
Key Up;A;198497
Key Down;Point-virgule;198777
Key Up;Point-virgule;198929
Key Down;E;199129
Key Up;E;199257
Key Down;Echap;200593
Key Up;Echap;200697
Key Down;P;264600
Key Up;P;264681
Key Down;P;267953
Key Up;P;268057
Key Down;Point-virgule;269449
Key Up;Point-virgule;269769
Key Down;Point-virgule;269929
Key Down;I;270072
Key Up;Point-virgule;270088
Key Up;I;270377
Key Down;A;271185
Key Down;Point-virgule;271329
Key Up;A;271400
Key Up;Point-virgule;272201
Key Down;P;272297
Key Up;P;272521
Key Down;I;274280
Key Down;Point-virgule;274697
Key Up;I;274833
Key Down;Tab;275193
Key Up;Tab;275553
Key Down;Tab;275840
Key Up;Tab;276121
Key Down;A;277505
Key Up;A;278305
Key Up;Point-virgule;278408
Key Down;U;279073
Key Up;U;279185
Key Down;Tab;279313
Key Up;Tab;283881
Key Down;Point-virgule;284592
Key Up;Point-virgule;285489
Key Down;A;285641
Key Down;Point-virgule;285793
Key Up;A;285833
Key Down;I;288049
Key Up;Point-virgule;288089
Key Up;I;288409
Key Down;A;288600
Key Down;Point-virgule;288752
Key Up;A;289009
Key Down;Espace;289497
Key Up;Espace;289625
Key Down;Espace;292609
Key Up;Espace;292769
Key Up;Point-virgule;293353
Key Down;Point-virgule;293793
Key Up;Point-virgule;296177
Key Down;U;296441
Key Up;U;296865
Key Down;Point-virgule;297697
Key Down;A;298905
Key Up;A;299065
Key Up;Point-virgule;302193
Key Down;A;302624
Key Down;Point-virgule;302880
Key Up;A;303016
Key Down;A;303785
Key Up;Point-virgule;303809
Key Up;A;304049
Key Down;I;304120
Key Up;I;304416
Key Down;Point-virgule;304585
Key Up;Point-virgule;304713
Key Down;Point-virgule;305792
Key Down;Espace;309129
Key Up;Espace;309313
Key Up;Point-virgule;310257
Key Down;P;310377
Key Up;P;310513
Key Down;P;311041
Key Up;P;311161
Key Down;P;311384
Key Up;P;311520
Key Down;P;311697
Key Up;P;311817
Key Down;P;320241
Key Up;P;320385
Key Down;P;320489
Key Up;P;320617
Key Down;P;320721
Key Up;P;320841
Key Down;P;320929
Key Up;P;321025
Key Down;P;321112
Key Up;P;321208
Key Down;P;321304
Key Up;P;321376
Key Up;P;321561
Key Down;P;321673
Key Up;P;321729
Key Down;P;321849
Key Up;P;321905
Key Down;P;322440
Key Up;P;322568
Key Down;P;323281
Key Up;P;323393
Key Down;P;323537
Key Up;P;323641
Key Down;P;323729
Key Up;P;323824
Key Down;Point-virgule;326217
Key Up;Point-virgule;326361
Key Down;P;330649
Key Up;P;330737
Key Down;I;331048
Key Up;I;331160
Key Down;A;331280
Key Up;A;331400
Key Down;A;331937
Key Down;Point-virgule;332240
Key Up;A;332376
Key Down;P;334433
Key Up;Point-virgule;334465
Key Up;P;334513
Key Down;P;334617
Key Up;P;334697
Key Down;P;334825
Key Up;P;334929
Key Down;U;335328
Key Up;U;335496
Key Down;U;335961
Key Up;U;336089
Key Down;Point-virgule;337048
Key Down;Espace;338184
Key Up;Espace;338336
Key Up;Point-virgule;341256
Key Down;P;341337
Key Up;P;341449
Key Down;U;341857
Key Down;A;342104
Key Up;U;342137
Key Down;P;342496
Key Up;P;342648
Key Down;P;342873
Key Up;P;342977
Key Up;A;343169
Key Down;Point-virgule;343472
Key Down;Espace;344545
Key Up;Espace;344657
Key Up;Point-virgule;349001
Key Down;U;349424
Key Down;I;349825
Key Up;I;349929
Key Up;U;350161
Key Down;Point-virgule;375008
Key Down;A;375977
Key Up;A;376296
Key Up;Point-virgule;378144
Key Down;P;378152
Key Up;P;378313
Key Down;Point-virgule;378936
Key Down;I;380025
Key Up;Point-virgule;380400
Key Down;Point-virgule;382088
Key Up;I;382817
Key Up;Point-virgule;383136
Key Down;U;383784
Key Up;U;384081
Key Down;Point-virgule;384393
Key Up;Point-virgule;384576
Key Down;A;385377
Key Up;A;385513
Key Down;I;386192
Key Up;I;386312
Key Down;Point-virgule;386496
Key Up;Point-virgule;386600
Key Down;A;386873
Key Up;A;386945
Key Down;U;387400
Key Up;U;387520
Key Down;I;390560
Key Up;I;390704
Key Down;A;393025
Key Up;A;393296
Key Down;Point-virgule;394081
Key Up;Point-virgule;394225
Key Down;U;395008
Key Down;I;395136
Key Up;I;395321
Key Up;U;395385
Key Down;I;395737
Key Up;I;396304
Key Down;A;397184
Key Up;A;397400
Key Down;U;397512
Key Down;A;397784
Key Up;U;397800
Key Up;A;397928
Key Down;A;398904
Key Up;A;398968
Key Down;Point-virgule;399072
Key Up;Point-virgule;399136
Key Down;Point-virgule;399809
Key Up;Point-virgule;399889
Key Down;P;400208
Key Up;P;400288
Key Down;A;400552
Key Up;A;400800
Key Down;A;401153
Key Up;A;401544
Key Down;Point-virgule;402000
Key Down;A;402272
Key Up;Point-virgule;402288
Key Down;Point-virgule;403440
Key Up;A;404616
Key Up;Point-virgule;404640
Key Down;A;405104
Key Up;A;405152
Key Down;I;405441
Key Down;Point-virgule;406328
Key Up;I;406448
Key Up;Point-virgule;406569
Key Down;A;406857
Key Down;Point-virgule;407880
Key Up;A;407960
Key Up;Point-virgule;408081
Key Down;Point-virgule;409128
Key Down;A;409280
Key Up;Point-virgule;409385
Key Up;A;409497
Key Down;U;410080
Key Up;U;410432
Key Down;U;413600
Key Down;A;413865
Key Up;U;413961
Key Up;A;414081
Key Down;A;423808
Key Down;Point-virgule;424121
Key Up;A;424161
Key Up;Point-virgule;424281
Key Down;Point-virgule;424568
Key Up;Point-virgule;425784
Key Down;I;432048
Key Down;Point-virgule;432393
Key Up;Point-virgule;432856
Key Up;I;433256
Key Down;I;436328
Key Up;I;436520
Key Down;Point-virgule;436992
Key Down;Espace;438169
Key Up;Espace;438209
Key Down;B;440160
Key Up;B;440312
Key Down;B;440889
Key Up;B;441376
Key Up;Point-virgule;441488
Key Down;Point-virgule;446080
Key Down;A;448137
Key Up;A;448336
Key Up;Point-virgule;449984
Key Down;Point-virgule;450256
Key Down;I;452385
Key Up;I;452600
Key Up;Point-virgule;452672
Key Down;I;453376
Key Up;I;453873
Key Down;A;453920
Key Up;A;454800
Key Down;Point-virgule;455016
Key Up;Point-virgule;455193
Key Down;A;455432
Key Up;A;455608
Key Down;I;456256
Key Up;I;456368
Key Down;Point-virgule;458304
Key Up;Point-virgule;458496
Key Down;A;458608
Key Up;A;459080
Key Down;A;459337
Key Down;Point-virgule;459528
Key Up;A;459680
Key Up;Point-virgule;459744
Key Down;A;460296
Key Down;Point-virgule;460384
Key Up;A;460584
Key Down;A;461400
Key Up;Point-virgule;462776
Key Up;A;463264
Key Down;I;472416
Key Up;I;472776
Key Down;Point-virgule;476616
Key Down;A;476800
Key Up;Point-virgule;477040
Key Up;A;477136
Key Down;I;477872
Key Up;I;478016
Key Down;U;478344
Key Up;U;478456
Key Down;Point-virgule;481928
Key Down;I;482897
Key Up;I;484080
Key Up;Point-virgule;484672
Key Down;P;484768
Key Up;P;484880
Key Down;P;485032
Key Up;P;485128
Key Down;A;485240
Key Down;Point-virgule;485424
Key Up;A;485984
Key Down;A;486104
Key Up;Point-virgule;486560
Key Up;A;486600
Key Down;Point-virgule;486960
Key Up;Point-virgule;487640
Key Down;P;487792
Key Up;P;487928
Key Down;A;488144
Key Down;Point-virgule;488304
Key Up;A;488432
Key Down;A;488968
Key Up;Point-virgule;489048
Key Up;A;489248
Key Down;U;489280
Key Up;U;489544
Key Down;A;490096
Key Up;A;490216
Key Down;Point-virgule;490256
Key Up;Point-virgule;490368
Key Down;I;491416
Key Up;I;491512
Key Down;I;493208
Key Up;I;493384
Key Down;A;493816
Key Up;A;493944
Key Down;Point-virgule;494096
Key Up;Point-virgule;494208
Key Down;I;494952
Key Up;I;495024
Key Down;U;495240
Key Up;U;495368
Key Down;I;496136
Key Up;I;496200
Key Down;A;496448
Key Up;A;496608
Key Down;A;497064
Key Up;A;497320
Key Down;U;497568
Key Up;U;497704
Key Down;Point-virgule;498528
Key Up;Point-virgule;498624
Key Down;P;500320
Key Up;P;500416
Key Down;I;500784
Key Down;Point-virgule;501584
Key Up;I;501632
Key Down;I;502136
Key Up;I;502392
Key Down;A;502744
Key Up;A;502904
Key Up;Point-virgule;502984
Key Down;Point-virgule;503184
Key Down;I;503360
Key Up;I;504040
Key Down;Espace;504384
Key Up;Espace;504584
Key Down;A;507160
Key Up;A;507600
Key Down;Espace;507848
Key Up;Point-virgule;508128
Key Up;Espace;508160
Key Down;A;508376
Key Down;Point-virgule;508576
Key Up;Point-virgule;509448
Key Up;A;509696
Key Down;Point-virgule;510104
Key Up;Point-virgule;511168
Key Down;I;511328
Key Down;Point-virgule;511536
Key Up;I;511552
Key Down;A;511784
Key Up;A;511976
Key Down;Espace;512544
Key Down;A;512712
Key Up;Espace;512728
Key Up;A;513672
Key Down;P;514040
Key Up;P;514160
Key Down;A;514208
Key Up;Point-virgule;514224
Key Up;A;514624
Key Down;A;515216
Key Down;Point-virgule;515400
Key Up;A;515424
Key Up;Point-virgule;515504
Key Down;I;515904
Key Up;I;515992
Key Down;I;517104
Key Up;I;517184
Key Down;A;518296
Key Up;A;518352
Key Down;Point-virgule;521624
Key Up;Point-virgule;521712
Key Down;U;522856
Key Up;U;522952
Key Down;P;526640
Key Up;P;526752
Key Down;Point-virgule;527104
Key Down;A;527504
Key Up;Point-virgule;527872
Key Up;A;527895
Key Down;Point-virgule;528440
Key Up;Point-virgule;528720
Key Down;Point-virgule;529096
Key Up;Point-virgule;529208
Key Down;Point-virgule;529528
Key Down;I;530232
Key Up;I;530576
Key Up;Point-virgule;530592
Key Down;I;530624
Key Down;Point-virgule;531320
Key Up;I;531472
Key Up;Point-virgule;531784
Key Down;Point-virgule;532760
Key Down;A;534016
Key Up;A;534608
Key Down;Espace;535240
Key Up;Espace;535392
Key Down;Espace;537008
Key Up;Espace;537368
Key Down;Espace;537472
Key Up;Espace;537696
Key Down;A;537864
Key Down;Espace;538424
Key Up;A;538440
Key Up;Espace;538688
Key Down;A;539000
Key Down;Espace;539064
Key Up;A;539223
Key Up;Espace;539248
Key Down;Espace;540080
Key Up;Espace;540240
Key Down;Espace;542536
Key Up;Espace;542648
Key Down;A;542904
Key Up;A;543080
Key Down;A;544960
Key Up;Point-virgule;544968
Key Up;A;545072
Key Down;U;545184
Key Up;U;545408
Key Down;I;545688
Key Up;I;546368
Key Down;Point-virgule;546472
Key Up;Point-virgule;546920
Key Down;I;547016
Key Up;I;547424
Key Down;Point-virgule;577200
Key Up;Point-virgule;577720
Key Down;Point-virgule;578312
Key Up;Point-virgule;578696
Key Down;I;578911
Key Up;I;579536
Key Down;B;582912
Key Up;B;583472
Key Down;B;584152
Key Up;B;586159
Key Down;Point-virgule;591128
Key Down;I;591400
Key Up;I;591960
Key Down;Espace;592887
Key Up;Espace;592983
Key Up;Point-virgule;593512
Key Down;Point-virgule;593704
Key Up;Point-virgule;594264
Key Down;Point-virgule;597223
Key Down;Espace;598048
Key Up;Espace;598152
Key Down;A;599768
Key Up;A;600047
Key Down;Espace;600864
Key Up;Espace;601016
Key Up;Point-virgule;602424
Key Down;A;602983
Key Up;A;603079
Key Down;Point-virgule;604255
Key Down;Espace;604632
Key Down;A;604832
Key Up;Espace;604848
Key Up;A;605104
Key Up;Point-virgule;605136
Key Down;I;606840
Key Up;I;606999
Key Down;I;608016
Key Down;Point-virgule;608495
Key Up;I;608792
Key Down;A;608984
Key Up;Point-virgule;610712
Key Up;A;610784
Key Down;Point-virgule;611856
Key Up;Point-virgule;613192
Key Down;Point-virgule;613680
Key Up;Point-virgule;613824
Key Down;Point-virgule;615655
Key Up;Point-virgule;617063
Key Down;A;617384
Key Up;A;617512
Key Down;Point-virgule;619088
Key Up;Point-virgule;620464
Key Down;Point-virgule;621239
Key Up;Point-virgule;621616
Key Down;U;622136
Key Up;U;622375
Key Down;Point-virgule;625104
Key Up;Point-virgule;626128
Key Down;A;626544
Key Up;A;626735
Key Down;I;627991
Key Up;I;628199
Key Down;Point-virgule;629743
Key Up;Point-virgule;630288
Key Down;U;630672
Key Up;U;631311
Key Down;I;631784
Key Up;I;631960
Key Down;A;632471
Key Up;A;632623
Key Down;I;633616
Key Down;Point-virgule;633783
Key Up;I;633807
Key Up;Point-virgule;633983
Key Down;A;634432
Key Down;Point-virgule;634504
Key Up;A;634544
Key Up;Point-virgule;634696
Key Down;I;635992
Key Down;Point-virgule;636064
Key Up;I;636104
Key Up;Point-virgule;636423
Key Down;Point-virgule;638472
Key Up;Point-virgule;638552
Key Down;Point-virgule;638592
Key Down;A;638920
Key Up;Point-virgule;638936
Key Up;A;638968
Key Down;Point-virgule;639791
Key Up;Point-virgule;640056
Key Down;Point-virgule;641304
Key Up;Point-virgule;642135
Key Down;Point-virgule;642679
Key Up;Point-virgule;643304
Key Down;Point-virgule;643719
Key Up;Point-virgule;643919
Key Down;Point-virgule;647368
Key Up;Point-virgule;648159
Key Down;I;648784
Key Up;I;648888
Key Down;U;649175
Key Up;U;649295
Key Down;Point-virgule;649743
Key Up;Point-virgule;649952
Key Down;P;653176
Key Up;P;653319
Key Down;Point-virgule;655488
Key Down;A;656023
Key Up;A;656183
Key Down;A;658616
Key Up;A;658983
Key Down;I;659736
Key Up;I;660056
Key Down;A;660575
Key Up;Point-virgule;661424
Key Down;Point-virgule;661496
Key Up;A;661975
Key Up;Point-virgule;662376
Key Down;Point-virgule;662880
Key Up;Point-virgule;663047
Key Down;Point-virgule;663487
Key Up;Point-virgule;663551
Key Down;U;665128
Key Up;U;665751
Key Down;I;667032
Key Up;I;667160
Key Down;I;667423
Key Down;Point-virgule;667895
Key Up;I;668024
Key Up;Point-virgule;668328
Key Down;A;670896
Key Up;A;671951
Key Down;I;673640
Key Up;I;674303
Key Down;Point-virgule;678487
Key Up;Point-virgule;678551
Key Down;I;678615
Key Up;I;678775
Key Down;A;683736
Key Up;A;684151
Key Down;A;685144
Key Up;A;685615
Key Down;A;686464
Key Up;A;686616
Key Down;I;687191
Key Up;I;687351
Key Down;I;687607
Key Down;Point-virgule;687639
Key Up;I;687864
Key Up;Point-virgule;687984
Key Down;A;688351
Key Up;A;688527
Key Down;I;690920
Key Up;I;691711
Key Down;A;695615
Key Up;A;695887
Key Down;A;698216
Key Up;A;698679
Key Down;I;701375
Key Up;I;701751
Key Down;U;701904
Key Up;U;702048
Key Down;I;702935
Key Up;I;703047
Key Down;Point-virgule;703296
Key Up;Point-virgule;703448
Key Down;A;703512
Key Up;A;703632
Key Down;I;704375
Key Up;I;704399
Key Down;A;706208
Key Up;A;706408
Key Down;Point-virgule;706879
Key Up;Point-virgule;707383
Key Down;P;707544
Key Up;P;707664
Key Down;Point-virgule;708183
Key Down;I;710951
Key Up;Point-virgule;711151
Key Up;I;711415
Key Down;I;712032
Key Up;I;712128
Key Down;Point-virgule;713071
Key Up;Point-virgule;713168
Key Down;U;713991
Key Up;U;714135
Key Down;P;715831
Key Up;P;715935
Key Down;I;716112
Key Down;Point-virgule;716312
Key Up;I;717871
Key Down;I;718295
Key Up;Point-virgule;718527
Key Up;I;718591
Key Down;A;718727
Key Up;A;718912
Key Down;Point-virgule;719439
Key Up;Point-virgule;719591
Key Down;A;720240
Key Up;A;720456
Key Down;U;720807
Key Up;U;721039
Key Down;I;721744
Key Up;I;722063
Key Down;Point-virgule;722503
Key Down;Espace;726519
Key Up;Espace;726623
Key Up;Point-virgule;728671
Key Down;U;728944
Key Up;U;729183
Key Down;I;729255
Key Up;I;729791
Key Down;U;729903
Key Up;U;730408
Key Down;Point-virgule;766455
Key Up;Point-virgule;770631
Key Down;P;770791
Key Up;P;770895
Key Down;A;771127
Key Down;P;771423
Key Up;A;771439
Key Up;P;771623
Key Down;P;773591
Key Up;P;773719
Key Down;Point-virgule;773767
Key Down;I;775399
Key Up;I;775631
Key Up;Point-virgule;775863
Key Down;A;776239
Key Down;Point-virgule;776351
Key Up;A;776535
Key Up;Point-virgule;776895
Key Down;Point-virgule;777152
Key Down;I;777455
Key Up;I;777559
Key Up;Point-virgule;777927
Key Down;P;777975
Key Up;P;778071
Key Down;A;778319
Key Up;A;778783
Key Down;U;778943
Key Down;A;779455
Key Up;U;779471
Key Down;Point-virgule;779711
Key Up;A;779767
Key Down;I;780103
Key Up;I;780375
Key Down;I;781023
Key Up;Point-virgule;781207
Key Up;I;781456
Key Down;Point-virgule;782639
Key Up;Point-virgule;782808
Key Down;I;783031
Key Up;I;783111
Key Down;U;783495
Key Up;U;783615
Key Down;P;784423
Key Up;P;784511
Key Down;A;784631
Key Down;Point-virgule;784863
Key Up;A;784927
Key Up;Point-virgule;785679
Key Down;A;786607
Key Up;A;786887
Key Down;U;787087
Key Up;U;787311
Key Down;A;787327
Key Down;Point-virgule;787455
Key Up;A;787487
Key Up;Point-virgule;787711
Key Down;I;787775
Key Up;I;788255
Key Down;Point-virgule;789151
Key Up;Point-virgule;789191
Key Down;Point-virgule;789503
Key Up;Point-virgule;789928
Key Down;Point-virgule;790031
Key Up;Point-virgule;790055
Key Down;I;790271
Key Up;I;790431
Key Down;Point-virgule;790903
Key Up;Point-virgule;791063
Key Down;I;791239
Key Down;Point-virgule;791519
Key Up;I;791567
Key Up;Point-virgule;791703
Key Down;Point-virgule;793231
Key Up;Point-virgule;793367
Key Down;Point-virgule;794335
Key Up;Point-virgule;794775
Key Down;A;795463
Key Up;A;795743
Key Down;P;795871
Key Up;P;796039
Key Down;I;796391
Key Down;Point-virgule;796447
Key Up;Point-virgule;796647
Key Up;I;796815
Key Down;U;797527
Key Up;U;797599
Key Down;A;797863
Key Up;A;797927
Key Down;P;809694
Key Up;P;809791
Key Down;Point-virgule;810335
Key Down;I;810623
Key Up;Point-virgule;810671
Key Up;I;810759
Key Down;A;818335
Key Up;A;818479
Key Down;A;821471
Key Up;A;822087
Key Down;P;822887
Key Up;P;823007
Key Down;Point-virgule;824407
Key Up;Point-virgule;824463
Key Down;P;829007
Key Up;P;829119
Key Down;U;829871
Key Up;U;830079
Key Down;A;831134
Key Up;A;831254
Key Down;Point-virgule;831647
Key Up;Point-virgule;831815
Key Down;A;832103
Key Up;A;832287
Key Down;I;833143
Key Up;I;833271
Key Down;Point-virgule;833335
Key Up;Point-virgule;833439
Key Down;A;833815
Key Up;A;833974
Key Down;P;834343
Key Up;P;834439
Key Down;P;835287
Key Up;P;835390
Key Down;I;836886
Key Up;I;837879
Key Down;A;839895
Key Up;A;840575
Key Down;A;840663
Key Up;A;840751
Key Down;P;841207
Key Up;P;841303
Key Down;P;847375
Key Up;P;847487
Key Down;I;851303
Key Up;I;851423
Key Down;Point-virgule;852207
Key Up;Point-virgule;852559
Key Down;A;853447
Key Up;A;853575
Key Down;Point-virgule;853591
Key Up;Point-virgule;853782
Key Down;I;853975
Key Up;I;854143
Key Down;I;854743
Key Up;I;855086
Key Down;Point-virgule;859231
Key Up;Point-virgule;859390
Key Down;Point-virgule;859767
Key Up;Point-virgule;860159
Key Down;I;862318
Key Up;I;862575
Key Down;I;862895
Key Up;I;863087
Key Down;U;863255
Key Down;A;863718
Key Up;U;863734
Key Up;A;863919
Key Down;A;864615
Key Down;U;864775
Key Up;A;864799
Key Up;U;865046
Key Down;A;865166
Key Up;A;865463
Key Down;P;866295
Key Up;P;866414
Key Down;Point-virgule;866703
Key Down;A;866815
Key Up;Point-virgule;866879
Key Up;A;867255
Key Down;U;867447
Key Up;U;867599
Key Down;P;867982
Key Up;P;868079
Key Down;I;868511
Key Up;I;868615
Key Down;P;868847
Key Up;P;868967
Key Down;Point-virgule;869318
Key Up;Point-virgule;869463
Key Down;P;870415
Key Up;P;870495
Key Down;A;870614
Key Down;Point-virgule;870694
Key Up;A;870766
Key Down;A;872391
Key Up;A;873486
Key Down;Espace;875983
Key Up;Espace;876206
Key Up;Point-virgule;878647
Key Down;Point-virgule;880087
Key Up;Point-virgule;880807
Key Down;I;881439
Key Up;I;881751
Key Down;Point-virgule;883871
Key Up;Point-virgule;884439
Key Down;Point-virgule;885175
Key Up;Point-virgule;886182
Key Down;Point-virgule;886310
Key Up;Point-virgule;886551
Key Down;Point-virgule;887478
Key Up;Point-virgule;887871
Key Down;Point-virgule;888383
Key Up;Point-virgule;892031
Key Down;Point-virgule;892511
Key Down;A;892663
Key Up;Point-virgule;893095
Key Up;A;893471
Key Down;U;894598
Key Up;U;894822
Key Down;Point-virgule;895103
Key Up;Point-virgule;895535
Key Down;Espace;895735
Key Up;Espace;895831
Key Down;Point-virgule;932630
Key Down;Espace;933975
Key Up;Espace;934070
Key Down;A;936551
Key Up;Point-virgule;936671
Key Up;A;936902
Key Down;A;937182
Key Down;Point-virgule;937366
Key Up;A;937519
Key Down;A;938742
Key Up;Point-virgule;939271
Key Down;Point-virgule;939678
Key Up;A;939694
Key Up;Point-virgule;941422
Key Down;Point-virgule;941991
Key Up;Point-virgule;942055
Key Down;I;942287
Key Up;I;942454
Key Down;U;942798
Key Up;U;942990
Key Down;Point-virgule;943535
Key Up;Point-virgule;943671
Key Down;Point-virgule;944470
Key Up;Point-virgule;944751
Key Down;Point-virgule;944935
Key Down;A;946143
Key Up;A;946647
Key Down;I;946886
Key Up;I;947358
Key Up;Point-virgule;948254
Key Down;Point-virgule;948422
Key Up;Point-virgule;949079
Key Down;A;949247
Key Down;Point-virgule;949335
Key Up;A;949367
Key Down;A;951767
Key Up;A;951847
Key Down;A;953223
Key Up;A;953926
Key Up;Point-virgule;955398
Key Down;Point-virgule;956215
Key Up;Point-virgule;956359
Key Down;Point-virgule;967519
Key Down;Espace;968062
Key Up;Espace;968182
Key Down;A;968326
Key Up;Point-virgule;970838
Key Up;A;971798
Key Down;Point-virgule;972022
Key Up;Point-virgule;975054
Key Down;P;975150
Key Up;P;975262
Key Down;Point-virgule;975983
Key Up;Point-virgule;976342
Key Down;Point-virgule;976662
Key Down;I;977590
Key Up;I;977734
Key Down;I;979983
Key Up;Point-virgule;980270
Key Up;I;980286
Key Down;Point-virgule;980710
Key Up;Point-virgule;981191
Key Down;I;981247
Key Up;I;981335
Key Down;I;981942
Key Up;I;982126
Key Down;Point-virgule;982767
Key Up;Point-virgule;983214
Key Down;P;983238
Key Up;P;983406
Key Down;I;984055
Key Up;I;984287
Key Down;Point-virgule;984327
Key Up;Point-virgule;984598
Key Down;Point-virgule;984630
Key Up;Point-virgule;984846
Key Down;P;985054
Key Up;P;985230
Key Down;Point-virgule;985511
Key Up;Point-virgule;986230
Key Down;A;986294
Key Down;Point-virgule;986422
Key Up;A;986734
Key Up;Point-virgule;987199
Key Down;P;987287
Key Up;P;987414
Key Down;P;987518
Key Up;P;987614
Key Down;I;987918
Key Down;Point-virgule;987990
Key Up;I;988062
Key Down;A;989022
Key Up;A;989174
Key Up;Point-virgule;989895
Key Down;Point-virgule;990510
Key Down;I;990742
Key Up;I;990870
Key Up;Point-virgule;991015
Key Down;I;991127
Key Up;I;991423
Key Down;U;991559
Key Up;U;991798
Key Down;P;991982
Key Up;P;992431
Key Down;I;993350
Key Up;I;993590
Key Down;Point-virgule;996254
Key Up;Point-virgule;996318
Key Down;Point-virgule;996414
Key Down;A;997103
Key Up;A;998022
Key Up;Point-virgule;998046
Key Down;Point-virgule;998383
Key Up;Point-virgule;998806
Key Down;P;998814
Key Up;P;998934
Key Down;P;1000494
Key Up;P;1000734
Key Down;A;1001446
Key Down;Point-virgule;1001590
Key Up;A;1001950
Key Down;I;1002383
Key Up;I;1002607
Key Down;A;1002918
Key Up;Point-virgule;1003238
Key Down;Point-virgule;1003438
Key Up;A;1003863
Key Down;A;1004247
Key Up;A;1004726
Key Up;Point-virgule;1004766
Key Down;Point-virgule;1005231
Key Down;A;1005431
Key Up;A;1005686
Key Up;Point-virgule;1006366
Key Down;A;1006486
Key Up;A;1006639
Key Down;U;1007214
Key Up;U;1007454
Key Down;Point-virgule;1007886
Key Up;Point-virgule;1008295
Key Down;A;1008542
Key Up;A;1008694
Key Down;Point-virgule;1009934
Key Up;Point-virgule;1010126
Key Down;A;1014174
Key Up;A;1014254
Key Down;Point-virgule;1014310
Key Up;Point-virgule;1014462
Key Down;Point-virgule;1015566
Key Up;Point-virgule;1015750
Key Down;Point-virgule;1016439
Key Up;Point-virgule;1017630
Key Down;Espace;1018071
Key Up;Espace;1018302
Key Down;Point-virgule;1019463
Key Down;I;1020863
Key Up;I;1021462
Key Up;Point-virgule;1022175
Key Down;Point-virgule;1022255
Key Up;Point-virgule;1022391
Key Down;Point-virgule;1022558
Key Down;I;1024734
Key Up;I;1025023
Key Up;Point-virgule;1025255
Key Down;U;1025782
Key Up;U;1026070
Key Down;I;1026102
Key Up;I;1026647
Key Down;Point-virgule;1027470
Key Up;Point-virgule;1028174
Key Down;Point-virgule;1028646
Key Up;Point-virgule;1028822
Key Down;Point-virgule;1030342
Key Up;Point-virgule;1031102
Key Down;P;1034222
Key Up;P;1034334
Key Down;P;1036062
Key Up;P;1036423
Key Down;P;1037647
Key Up;P;1037751
Key Down;P;1037839
Key Up;P;1037943
Key Down;P;1038031
Key Up;P;1038118
Key Down;P;1038230
Key Up;P;1038326
Key Down;P;1038446
Key Up;P;1038510
Key Down;P;1038686
Key Up;P;1038790
Key Down;P;1038894
Key Up;P;1038990
Key Down;P;1039087
Key Up;P;1039151
Key Down;P;1039247
Key Up;P;1039558
Key Down;Point-virgule;1039998
Key Up;Point-virgule;1040222
Key Down;Point-virgule;1040742
Key Up;Point-virgule;1041150
Key Down;A;1041270
Key Down;Point-virgule;1041726
Key Up;A;1041766
Key Down;A;1042166
Key Up;Point-virgule;1042246
Key Up;A;1042334
Key Down;I;1042750
Key Up;I;1042918
Key Down;Point-virgule;1044302
Key Up;Point-virgule;1044462
Key Down;P;1045582
Key Up;P;1045718
Key Down;P;1048630
Key Up;P;1048870
Key Down;Point-virgule;1050278
Key Down;I;1050830
Key Up;I;1051014
Key Down;A;1051230
Key Up;A;1051542
Key Up;Point-virgule;1051975
Key Down;Point-virgule;1052574
Key Down;A;1054070
Key Up;A;1054318
Key Up;Point-virgule;1054814
Key Down;Point-virgule;1055302
Key Down;A;1055790
Key Up;Point-virgule;1056358
Key Up;A;1056686
Key Down;Point-virgule;1057607
Key Down;I;1060455
Key Up;I;1060614
Key Up;Point-virgule;1060734
Key Down;I;1061398
Key Up;I;1061879
Key Down;Point-virgule;1062150
Key Up;Point-virgule;1062270
Key Down;I;1062398
Key Down;Point-virgule;1062950
Key Up;I;1063086
Key Up;Point-virgule;1063654
Key Down;I;1063750
Key Up;I;1063998
Key Down;Point-virgule;1064158
Key Down;A;1064326
Key Up;Point-virgule;1064511
Key Down;Point-virgule;1064599
Key Up;Point-virgule;1064814
Key Down;Point-virgule;1065094
Key Up;A;1065110
Key Up;Point-virgule;1065534
Key Down;I;1066766
Key Up;I;1067022
Key Down;Point-virgule;1067046
Key Down;A;1067335
Key Up;A;1067862
Key Up;Point-virgule;1068270
Key Down;Point-virgule;1069238
Key Up;Point-virgule;1069534
Key Down;P;1069558
Key Up;P;1069686
Key Down;Point-virgule;1070566
Key Down;A;1072654
Key Up;A;1072766
Key Down;I;1075678
Key Up;I;1076030
Key Up;Point-virgule;1076454
Key Down;U;1077126
Key Up;U;1077542
Key Down;Point-virgule;1081070
Key Up;Point-virgule;1081294
Key Down;U;1082230
Key Up;U;1082454
Key Down;A;1083486
Key Up;A;1083662
Key Down;Point-virgule;1087478
Key Down;I;1089134
Key Up;Point-virgule;1089774
Key Up;I;1090102
Key Down;Point-virgule;1090558
Key Down;A;1090710
Key Up;A;1091230
Key Up;Point-virgule;1094438
Key Down;A;1095390
Key Down;Point-virgule;1095671
Key Up;A;1095687
Key Up;Point-virgule;1096078
Key Down;Point-virgule;1096966
Key Up;Point-virgule;1097886
Key Down;Point-virgule;1129006
Key Up;Point-virgule;1129814
Key Down;Point-virgule;1130022
Key Down;Espace;1130430
Key Up;Espace;1130534
Key Up;Point-virgule;1136614
Key Down;Point-virgule;1140517
Key Down;Espace;1142558
Key Up;Espace;1142702
Key Down;Espace;1144534
Key Up;Espace;1144725
Key Down;A;1145166
Key Up;Point-virgule;1145526
Key Up;A;1145558
Key Down;Point-virgule;1145654
Key Down;I;1147078
Key Up;Point-virgule;1147182
Key Up;I;1147318
Key Down;Point-virgule;1147693
Key Up;Point-virgule;1147918
Key Down;Point-virgule;1148606
Key Up;Point-virgule;1148846
Key Down;P;1149286
Key Up;P;1149478
Key Down;P;1150782
Key Up;P;1150934
Key Down;P;1151126
Key Up;P;1151286
Key Down;P;1151382
Key Up;P;1151550
Key Down;P;1152174
Key Down;Point-virgule;1152270
Key Up;P;1152366
Key Up;Point-virgule;1152534
Key Down;P;1152630
Key Up;P;1152798
Key Down;P;1153197
Key Up;P;1153382
Key Down;I;1153894
Key Up;I;1154062
Key Down;A;1154438
Key Up;A;1154685
Key Down;U;1155214
Key Up;U;1155470
Key Down;Point-virgule;1155798
Key Up;Point-virgule;1156358
Key Down;Point-virgule;1156878
Key Up;Point-virgule;1160038
Key Down;Point-virgule;1160126
Key Up;Point-virgule;1160349
Key Down;A;1160381
Key Up;A;1160638
Key Down;Point-virgule;1161182
Key Up;Point-virgule;1162878
Key Down;I;1163726
Key Up;I;1163950
Key Down;I;1165406
Key Down;Point-virgule;1165494
Key Up;I;1165574
Key Down;A;1167421
Key Up;A;1167574
Key Up;Point-virgule;1167734
Key Down;Point-virgule;1169278
Key Up;Point-virgule;1169318
Key Down;A;1170197
Key Up;A;1170382
Key Down;Point-virgule;1170734
Key Up;Point-virgule;1170846
Key Down;Point-virgule;1175182
Key Up;Point-virgule;1175470
Key Down;U;1175885
Key Up;U;1176110
Key Down;Point-virgule;1176750
Key Up;Point-virgule;1177117
Key Down;Point-virgule;1177710
Key Up;Point-virgule;1177902
Key Down;I;1179678
Key Up;I;1179830
Key Down;Point-virgule;1182182
Key Down;Espace;1182454
Key Up;Espace;1182678
Key Down;A;1182734
Key Up;A;1183126
Key Up;Point-virgule;1183381
Key Down;U;1183670
Key Up;U;1184653
Key Down;Point-virgule;1190389
Key Down;Espace;1190830
Key Up;Espace;1191030
Key Down;A;1191974
Key Up;A;1192294
Key Up;Point-virgule;1192645
Key Down;Point-virgule;1193238
Key Down;Espace;1193286
Key Up;Espace;1193462
Key Up;Point-virgule;1193550
Key Down;Point-virgule;1193846
Key Down;A;1194141
Key Up;A;1194317
Key Up;Point-virgule;1196118
Key Down;Point-virgule;1197149
Key Up;Point-virgule;1198022
Key Down;Point-virgule;1198926
Key Up;Point-virgule;1199254
Key Down;Point-virgule;1199933
Key Up;Point-virgule;1200350
Key Down;Espace;1200942
Key Up;Espace;1201061
Key Down;Point-virgule;1204454
Key Up;Point-virgule;1205022
Key Down;A;1205229
Key Up;A;1205389
Key Down;U;1206701
Key Down;A;1207110
Key Up;U;1208486
Key Up;A;1208502
Key Down;Point-virgule;1214646
Key Down;Espace;1215053
Key Up;Espace;1215213
Key Down;A;1216645
Key Up;Point-virgule;1216685
Key Down;Point-virgule;1217758
Key Up;A;1217782
Key Down;A;1218277
Key Up;Point-virgule;1218526
Key Up;A;1218846
Key Down;U;1219381
Key Up;U;1219565
Key Down;Point-virgule;1219757
Key Up;Point-virgule;1220933
Key Down;Left Alt;1221101
Key Down;Tab;1221133
Key Up;Tab;1221301
Key Up;Left Alt;1221398
Key Down;Left Alt;1222198
Key Down;Tab;1222710
Key Up;Tab;1222854
Key Down;Tab;1223733
Key Up;Tab;1223877
Key Up;Left Alt;1225326
Key Down;Left Alt;1225838
Key Up;Left Alt;1226158
