Event;Key;Time
Key Down;W;3232
Key Up;W;3415
Key Down;A;3552
Key Down;S;3591
Key Up;A;3759
Key Up;S;3808
Key Down;A;3967
Key Up;A;4200
Key Down;Z;4328
Key Up;Z;4552
Key Down;S;4664
Key Up;S;4839
Key Down;W;4952
Key Down;A;5008
Key Up;A;5303
Key Up;W;5351
Key Down;A;5744
Key Down;W;5816
Key Up;A;5927
Key Up;W;6008
Key Down;A;6520
Key Up;A;6695
Key Down;W;6848
Key Up;W;7040
Key Down;Space;7360
Key Up;Space;7528
Key Down;S;8520
Key Down;Left Shift;8696
Key Up;S;9224
Key Down;W;9312
Key Up;W;9776
Key Down;S;9880
Key Up;S;10152
Key Down;W;10304
Key Up;W;10536
Key Up;Left Shift;10616
Key Down;W;11104
Key Down;D;11120
Key Up;D;11320
Key Up;W;11536
Key Down;D;12287
Key Up;D;12423
Key Down;W;13575
Key Up;W;13696
Key Down;W;18512
Key Up;W;18976
Key Down;W;19312
Key Down;Space;19648
Key Up;Space;19815
Key Up;W;20831
Key Down;D;21712
Key Up;D;21824
Key Down;A;21864
Key Up;A;22056
Key Down;W;23952
Key Up;W;24583
Key Down;W;24896
Key Up;W;25135
Key Down;W;25383
Key Up;W;25976
Key Down;A;26176
Key Up;A;26391
Key Down;W;27223
Key Up;W;28160
Key Down;W;28368
Key Down;A;28568
Key Up;W;28607
Key Down;W;28745
Key Up;A;28751
Key Down;Space;29320
Key Up;Space;29688
Key Down;A;29976
Key Up;A;30303
Key Down;D;30423
Key Up;W;30496
Key Down;W;30936
Key Up;D;30975
Key Up;W;31183
Key Down;A;31288
Key Up;A;31495
Key Down;S;31984
Key Up;S;32207
Key Down;D;32800
Key Up;D;32952
Key Down;D;33511
Key Up;D;33735
Key Down;W;33792
Key Up;W;33911
Key Down;W;34224
Key Down;D;34232
Key Up;D;34416
Key Up;W;34447
Key Down;D;35720
Key Up;D;35840
Key Down;W;36488
Key Up;W;36639
Key Down;W;37056
Key Up;W;37159
Key Down;W;38960
Key Down;D;39143
Key Up;D;39311
Key Up;W;39567
Key Down;W;39928
Key Up;W;40104
Key Down;W;40352
Key Up;W;40951
Key Down;S;41336
Key Up;S;41815
Key Down;W;42024
Key Up;W;42623
Key Down;W;42840
Key Down;A;42912
Key Up;A;43063
Key Up;W;43087
Key Down;A;43456
Key Down;W;43504
Key Up;A;43663
Key Down;A;43960
Key Up;A;44095
Key Down;A;45048
Key Up;W;45319
Key Down;S;45440
Key Up;A;45560
Key Down;A;45808
Key Up;S;45896
Key Up;A;46640
Key Down;D;46912
Key Up;D;47311
Key Down;A;47471
Key Down;S;48240
Key Up;A;48399
Key Down;A;48816
Key Up;A;49255
Key Up;S;50105
Key Down;D;50463
Key Down;W;50648
Key Up;W;50744
Key Down;W;50800
Key Up;D;50848
Key Down;A;50935
Key Up;W;51135
Key Up;A;51207
Key Down;A;51304
Key Down;S;51311
Key Up;A;51432
Key Up;S;51520
Key Down;W;51744
Key Up;W;52240
Key Down;E;52432
Key Up;E;52615
Key Down;A;52728
Key Up;A;52783
Key Down;W;53760
Key Down;D;53776
Key Up;D;54111
Key Down;D;54976
Key Up;D;55679
Key Down;A;56816
Key Up;W;56839
Key Down;S;56984
Key Up;A;57088
Key Up;S;57183
Key Down;W;57303
Key Down;D;57408
Key Up;D;57792
Key Down;D;58016
Key Up;W;58632
Key Up;D;58839
Key Down;A;58840
Key Down;W;59136
Key Up;A;59543
Key Down;Space;60128
Key Up;Space;60296
Key Down;Space;60784
Key Up;Space;60960
Key Down;A;61360
Key Down;Space;61464
Key Up;Space;61639
Key Up;A;61943
Key Down;Space;62680
Key Up;Space;62863
Key Down;A;63424
Key Up;A;64047
Key Up;W;64088
Key Down;W;67304
Key Down;A;67688
Key Up;A;68047
Key Down;A;68304
Key Up;A;68487
Key Down;A;68832
Key Up;A;69319
Key Down;Space;69824
Key Up;Space;70024
Key Down;Space;70560
Key Up;Space;70671
Key Down;A;71184
Key Up;A;71495
Key Down;Space;71735
Key Up;Space;71912
Key Down;Space;73689
Key Up;Space;73871
Key Down;A;74088
Key Down;Space;74688
Key Up;Space;74840
Key Up;A;75775
Key Down;Space;75856
Key Up;Space;76000
Key Down;A;76456
Key Up;W;76519
Key Up;A;76551
Key Down;W;79880
Key Down;A;79895
Key Up;A;80312
Key Down;Space;82032
Key Up;Space;82175
Key Down;Space;83896
Key Up;Space;84087
Key Down;A;84280
Key Down;Space;85344
Key Up;Space;85487
Key Up;A;86055
Key Down;A;86608
Key Up;A;86719
Key Up;W;86759
Key Down;W;87608
Key Down;A;87624
Key Up;A;87751
Key Down;Space;88592
Key Up;Space;88727
Key Down;A;91520
Key Down;Space;91592
Key Up;Space;91759
Key Up;A;91823
Key Down;A;92168
Key Up;A;92487
Key Down;Space;92552
Key Up;Space;92711
Key Down;A;93184
Key Up;A;93584
Key Up;W;93999
Key Down;D;94240
Key Down;W;94296
Key Up;D;94447
Key Up;W;94455
Key Down;A;95135
Key Up;A;95176
Key Down;D;95840
Key Down;W;95872
Key Up;D;95943
Key Up;W;95999
Key Down;W;96888
Key Down;D;96888
Key Up;D;96967
Key Up;W;96999
Key Down;W;98904
Key Up;W;99375
Key Down;D;99600
Key Down;W;99624
Key Up;D;99824
Key Down;Space;100264
Key Up;Space;100431
Key Down;Space;101328
Key Up;Space;101472
Key Down;D;101664
Key Up;D;102151
Key Down;Space;102384
Key Up;Space;102552
Key Down;A;102856
Key Up;A;103039
Key Up;W;103047
Key Down;A;107671
Key Down;W;107816
Key Up;A;108415
Key Down;Space;108608
Key Up;Space;108775
Key Down;Space;109423
Key Up;Space;109615
Key Down;Space;110184
Key Up;Space;110359
Key Down;Space;110960
Key Up;Space;111135
Key Down;Space;111680
Key Up;Space;111839
Key Up;W;112671
Key Down;W;112896
Key Up;W;113824
Key Down;D;115288
Key Down;W;115304
Key Up;W;115463
Key Down;S;115816
Key Up;D;116103
Key Up;S;116208
Key Down;W;117344
Key Down;A;117600
Key Up;W;117680
Key Up;A;117680
Key Down;S;118096
Key Up;S;118687
Key Down;W;119024
Key Up;W;119528
Key Down;W;119976
Key Down;A;120128
Key Up;W;120407
Key Up;A;120431
Key Down;W;120744
Key Down;A;121232
Key Up;A;121447
Key Down;D;121840
Key Up;D;121976
Key Up;W;122064
Key Down;W;122408
Key Up;W;122575
Key Down;Escape;124928
Key Up;Escape;125247
Key Down;W;137424
Key Up;W;137592
Key Down;A;137800
Key Up;A;137880
Key Down;D;138040
Key Up;D;138176
Key Down;W;143440
Key Up;W;143752
Key Down;W;143991
Key Up;W;144216
Key Down;Left Shift;144400
Key Down;W;144568
Key Up;Left Shift;148312
Key Up;W;149975
Key Down;W;150399
Key Up;W;150823
Key Down;W;154864
Key Down;D;155343
Key Up;D;155687
Key Down;D;156576
Key Up;W;156888
Key Up;D;156895
Key Down;Space;159847
Key Down;W;159920
Key Up;Space;160047
Key Down;Space;160472
Key Up;Space;160680
Key Up;W;160855
Key Down;W;162152
Key Up;W;162367
Key Down;W;163896
Key Up;W;164096
Key Down;A;164656
Key Up;A;164759
Key Down;Space;165224
Key Down;W;165255
Key Up;Space;165431
Key Down;A;165872
Key Up;W;165991
Key Down;W;166672
Key Up;W;166839
Key Up;A;166991
Key Down;A;167655
Key Down;W;167800
Key Down;Space;167943
Key Up;Space;168215
Key Up;A;170119
Key Up;W;170159
Key Down;A;170247
Key Down;W;170519
Key Up;A;170648
Key Up;W;170679
Key Down;W;170943
Key Down;Space;171224
Key Up;Space;171407
Key Up;W;171671
Key Down;D;171896
Key Down;W;171944
Key Up;W;172215
Key Up;D;172232
Key Down;W;172831
Key Down;Space;172864
Key Up;W;172967
Key Up;Space;172983
Key Down;A;173040
Key Up;A;173104
Key Down;S;173432
Key Up;S;173703
Key Down;W;173960
Key Up;W;174111
Key Down;S;174207
Key Down;D;174312
Key Up;S;174407
Key Up;D;174408
Key Down;Space;177152
Key Up;Space;177583
Key Down;Space;181312
Key Down;A;181392
Key Down;W;181448
Key Up;Space;181543
Key Up;W;181935
Key Down;Space;182096
Key Up;Space;182271
Key Down;Space;182680
Key Down;W;182687
Key Up;Space;182863
Key Up;W;183095
Key Up;A;183159
Key Down;S;183471
Key Down;D;183495
Key Up;S;183575
Key Up;D;183591
Key Down;A;183856
Key Down;Space;183944
Key Down;W;183968
Key Up;Space;184151
Key Up;A;184295
Key Down;A;184448
Key Up;A;187791
Key Up;W;187847
Key Down;A;188008
Key Down;W;188095
Key Up;W;188327
Key Down;W;188368
Key Up;A;188567
Key Up;W;188591
Key Down;A;189016
Key Up;A;189231
Key Down;W;189472
Key Down;Space;189584
Key Up;Space;189728
Key Up;W;190048
Key Down;A;190224
Key Up;A;190344
Key Down;W;193000
Key Up;W;193120
Key Down;S;194496
Key Up;S;194591
Key Down;W;196744
Key Down;A;196744
Key Up;A;196847
Key Up;W;197023
Key Down;W;197576
Key Down;Space;197615
Key Up;W;197687
Key Up;Space;197720
Key Down;W;198008
Key Up;W;198104
Key Down;S;198200
Key Up;S;198407
Key Down;S;198687
Key Up;S;198783
Key Down;W;200392
Key Up;W;200752
Key Down;S;200911
Key Up;S;201127
Key Down;W;201617
Key Down;Space;201703
Key Up;Space;201951
Key Down;A;202040
Key Up;W;202359
Key Up;A;202479
Key Down;S;202488
Key Down;A;202712
Key Up;S;202815
Key Up;A;202983
Key Down;A;203288
Key Down;Space;203319
Key Down;W;203384
Key Up;Space;203519
Key Up;W;207432
Key Down;S;207527
Key Up;A;207583
Key Up;S;207735
Key Down;W;208048
Key Down;Space;208128
Key Up;Space;208216
Key Down;A;208392
Key Up;W;208407
Key Up;A;208551
Key Down;S;208575
Key Down;D;208920
Key Up;S;209055
Key Down;W;209136
Key Up;D;209159
Key Up;W;209255
Key Down;A;209552
Key Up;A;209664
Key Down;W;210016
Key Up;W;210799
Key Down;S;211423
Key Down;D;211487
Key Up;S;211607
Key Up;D;211672
Key Down;S;212383
Key Up;S;212464
Key Down;W;213663
Key Up;W;213783
Key Down;W;216623
Key Up;W;217159
Key Down;W;217519
Key Down;D;217936
Key Up;D;218160
Key Up;W;218255
Key Down;W;218321
Key Up;W;218680
Key Down;W;219016
Key Up;W;219151
Key Down;D;219312
Key Up;D;219471
Key Down;A;219672
Key Down;W;219800
Key Down;Space;219936
Key Up;Space;220200
Key Up;A;220432
Key Up;W;220432
Key Down;W;222480
Key Up;W;222823
Key Down;D;223016
Key Up;D;223111
Key Down;D;223415
Key Down;W;223583
Key Up;D;223615
Key Down;D;223895
Key Up;D;224000
Key Down;A;224176
Key Up;A;224615
Key Down;A;224824
Key Up;A;225016
Key Up;W;225535
Key Down;D;225880
Key Down;W;225945
Key Up;W;226087
Key Up;D;226167
Key Down;D;230440
Key Up;D;230535
Key Down;W;231096
Key Down;D;231199
Key Up;D;231431
Key Up;W;231919
Key Down;D;232480
Key Up;D;232607
Key Down;W;235640
Key Down;A;236352
Key Up;A;236520
Key Down;A;236864
Key Up;W;237087
Key Up;A;237104
Key Down;D;239400
Key Down;W;239448
Key Up;D;239519
Key Up;W;241608
Key Down;S;241832
Key Down;D;242376
Key Up;S;242464
Key Down;W;242640
Key Up;D;242983
Key Up;W;243175
Key Down;A;243368
Key Up;A;243504
Key Down;D;243624
Key Down;W;243871
Key Up;D;243888
Key Up;W;244487
Key Down;D;244536
Key Up;D;244815
Key Down;A;245248
Key Up;A;245575
Key Down;W;245624
Key Up;W;246791
Key Down;W;247184
Key Up;W;247391
Key Down;D;247600
Key Up;D;247792
Key Down;A;247992
Key Down;W;248024
Key Up;A;248223
Key Up;W;248295
Key Down;D;248624
Key Up;D;248823
Key Down;A;248984
Key Down;W;249104
Key Up;A;249175
Key Down;D;249600
Key Up;W;249648
Key Down;W;249904
Key Up;W;250295
Key Up;D;250320
Key Down;D;250544
Key Up;D;250695
Key Down;W;251304
Key Down;A;251464
Key Up;A;251743
Key Down;A;252312
Key Up;A;252528
Key Down;D;253448
Key Up;D;253751
Key Down;A;254848
Key Up;W;254968
Key Down;S;255096
Key Up;A;255159
Key Down;A;255575
Key Up;S;255623
Key Down;W;255832
Key Up;A;256007
Key Down;A;256391
Key Up;W;256455
Key Up;A;256672
Key Down;D;258119
Key Up;D;258392
Key Down;W;258464
Key Down;D;258688
Key Up;D;258927
Key Up;W;258944
Key Down;W;263192
Key Down;A;263856
Key Up;A;264032
Key Up;W;265640
Key Down;D;265704
Key Down;W;265896
Key Up;W;266183
Key Up;D;266319
Key Down;A;266504
Key Up;A;266920
Key Down;W;267128
Key Up;W;267815
Key Down;Space;268064
Key Down;D;268168
Key Down;W;268208
Key Up;Space;268264
Key Up;D;268375
Key Down;A;268408
Key Up;W;268607
Key Down;W;268944
Key Up;A;269623
Key Up;W;269631
Key Down;D;270008
Key Up;D;270167
Key Down;D;270656
Key Up;D;271183
Key Down;A;271720
Key Up;A;271976
Key Down;A;272128
Key Up;A;272344
Key Down;W;272816
Key Down;D;272888
Key Up;D;273207
Key Up;W;273584
Key Down;S;273696
Key Down;A;273752
Key Up;S;273976
Key Up;A;274312
Key Down;D;274496
Key Down;W;274760
Key Up;D;275015
Key Up;W;275327
Key Down;S;275455
Key Down;A;275496
Key Up;S;275943
Key Down;W;276304
Key Up;A;277111
Key Up;W;277272
Key Down;A;277408
Key Down;S;277520
Key Up;S;277791
Key Up;A;277959
Key Down;A;278088
Key Down;W;278368
Key Up;A;278535
Key Up;W;278543
Key Down;W;278752
Key Down;A;279255
Key Up;A;279432
Key Down;D;279528
Key Up;D;279744
Key Up;W;281087
Key Down;A;284416
Key Down;W;284431
Key Up;A;284687
Key Down;A;285087
Key Up;A;285207
Key Up;W;285263
Key Down;W;285448
Key Up;W;285640
Key Down;W;285912
Key Up;W;286104
Key Down;A;286296
Key Down;W;286360
Key Up;W;286623
Key Up;A;286752
Key Down;Space;286952
Key Up;Space;287127
Key Down;D;287624
Key Up;D;287880
Key Down;W;288496
Key Down;A;288736
Key Up;A;288879
Key Down;D;289008
Key Up;D;289240
Key Down;D;291456
Key Up;D;291551
Key Down;D;291983
Key Up;W;292095
Key Up;D;292191
Key Down;W;293719
Key Up;W;294471
Key Down;W;294624
Key Down;A;294848
Key Up;A;295103
Key Down;A;295711
Key Up;A;295839
Key Up;W;296095
Key Down;A;296264
Key Down;S;296271
Key Up;S;296343
Key Up;A;296512
Key Down;A;296712
Key Up;A;296951
Key Down;W;297312
Key Up;W;297415
Key Down;A;298255
Key Down;W;298272
Key Up;A;298375
Key Down;A;298800
Key Up;W;298920
Key Up;A;298983
Key Down;W;299201
Key Down;D;299423
Key Up;D;299599
Key Up;W;299711
Key Down;W;299785
Key Down;D;299912
Key Up;D;300023
Key Down;A;301151
Key Up;A;301855
Key Down;A;303831
Key Up;W;303999
Key Up;A;304055
Key Down;W;304240
Key Up;W;304775
Key Down;W;305679
Key Up;W;306575
Key Down;W;307072
Key Down;A;307496
Key Up;A;307615
Key Down;A;308471
Key Up;W;308631
Key Up;A;308743
Key Down;A;309144
Key Up;A;309543
Key Down;S;309640
Key Down;D;309840
Key Up;S;309951
Key Down;W;310280
Key Up;W;310559
Key Up;D;310656
Key Down;S;310960
Key Down;D;311048
Key Up;D;311120
Key Down;D;311184
Key Up;D;311359
Key Up;S;311488
Key Down;W;312024
Key Down;A;312704
Key Up;W;313272
Key Up;A;313463
Key Down;A;313496
Key Up;A;313752
Key Down;W;313752
Key Down;A;314896
Key Up;W;315247
Key Down;S;315416
Key Up;A;315431
Key Up;S;315512
Key Down;W;315800
Key Down;A;315944
Key Up;A;316152
Key Down;D;317119
Key Up;W;317720
Key Up;D;317727
Key Down;S;318312
Key Down;A;318360
Key Up;A;318535
Key Down;D;318656
Key Up;D;318840
Key Down;D;318895
Key Up;D;319175
Key Down;D;319928
Key Up;S;320055
Key Up;D;320983
Key Down;S;321487
Key Down;D;321735
Key Up;D;321847
Key Down;A;324848
Key Up;A;324959
Key Down;D;324984
Key Up;D;325239
Key Down;A;325832
Key Up;A;326183
Key Down;A;326416
Key Up;A;326671
Key Up;S;326936
Key Down;A;327216
Key Down;W;327432
Key Up;A;327471
Key Down;A;327672
Key Up;W;327816
Key Up;A;327823
Key Down;D;327912
Key Down;W;328120
Key Up;W;328319
Key Up;D;328327
Key Down;S;328648
Key Up;S;328879
Key Down;W;329471
Key Up;W;329671
Key Down;W;331360
Key Down;A;332016
Key Up;A;332215
Key Up;W;332503
Key Down;D;332776
Key Up;D;333007
Key Down;W;333776
Key Up;W;334295
Key Down;W;334560
Key Up;W;334792
Key Down;A;335560
Key Down;W;335656
Key Up;A;335704
Key Up;W;335879
Key Down;Escape;336519
Key Up;Escape;336647
Key Down;W;337712
Key Up;W;337992
Key Down;W;338280
Key Up;W;338440
Key Down;W;338663
Key Up;W;338839
Key Down;S;339152
Key Up;S;339288
Key Down;S;340176
Key Up;S;340311
Key Down;W;345896
Key Down;Left Shift;346495
Key Up;W;349287
Key Down;W;349704
Key Up;Left Shift;352120
Key Up;W;353399
Key Down;Space;353671
Key Down;W;353680
Key Up;Space;353792
Key Up;W;353887
Key Down;S;354080
Key Up;S;354336
Key Down;S;354480
Key Up;S;354607
Key Down;S;354984
Key Up;S;355121
Key Down;Space;355847
Key Up;Space;355984
Key Down;D;356328
Key Up;D;356408
Key Down;Space;357208
Key Up;Space;357472
Key Down;W;358136
Key Up;W;358320
Key Down;W;358776
Key Down;A;358784
Key Up;W;359000
Key Up;A;359007
Key Down;A;359200
Key Down;W;359272
Key Up;A;359367
Key Down;Left Shift;360448
Key Up;Left Shift;363839
Key Down;D;365440
Key Up;D;365967
Key Down;A;366464
Key Up;W;366535
Key Up;A;366583
Key Down;S;366767
Key Up;S;366896
Key Down;W;367088
Key Down;A;367776
Key Up;W;367784
Key Up;A;367928
Key Down;S;367935
Key Down;Space;368079
Key Up;Space;368279
Key Down;D;368376
Key Up;D;368719
Key Down;A;368783
Key Up;S;368792
Key Up;A;368943
Key Down;W;368976
Key Up;W;369495
Key Down;W;369600
Key Down;D;369680
Key Up;W;369871
Key Up;D;369895
Key Down;W;370511
Key Down;Space;370664
Key Up;Space;370815
Key Down;A;371031
Key Up;W;371111
Key Up;A;371224
Key Down;S;371272
Key Up;S;371392
Key Down;S;372535
Key Up;S;372687
Key Down;W;372920
Key Down;A;372968
Key Down;Space;373279
Key Up;Space;373472
Key Up;A;373639
Key Down;Space;374559
Key Up;Space;374904
Key Down;Space;375608
Key Up;Space;376087
Key Down;Space;376327
Key Up;Space;376679
Key Down;D;376792
Key Up;D;377016
Key Down;Space;379040
Key Up;Space;379215
Key Down;D;380104
Key Up;D;380320
Key Up;W;380695
Key Down;D;380744
Key Up;D;380991
Key Down;S;381280
Key Up;S;381487
Key Down;Space;382280
Key Up;Space;382463
Key Down;S;383992
Key Up;S;384847
Key Down;W;385895
Key Down;A;386088
Key Up;W;386208
Key Down;S;386327
Key Up;A;386464
Key Up;S;386591
Key Down;W;386840
Key Up;W;387559
Key Down;W;387960
Key Up;W;388223
Key Down;W;389327
Key Down;A;390375
Key Up;A;390799
Key Up;W;390960
Key Down;S;391119
Key Down;Space;391328
Key Up;Space;391615
Key Down;Space;391928
Key Up;Space;392160
Key Down;Space;392384
Key Up;Space;392727
Key Up;S;392952
Key Down;W;393120
Key Up;W;395679
Key Down;W;396056
Key Up;W;396151
Key Down;D;396592
Key Up;D;396695
Key Down;W;396832
Key Up;W;396951
Key Down;D;397095
Key Up;D;397335
Key Down;A;397463
Key Down;S;397544
Key Up;A;397608
Key Up;S;397735
Key Down;W;398047
Key Down;Space;398119
Key Up;W;398215
Key Up;Space;398231
Key Down;W;398456
Key Up;W;398591
Key Down;S;398704
Key Up;S;398951
Key Down;S;399183
Key Up;S;399280
Key Down;W;399576
Key Up;W;399696
Key Down;W;400360
Key Up;W;400887
Key Down;W;401344
Key Down;D;401720
Key Up;W;402136
Key Up;D;402143
Key Down;W;402376
Key Down;A;402439
Key Up;W;402512
Key Up;A;402536
Key Down;W;402808
Key Down;Left Shift;402912
Key Down;D;403376
Key Up;W;403607
Key Up;D;403679
Key Down;D;404016
Key Down;W;404408
Key Up;W;404552
Key Up;D;404888
Key Down;D;405343
Key Up;D;405471
Key Down;S;405840
Key Down;A;405919
Key Up;S;406175
Key Up;A;406256
Key Down;W;406383
Key Up;Left Shift;406447
Key Down;D;406792
Key Up;D;407047
Key Up;W;408048
Key Down;D;408192
Key Down;W;408240
Key Up;D;408456
Key Down;D;408792
Key Up;D;408999
Key Up;W;409415
Key Down;A;409623
Key Down;W;409632
Key Up;A;409960
Key Up;W;409983
Key Down;Left Shift;410143
Key Down;W;410215
Key Down;A;410352
Key Up;W;410775
Key Up;A;410775
Key Down;S;411128
Key Down;A;411312
Key Up;A;411519
Key Up;S;411655
Key Down;S;412007
Key Up;S;412048
Key Down;A;412256
Key Up;A;412367
Key Up;Left Shift;412568
Key Down;W;412688
Key Down;Space;412960
Key Up;Space;413063
Key Up;W;413087
Key Down;D;413376
Key Up;D;413440
Key Down;A;413456
Key Down;S;413512
Key Up;A;413568
Key Up;S;413607
Key Down;A;413856
Key Up;A;414047
Key Down;D;414231
Key Up;D;414359
Key Down;W;414431
Key Up;W;414759
Key Down;A;414888
Key Up;A;415088
Key Down;W;415551
Key Down;D;415912
Key Up;D;416016
Key Down;Space;416320
Key Up;Space;416480
Key Up;W;417247
Key Down;W;417495
Key Up;W;417624
Key Down;A;419384
Key Down;W;419463
Key Up;A;419591
Key Down;Space;420352
Key Up;Space;420575
Key Up;W;421512
Key Down;W;422800
Key Up;W;424919
Key Down;W;425088
Key Up;W;425375
Key Down;W;425592
Key Up;W;425704
Key Down;A;427736
Key Up;A;428296
Key Down;D;428528
Key Up;D;428719
Key Down;W;428760
Key Up;W;429128
Key Down;A;429271
Key Down;W;429392
Key Up;A;429480
Key Down;A;429576
Key Up;A;430104
Key Down;A;430240
Key Up;A;430688
Key Down;A;431000
Key Up;A;431191
Key Down;D;431288
Key Up;D;431472
Key Up;W;431496
Key Down;D;431608
Key Up;D;431824
Key Down;A;431880
Key Down;W;431936
Key Up;W;432128
Key Up;A;432183
Key Down;D;432496
Key Up;D;432592
Key Down;A;432600
Key Down;W;432680
Key Up;A;432880
Key Up;W;432904
Key Down;W;433040
Key Down;D;433224
Key Up;D;433535
Key Down;D;434224
Key Up;W;434584
Key Down;W;434832
Key Up;D;435071
Key Down;A;435280
Key Up;W;436023
Key Down;W;436064
Key Up;A;436215
Key Down;A;436432
Key Up;A;437015
Key Down;A;437361
Key Up;A;437735
Key Up;W;438656
Key Down;D;438744
Key Up;D;438903
Key Down;D;439176
Key Up;D;439304
Key Down;D;439537
Key Down;W;439656
Key Up;D;439872
Key Up;W;440175
Key Down;W;440343
Key Down;A;440408
Key Up;A;440775
Key Down;A;440832
Key Up;A;440920
Key Up;W;441024
Key Down;W;441400
Key Down;D;441672
Key Up;D;441823
Key Up;W;441872
Key Down;W;442504
Key Up;W;442631
Key Down;A;442736
Key Up;A;442792
Key Down;A;444272
Key Up;A;444367
Key Down;D;444424
Key Down;W;444512
Key Up;D;445039
Key Up;W;445064
Key Down;W;445368
Key Down;D;445408
Key Up;D;445440
Key Up;W;445504
Key Down;W;445672
Key Up;W;445880
Key Down;A;446160
Key Down;W;446288
Key Up;W;446712
Key Down;W;446936
Key Up;A;446976
Key Up;W;447008
Key Down;W;447201
Key Down;A;447335
Key Up;A;447799
Key Down;Space;448032
Key Up;Space;448207
Key Down;Space;448768
Key Up;Space;448943
Key Down;Space;449512
Key Up;Space;449711
Key Down;A;450008
Key Up;W;450167
Key Down;S;450536
Key Up;S;450711
Key Down;W;450888
Key Up;A;451167
Key Down;D;451551
Key Up;D;451703
Key Down;A;452031
Key Up;A;452463
Key Down;A;452936
Key Up;A;453079
Key Down;D;454056
Key Up;D;454152
Key Up;W;454960
Key Down;D;455072
Key Down;S;455176
Key Up;S;455408
Key Down;W;455552
Key Up;D;455904
Key Down;A;456119
Key Up;A;456416
Key Down;Space;457072
Key Up;Space;457264
Key Down;A;457520
Key Up;A;458055
Key Down;Space;458216
Key Up;Space;458335
Key Down;A;458744
Key Up;A;459191
Key Up;W;459720
Key Down;S;459848
Key Up;S;460184
Key Down;D;460368
Key Down;W;460832
Key Up;D;461111
Key Down;Space;461552
Key Down;D;461696
Key Up;Space;461744
Key Up;D;462087
Key Down;Space;462648
Key Up;Space;462816
Key Down;Space;463409
Key Up;Space;463584
Key Down;D;464016
Key Up;W;464184
Key Down;S;464280
Key Up;S;464527
Key Down;W;464655
Key Up;D;464952
Key Down;A;465088
Key Up;A;465240
Key Down;A;465312
Key Up;A;465472
Key Down;Space;465784
Key Up;Space;465968
Key Down;Space;466528
Key Up;Space;466695
Key Down;D;467000
Key Up;D;467456
Key Up;W;467872
Key Down;A;468112
Key Down;W;468344
Key Up;A;468880
Key Down;Space;469312
Key Up;Space;469488
Key Down;D;469696
Key Up;D;469816
Key Down;Space;470176
Key Up;Space;470295
Key Up;W;471088
Key Down;S;471192
Key Down;A;471256
Key Up;S;471544
Key Down;W;471672
Key Up;W;472104
Key Down;W;472312
Key Up;W;472480
Key Up;A;472488
Key Down;D;472584
Key Down;W;472968
Key Up;D;473632
Key Up;W;473647
Key Down;W;473831
Key Up;W;474200
Key Down;S;474304
Key Down;A;474367
Key Up;S;474608
Key Down;W;474856
Key Up;W;475264
Key Up;A;475391
Key Down;W;475567
Key Down;D;475976
Key Up;D;476160
Key Down;Space;476432
Key Up;Space;476624
Key Up;W;477720
Key Down;D;481336
Key Up;D;481424
Key Down;W;481720
Key Up;W;482744
Key Down;W;482968
Key Down;A;482976
Key Up;A;483152
Key Up;W;483199
Key Down;D;483392
Key Down;W;483448
Key Up;W;483535
Key Up;D;483551
Key Down;W;483895
Key Up;W;484127
Key Down;W;484599
Key Down;A;484632
Key Up;A;484743
Key Up;W;484783
Key Down;W;485320
Key Down;A;485328
Key Up;A;485472
Key Up;W;485511
Key Down;A;485711
Key Up;A;485855
Key Down;D;486728
Key Down;W;486800
Key Up;D;486992
Key Down;Space;487375
Key Up;Space;487519
Key Down;Space;488056
Key Up;Space;488271
Key Up;W;489175
Key Down;S;489648
Key Up;S;489751
Key Down;S;489952
Key Down;A;489976
Key Up;S;490407
Key Up;A;490552
Key Down;W;490608
Key Down;D;491008
Key Up;W;491119
Key Down;Space;491192
Key Up;Space;491392
Key Up;D;491599
Key Down;D;491656
Key Down;W;491728
Key Up;W;492103
Key Down;W;492320
Key Up;D;492391
Key Down;A;492648
Key Up;W;492664
Key Down;W;492688
Key Up;A;492847
Key Up;W;492871
Key Down;W;493032
Key Up;W;493552
Key Down;W;493967
Key Up;W;494056
Key Down;W;494391
Key Down;Space;494584
Key Up;Space;494776
Key Down;A;495216
Key Up;W;495263
Key Up;A;495375
Key Down;S;495560
Key Up;S;496423
Key Down;W;496687
Key Up;W;497216
Key Down;A;498095
Key Down;W;498344
Key Up;A;498647
Key Up;W;498655
Key Down;D;498800
Key Down;W;498864
Key Up;D;499167
Key Up;W;499223
Key Down;D;499456
Key Up;D;499648
Key Down;A;499872
Key Down;W;500032
Key Up;A;500527
Key Down;A;500847
Key Up;W;500991
Key Down;Space;501136
Key Up;Space;501319
Key Down;W;501343
Key Up;A;501624
Key Down;A;501711
Key Up;A;501815
Key Down;D;501831
Key Up;D;502040
Key Down;D;502063
Key Down;Space;502080
Key Up;Space;502296
Key Down;Space;502409
Key Up;D;502575
Key Up;Space;502584
Key Up;W;502760
Key Down;A;502976
Key Down;W;503047
Key Up;A;503256
Key Down;A;503527
Key Up;A;504152
Key Down;A;504312
Key Up;A;504375
Key Down;D;504640
Key Up;D;504984
Key Down;A;505039
Key Up;A;505487
Key Up;W;506072
Key Down;A;506640
Key Up;A;506775
Key Down;A;506897
Key Down;W;506927
Key Up;A;507104
Key Down;D;507448
Key Up;D;507568
Key Down;D;509168
Key Up;W;509216
Key Down;W;509544
Key Up;D;509680
Key Down;A;509912
Key Up;A;510248
Key Up;W;510744
Key Down;A;510952
Key Down;W;511120
Key Up;W;511719
Key Up;A;512167
Key Down;D;512424
Key Down;W;512479
Key Up;D;512975
Key Down;D;513136
Key Up;W;513159
Key Down;W;513575
Key Up;D;514047
Key Up;W;514288
Key Down;A;514360
Key Down;S;514456
Key Up;S;514799
Key Down;W;515048
Key Up;W;515287
Key Down;W;515528
Key Up;W;516151
Key Up;A;516223
Key Down;S;516312
Key Down;A;516439
Key Up;S;516624
Key Down;W;516832
Key Up;W;517160
Key Up;A;517400
Key Down;D;517544
Key Down;W;517880
Key Up;W;518255
Key Up;D;518295
Key Down;A;518568
Key Up;A;519295
Key Down;W;519432
Key Down;A;519576
Key Up;A;519760
Key Up;W;520048
Key Down;D;520119
Key Down;W;520480
Key Up;D;520599
Key Down;A;520751
Key Up;A;521119
Key Down;A;522536
Key Up;A;522999
Key Down;A;523575
Key Up;A;524143
Key Down;D;527048
Key Up;D;527360
Key Down;A;529247
Key Up;A;529535
Key Down;A;531639
Key Up;A;531895
Key Down;D;532896
Key Up;D;533311
Key Down;D;535120
Key Up;W;535575
Key Down;S;535808
Key Up;D;535863
Key Down;A;535935
Key Up;A;536392
Key Down;A;536544
Key Up;A;536800
Key Down;D;537104
Key Up;D;537343
Key Down;D;537856
Key Up;D;538016
Key Down;D;538152
Key Up;D;538304
Key Down;A;539055
Key Up;A;539207
Key Down;D;539808
Key Up;S;539976
Key Down;W;540112
Key Up;D;540176
Key Down;A;540568
Key Up;W;540688
Key Up;A;540968
Key Down;D;541216
Key Down;W;541624
Key Up;D;541719
Key Down;D;542112
Key Up;D;542264
Key Down;A;542624
Key Up;A;542888
Key Down;Space;543111
Key Up;Space;543296
Key Down;A;543480
Key Up;A;543943
Key Down;Space;544112
Key Up;Space;544264
Key Up;W;544439
Key Down;A;544792
Key Down;W;544881
Key Up;A;544944
Key Down;D;545008
Key Up;D;545391
Key Up;W;545424
Key Down;W;545680
Key Up;W;545856
Key Down;A;546136
Key Up;A;546327
Key Down;D;546512
Key Down;W;546648
Key Up;D;546743
Key Down;A;546839
Key Up;A;547047
Key Down;A;548304
Key Up;A;548639
Key Up;W;548719
Key Down;A;549152
Key Down;W;549264
Key Up;A;549407
Key Down;D;550240
Key Up;W;550527
Key Up;D;551391
Key Down;W;551431
Key Down;A;551607
Key Up;A;551848
Key Up;W;552815
Key Down;S;553568
Key Down;D;553800
Key Up;D;554319
Key Down;A;554744
Key Up;A;554935
Key Down;A;555160
Key Up;A;555303
Key Up;S;555568
Key Down;W;556104
Key Down;A;557296
Key Up;W;557792
Key Down;S;557905
Key Up;A;557967
Key Down;D;558272
Key Up;D;558471
Key Up;S;558511
Key Down;W;558624
Key Down;D;559319
Key Up;W;559615
Key Up;D;559751
Key Down;A;560055
Key Up;A;560224
Key Down;D;560344
Key Up;D;560399
Key Down;S;560552
Key Down;D;560871
Key Up;S;560928
Key Up;D;561168
Key Down;W;561336
Key Down;A;561720
Key Up;A;562064
Key Down;D;562160
Key Up;D;563039
Key Down;D;563512
Key Up;D;563703
Key Up;W;564007
Key Down;W;564528
Key Down;D;564552
Key Up;D;564664
Key Up;W;564672
Key Down;W;567632
Key Down;A;567824
Key Up;A;568192
Key Up;W;568223
Key Down;W;568400
Key Up;W;568535
Key Down;W;569384
Key Down;A;569576
Key Up;A;569992
Key Up;W;570081
Key Down;W;570368
Key Down;A;570384
Key Up;A;570592
Key Down;A;570976
Key Up;A;571144
Key Up;W;571239
Key Down;W;571495
Key Up;W;571615
Key Down;W;571984
Key Down;A;572199
Key Up;A;572456
Key Up;W;572487
Key Down;A;572752
Key Up;A;572888
Key Down;W;573783
Key Up;W;573975
Key Down;W;576776
Key Down;A;576864
Key Up;A;577239
Key Up;W;577679
Key Down;D;578216
Key Down;W;578295
Key Up;D;578368
Key Up;W;578479
Key Down;W;578488
Key Up;W;578591
Key Down;D;578800
Key Up;D;578991
Key Down;W;579344
Key Down;D;579496
Key Up;W;579599
Key Up;D;579632
Key Down;W;583936
Key Up;W;584143
Key Down;W;587568
Key Down;A;587576
Key Up;A;587759
Key Up;W;588303
Key Down;W;588544
Key Up;W;589351
Key Down;D;589599
Key Up;D;589767
Key Down;A;589968
Key Up;A;590159
Key Down;W;590503
Key Down;A;590776
Key Up;A;590887
Key Up;W;590928
Key Down;D;591263
Key Down;W;591272
Key Up;D;591480
Key Up;W;591807
Key Down;A;591816
Key Up;A;591920
Key Down;A;592176
Key Down;W;592544
Key Up;W;592743
Key Up;A;592759
Key Down;D;593400
Key Up;D;593519
Key Down;A;594200
Key Up;A;594351
Key Down;W;596352
Key Down;Space;596920
Key Up;Space;597095
Key Down;A;597368
Key Up;W;597568
Key Up;A;597600
Key Down;A;598192
Key Up;A;598304
Key Down;W;598552
Key Down;A;598680
Key Up;A;599055
Key Up;W;599063
Key Down;A;599392
Key Up;A;599544
Key Down;W;600217
Key Down;A;600328
Key Up;A;600816
Key Up;W;600831
Key Down;A;601072
Key Up;A;601208
Key Down;D;601656
Key Down;W;601664
Key Up;D;601944
Key Down;D;602231
Key Up;W;602375
Key Up;D;602384
Key Down;Escape;602984
Key Up;Escape;603127
Key Down;W;603584
Key Up;W;603711
Key Down;W;604992
Key Up;W;605295
Key Down;W;605624
Key Up;W;605768
Key Down;W;614079
Key Down;A;614224
Key Up;A;614391
Key Up;W;614415
Key Down;W;615344
Key Up;W;615815
Key Down;W;615944
Key Down;A;616055
Key Up;W;616144
Key Down;W;616352
Key Up;A;616480
Key Down;D;616648
Key Up;W;616823
Key Down;W;617159
Key Up;D;617527
Key Down;A;617688
Key Up;A;618032
Key Down;D;618128
Key Up;D;618303
Key Down;D;618559
Key Up;W;618680
Key Up;D;618727
Key Down;W;619175
Key Up;W;619632
Key Down;D;619735
Key Down;W;619864
Key Up;D;620208
Key Down;A;620688
Key Up;A;620880
Key Down;A;621328
Key Up;A;621512
Key Up;W;621712
Key Down;W;621984
Key Up;W;622279
Key Down;A;622464
Key Down;W;622488
Key Up;A;622607
Key Down;D;622728
Key Up;D;622943
Key Down;A;623151
Key Up;W;623168
Key Down;W;623319
Key Up;A;623711
Key Down;A;624192
Key Up;A;624303
Key Down;A;624719
Key Up;A;625056
Key Up;W;626464
Key Down;A;626568
Key Down;W;626696
Key Up;A;628087
Key Down;A;628640
Key Up;W;628743
Key Down;W;628992
Key Up;A;629103
Key Down;D;629256
Key Up;W;629431
Key Down;W;629655
Key Up;D;629928
Key Down;A;630063
Key Up;A;630367
Key Up;W;630775
Key Down;W;631103
Key Up;W;631224
Key Down;W;632768
Key Down;Space;632864
Key Up;Space;633063
Key Up;W;633864
Key Down;S;634168
Key Up;S;634991
Key Down;W;635232
Key Up;W;635712
Key Down;S;637400
Key Up;S;637648
Key Down;Escape;638432
Key Up;Escape;638608
Key Down;W;641208
Key Up;W;641352
Key Down;W;648520
Key Up;W;648679
Key Down;W;648992
Key Up;W;649159
Key Down;W;649463
Key Up;W;649816
Key Down;W;650095
Key Up;W;650256
Key Down;Left Shift;650288
Key Down;W;650376
Key Up;W;650856
Key Down;S;651183
Key Up;S;651824
Key Down;D;653856
Key Down;S;654000
Key Up;D;654071
Key Down;A;654448
Key Up;S;654551
Key Up;A;654679
Key Up;Left Shift;655151
Key Down;W;655368
Key Down;A;655383
Key Up;A;655768
Key Down;Space;656088
Key Up;Space;656671
Key Down;A;656728
Key Down;Left Shift;656936
Key Up;A;656984
Key Up;W;657127
Key Up;Left Shift;657288
Key Down;Escape;657568
Key Up;Escape;657712
Key Down;W;658896
Key Up;W;658943
Key Down;W;659488
Key Up;W;660151
Key Down;W;660391
Key Up;W;660735
Key Down;W;660983
Key Up;W;661127
Key Down;W;662944
Key Up;W;663144
Key Down;Left Shift;673136
Key Down;W;673256
Key Up;W;675391
Key Down;W;676032
Key Up;W;676120
Key Down;W;676696
Key Up;W;677088
Key Down;W;677200
Key Up;W;678360
Key Down;D;678487
Key Up;D;678719
Key Down;A;679143
Key Down;W;679263
Key Up;W;680263
Key Up;A;680296
Key Down;A;680503
Key Down;W;680736
Key Up;A;680776
Key Up;W;681200
Key Down;W;681383
Key Up;Left Shift;682680
Key Down;Left Shift;682696
Key Up;Left Shift;682928
Key Down;D;683048
Key Up;D;683256
Key Down;D;684304
Key Up;W;684367
Key Up;D;684407
Key Down;W;685783
Key Down;A;686928
Key Up;A;687047
Key Up;W;687088
Key Down;D;687216
Key Up;D;687312
Key Down;A;687832
Key Down;W;687960
Key Up;A;687976
Key Down;D;688592
Key Up;D;688759
Key Up;W;690184
Key Down;A;690744
Key Down;W;690760
Key Up;A;691415
Key Down;A;692560
Key Up;A;693104
Key Up;W;693168
Key Down;W;693360
Key Down;A;693392
Key Up;A;693536
Key Up;W;693560
Key Down;A;693816
Key Up;A;694000
Key Down;W;694472
Key Down;A;694656
Key Up;A;694888
Key Down;A;695576
Key Up;A;695783
Key Down;Left Shift;697152
Key Down;D;698049
Key Up;D;698391
Key Up;W;698455
Key Down;W;698599
Key Down;D;698896
Key Up;D;699159
Key Down;D;699185
Key Up;D;699575
Key Down;D;699871
Key Up;W;700007
Key Down;W;700224
Key Up;D;700503
Key Up;Left Shift;701943
Key Up;W;703032
Key Down;W;703224
Key Down;D;703232
Key Up;D;703391
Key Up;W;703424
Key Down;D;703720
Key Down;W;703744
Key Up;W;703808
Key Up;D;703888
Key Down;A;704128
Key Down;W;704135
Key Up;A;704496
Key Down;A;705152
Key Down;Space;705536
Key Up;A;705543
Key Up;Space;705704
Key Up;W;705751
Key Down;D;705895
Key Down;S;706360
Key Up;D;706407
Key Up;S;706615
Key Down;S;707008
Key Down;A;707152
Key Up;A;707479
Key Up;S;707487
Key Down;W;708336
Key Up;W;708488
Key Down;W;708767
Key Up;W;709135
Key Down;W;709288
Key Down;D;709368
Key Up;D;709832
Key Down;A;710048
Key Up;A;710216
Key Down;D;710424
Key Up;D;710688
Key Up;W;710759
Key Down;W;711311
Key Down;A;711456
Key Up;A;712240
Key Down;D;712439
Key Up;D;712639
Key Down;A;715848
Key Up;A;716039
Key Down;A;717856
Key Up;A;718239
Key Down;A;719040
Key Up;A;719312
Key Down;A;720072
Key Up;A;720831
Key Down;A;720903
Key Up;A;721784
Key Down;D;722488
Key Up;D;722719
Key Down;D;723208
Key Up;D;723392
Key Down;A;723663
Key Up;A;723880
Key Down;D;724928
Key Up;D;725632
Key Down;D;726040
Key Up;D;726664
Key Down;A;727104
Key Up;A;728287
Key Down;A;728519
Key Up;A;729088
Key Down;A;729256
Key Up;A;729871
Key Down;A;730032
Key Up;A;730271
Key Down;A;730344
Key Up;A;730687
Key Down;A;730791
Key Up;A;731288
Key Down;A;731440
Key Up;A;732184
Key Up;W;734319
Key Down;W;734760
Key Up;W;734887
Key Down;Left Control;735200
Key Up;Left Control;735639
Key Down;Left Shift;735824
Key Up;Left Shift;736056
Key Down;Left Alt;736128
Key Up;Left Alt;736552
Key Down;W;736784
Key Up;W;737640
Key Down;Escape;737920
Key Up;Escape;738000
Key Down;W;738624
Key Up;W;738903
Key Down;W;739191
Key Up;W;739304
Key Down;A;743344
Key Down;W;743472
Key Up;A;743559
Key Up;W;743647
Key Down;D;743959
Key Down;W;744080
Key Up;W;744296
Key Up;D;744320
Key Down;A;744944
Key Up;A;745136
Key Down;W;745344
Key Down;D;745912
Key Up;W;746112
Key Up;D;746136
Key Down;A;746320
Key Down;W;746432
Key Up;A;746599
Key Up;W;747127
Key Down;A;747936
Key Down;W;747992
Key Up;W;748336
Key Down;W;748480
Key Up;A;748960
Key Down;A;749168
Key Up;A;749375
Key Up;W;749407
Key Down;A;749584
Key Up;A;749824
Key Down;W;749840
Key Down;A;750352
Key Up;W;750456
Key Up;A;750463
Key Down;S;751264
Key Up;S;751623
Key Down;Escape;753496
Key Up;Escape;753648
Key Down;W;754808
Key Up;W;754927
Key Down;W;755912
Key Up;W;756072
Key Down;W;756568
Key Up;W;756752
Key Down;W;757368
Key Up;W;757504
Key Down;W;761448
Key Up;W;761583
Key Down;W;761736
Key Down;A;762560
Key Up;A;762847
Key Up;W;762864
Key Down;W;763088
Key Up;W;763183
Key Down;W;763792
Key Up;W;764279
Key Down;D;770056
Key Up;D;770208
Key Down;W;770689
Key Down;A;771024
Key Up;W;771376
Key Down;W;771624
Key Up;A;771999
Key Down;D;772112
Key Up;D;772399
Key Down;D;772664
Key Up;D;772775
Key Up;W;773152
Key Down;D;773432
Key Up;D;773784
Key Down;W;774104
Key Down;A;774255
Key Up;W;774336
Key Down;W;774360
Key Up;A;774440
Key Up;W;774463
Key Down;D;774679
Key Up;D;774880
Key Down;W;775152
Key Up;W;775327
Key Down;D;775616
Key Up;D;775760
Key Down;D;776104
Key Up;D;776256
Key Down;W;776480
Key Down;D;776712
Key Up;D;776888
Key Down;A;777472
Key Up;A;777815
Key Up;W;777823
Key Down;D;777976
Key Up;D;778055
Key Down;A;778168
Key Down;W;778207
Key Up;A;778431
Key Down;D;778720
Key Up;D;778856
Key Down;A;779232
Key Up;W;779536
Key Down;W;779752
Key Up;A;779784
Key Down;D;780344
Key Up;D;780479
Key Up;W;781015
Key Down;W;781816
Key Down;D;782120
Key Up;D;782608
Key Down;D;784416
Key Up;D;784576
Key Up;W;784671
Key Down;D;784967
Key Up;D;785135
Key Down;W;785424
Key Up;W;785848
Key Down;Escape;786104
Key Up;Escape;786280
Key Down;W;787351
Key Up;W;787536
Key Down;D;787879
Key Up;D;788023
Key Down;W;788376
Key Up;W;788712
Key Down;W;789312
Key Up;W;789512
Key Down;W;790872
Key Up;W;790975
Key Down;S;791223
Key Up;S;791375
Key Down;A;791992
Key Up;A;792168
Key Down;D;795695
Key Down;W;795992
Key Up;D;796271
Key Up;W;796544
Key Down;W;796600
Key Up;W;798184
Key Down;S;799136
Key Up;S;799552
Key Down;W;805903
Key Up;W;807151
Key Down;A;807536
Key Down;W;807608
Key Up;A;807703
Key Up;W;807751
Key Down;D;808864
Key Up;D;808999
Key Down;W;809503
Key Up;W;809663
Key Down;W;814816
Key Up;W;815543
Key Down;W;816071
Key Up;W;816239
Key Down;D;816880
Key Down;W;816888
Key Up;W;817015
Key Up;D;817031
Key Down;W;817695
Key Up;W;817775
Key Down;W;818008
Key Up;W;818119
Key Down;S;818464
Key Up;S;818592
Key Down;W;819375
Key Down;Space;819712
Key Up;Space;819911
Key Down;Space;820975
Key Up;Space;821159
Key Up;W;821271
Key Down;D;821680
Key Down;W;822152
Key Up;W;822407
Key Up;D;822415
Key Down;D;823647
Key Up;D;823791
Key Down;W;823928
Key Up;W;824224
Key Down;D;825248
Key Up;D;825344
Key Down;D;827584
Key Down;W;827615
Key Up;D;827711
Key Up;W;829072
Key Down;W;830552
Key Down;Left Shift;830600
Key Up;W;830601
Key Down;W;830736
Key Down;D;830888
Key Up;W;831063
Key Up;D;831631
Key Up;Left Shift;832815
Key Down;W;834144
Key Down;A;834744
Key Up;A;835175
Key Up;W;835184
Key Down;A;835431
Key Up;A;835615
Key Down;Left Shift;836104
Key Down;W;836480
Key Down;A;836544
Key Up;A;836848
Key Up;W;836904
Key Down;W;837072
Key Up;Left Shift;837320
Key Down;D;837768
Key Up;D;837919
Key Up;W;837959
Key Down;W;838024
Key Up;W;838943
Key Down;D;839248
Key Up;D;839344
Key Down;W;839968
Key Up;W;840344
Key Down;W;840600
Key Down;A;840832
Key Up;W;840879
Key Down;W;840999
Key Up;W;841575
Key Down;S;841879
Key Up;A;842143
Key Down;A;842280
Key Up;S;842407
Key Up;A;842431
Key Down;W;843520
Key Down;Space;843647
Key Up;Space;843863
Key Down;A;843871
Key Down;Space;844248
Key Up;Space;844407
Key Down;Space;844519
Key Up;Space;844735
Key Up;A;844815
Key Down;D;845040
Key Up;W;845087
Key Up;D;845463
Key Down;W;846544
Key Up;W;846743
Key Down;D;847072
Key Up;D;847488
Key Down;A;847632
Key Down;W;847704
Key Up;A;847847
Key Down;A;848591
Key Up;W;848768
Key Down;W;848832
Key Up;W;849000
Key Up;A;849279
Key Down;D;849312
Key Up;D;849504
Key Down;A;849599
Key Down;W;849695
Key Up;A;849703
Key Down;D;849992
Key Up;D;850351
Key Down;D;850968
Key Up;W;851191
Key Down;S;851504
Key Up;D;851632
Key Up;S;851647
Key Down;D;851904
Key Up;D;852248
Key Down;W;852448
Key Up;W;852856
Key Down;A;853320
Key Down;W;853472
Key Up;A;853743
Key Up;W;854063
Key Down;A;854064
Key Down;W;854280
Key Up;A;854496
Key Up;W;855183
Key Down;W;855448
Key Down;A;856248
Key Up;A;856671
Key Down;A;857064
Key Up;W;857184
Key Down;W;857632
Key Up;A;857712
Key Down;D;858152
Key Up;D;858279
Key Up;W;858848
Key Down;E;867136
Key Down;S;867464
Key Up;S;867624
Key Up;E;867672
Key Down;W;867799
Key Down;A;868320
Key Up;A;868551
Key Down;A;868776
Key Up;A;869007
Key Up;W;869087
Key Down;W;869415
Key Up;W;869720
Key Down;D;869927
Key Down;W;870032
Key Up;D;870095
Key Up;W;870176
Key Down;W;870495
Key Down;Left Shift;870567
Key Down;D;871728
Key Up;D;871943
Key Up;W;872071
Key Down;W;872320
Key Up;W;872479
Key Down;W;872735
Key Up;W;872879
Key Down;W;873968
Key Up;W;874191
Key Down;W;874607
Key Up;W;875063
Key Down;W;875280
Key Down;A;877103
Key Up;W;877176
Key Down;S;877399
Key Up;S;877951
Key Down;W;878271
Key Up;A;878543
Key Up;Left Shift;879127
Key Down;A;879240
Key Up;W;879319
Key Down;S;879488
Key Up;A;879656
Key Down;A;879896
Key Up;A;880087
Key Up;S;880191
Key Down;W;885479
Key Up;W;886184
Key Down;A;886656
Key Up;A;886752
Key Down;A;887007
Key Up;A;887199
Key Down;A;887439
Key Up;A;887631
Key Down;W;888632
Key Up;W;888864
Key Down;W;889712
Key Up;W;889863
Key Down;W;890568
Key Up;W;890976
Key Down;S;891176
Key Up;S;891528
Key Down;W;892128
Key Down;A;892520
Key Down;D;892632
Key Up;A;892679
Key Up;W;892720
Key Down;W;892800
Key Up;W;892920
Key Up;D;893008
Key Down;W;893336
Key Up;W;893728
Key Down;D;894264
Key Down;W;894305
Key Up;D;894511
Key Up;W;895359
Key Down;W;895783
Key Up;W;895991
Key Down;W;896160
Key Up;W;896655
Key Down;D;896815
Key Up;D;896991
Key Down;D;897232
Key Up;D;897471
Key Down;A;897615
Key Up;A;897760
Key Down;W;898031
Key Up;W;898375
Key Down;W;899255
Key Up;W;899407
Key Down;A;899656
Key Up;A;899823
Key Down;A;900183
Key Down;W;900264
Key Up;A;900344
Key Down;D;900448
Key Up;W;900663
Key Down;W;900912
Key Up;W;901031
Key Up;D;901039
Key Down;A;901272
Key Down;W;901400
Key Up;A;901487
Key Down;D;901640
Key Up;D;901887
Key Down;D;902576
Key Up;D;902727
Key Down;D;903168
Key Up;D;903479
Key Down;A;903832
Key Up;A;904024
Key Down;A;904152
Key Down;Left Shift;904416
Key Up;Left Shift;904711
Key Up;W;904745
Key Up;A;905072
Key Down;W;905136
Key Down;A;905271
Key Up;W;905464
Key Up;A;905519
Key Down;A;905736
Key Up;A;906023
Key Down;A;906040
Key Down;Left Control;906256
Key Down;W;906280
Key Up;A;906424
Key Up;W;906687
Key Up;Left Control;907360
Key Down;W;907408
Key Up;W;908344
Key Down;D;908800
Key Up;D;908928
Key Down;W;909200
Key Up;W;909368
Key Down;D;910096
Key Up;D;910527
Key Down;W;910584
Key Up;W;911519
Key Down;D;911640
Key Down;W;911768
Key Up;W;912104
Key Up;D;912159
Key Down;D;912687
Key Up;D;912888
Key Down;A;912992
Key Up;A;913200
Key Down;D;913511
Key Down;W;913656
Key Up;D;913735
Key Down;A;914264
Key Up;W;914383
Key Up;A;914391
Key Down;A;914840
Key Down;W;915000
Key Up;A;915192
Key Down;A;915992
Key Up;A;916255
Key Down;Left Shift;916919
Key Up;W;918087
Key Down;W;921152
Key Up;Left Shift;924600
Key Down;Space;925000
Key Up;Space;925183
Key Down;D;925816
Key Up;W;926231
Key Up;D;926344
Key Down;D;926512
Key Down;W;926536
Key Up;D;926600
Key Down;D;926735
Key Up;D;926863
Key Up;W;927152
Key Down;S;927792
Key Up;S;928032
Key Down;W;934536
Key Down;D;934744
Key Up;D;935127
Key Down;D;936288
Key Up;D;936528
Key Down;D;936696
Key Up;D;937280
Key Up;W;939016
Key Down;A;939160
Key Down;W;939616
Key Up;W;939935
Key Up;A;940016
Key Down;A;940208
Key Down;W;940791
Key Up;W;940960
Key Up;A;941063
Key Down;A;941808
Key Up;A;942632
Key Down;A;943279
Key Down;W;943351
Key Up;A;943415
Key Up;W;943536
Key Down;D;944528
Key Up;D;944824
Key Down;A;945024
Key Down;W;945032
Key Up;A;945072
Key Up;W;945271
Key Down;A;945384
Key Up;A;945552
Key Down;S;945704
Key Up;S;945808
Key Down;D;945944
Key Down;W;946344
Key Up;W;946543
Key Up;D;946632
Key Down;S;946944
Key Up;S;947056
Key Down;D;947416
Key Down;W;947783
Key Up;W;948032
Key Up;D;948071
Key Down;S;948400
Key Up;S;948519
Key Down;D;949104
Key Down;W;949248
Key Up;D;949649
Key Up;W;949680
Key Down;W;949744
Key Down;A;949823
Key Up;W;950128
Key Up;A;950160
Key Down;D;951224
Key Up;D;951951
Key Down;D;952448
Key Down;W;952712
Key Up;W;952888
Key Down;S;953288
Key Up;S;953464
Key Up;D;953576
Key Down;D;954104
Key Down;W;954328
Key Up;W;954735
Key Up;D;954767
Key Down;A;955200
Key Up;A;955288
Key Down;A;955432
Key Down;W;955568
Key Up;A;956312
Key Up;W;956360
Key Down;W;957224
Key Up;W;957336
Key Down;D;957719
Key Down;W;958048
Key Up;W;958143
Key Up;D;958463
Key Down;W;959168
Key Up;W;959392
Key Down;D;959721
Key Down;S;959864
Key Up;S;960023
Key Down;W;960296
Key Up;W;960487
Key Up;D;960519
Key Down;D;961416
Key Up;D;961512
Key Down;W;961584
Key Up;W;961792
Key Down;D;962048
Key Up;D;962456
Key Down;W;962584
Key Down;D;962624
Key Up;W;962680
Key Up;D;962768
Key Down;D;963224
Key Down;W;963287
Key Up;D;963736
Key Up;W;963823
Key Down;W;964000
Key Down;A;964016
Key Up;A;964311
Key Up;W;964368
Key Down;D;965224
Key Down;W;965544
Key Up;W;965751
Key Up;D;965784
Key Down;W;966288
Key Up;W;966352
Key Down;S;966664
Key Up;S;966791
Key Down;W;967168
Key Up;W;967631
Key Down;W;967887
Key Up;W;968280
Key Down;W;973375
Key Up;W;973895
Key Down;A;974008
Key Up;A;974151
Key Down;A;974264
Key Up;A;974455
Key Down;A;974687
Key Up;A;974864
Key Down;A;975120
Key Up;A;975264
Key Down;W;975632
Key Down;A;975800
Key Up;A;976047
Key Down;A;976304
Key Up;A;976463
Key Down;D;976536
Key Up;W;976791
Key Down;W;977032
Key Up;D;977231
Key Up;W;977280
Key Down;A;978520
Key Down;W;978640
Key Up;W;979631
Key Down;W;980008
Key Up;A;980504
Key Up;W;980527
Key Down;A;980760
Key Up;A;980911
Key Down;A;981104
Key Down;W;981511
Key Up;A;982287
Key Up;W;982287
Key Down;W;982632
Key Down;D;982840
Key Up;D;983095
Key Up;W;983232
Key Down;D;983480
Key Down;W;983487
Key Up;D;983599
Key Up;W;983656
Key Down;D;983879
Key Down;W;984120
Key Up;D;984191
Key Up;W;984287
Key Down;A;984423
Key Down;W;984496
Key Up;A;984600
Key Down;D;984744
Key Up;D;985288
Key Down;A;985696
Key Up;A;986008
Key Down;A;988040
Key Up;A;988279
Key Up;W;988351
Key Down;W;988624
Key Up;W;988959
Key Down;A;989025
Key Down;W;989336
Key Up;A;989584
Key Down;A;989816
Key Up;A;989943
Key Down;D;991312
Key Up;W;991551
Key Up;D;991584
Key Down;A;992112
Key Up;A;992248
Key Down;W;992560
Key Down;A;992743
Key Up;A;993184
Key Down;A;994320
Key Up;A;994887
Key Down;A;995176
Key Up;A;995560
Key Down;A;996072
Key Up;A;996256
Key Down;A;996448
Key Up;A;996880
Key Up;W;997072
Key Down;W;998672
Key Up;W;998791
Key Down;A;998808
Key Down;W;998880
Key Up;A;999023
Key Down;D;1000631
Key Up;D;1000952
Key Down;D;1002616
Key Up;D;1002808
Key Up;W;1003103
Key Down;W;1003256
Key Up;W;1003415
Key Down;A;1003792
Key Down;W;1003887
Key Up;A;1004167
Key Down;A;1004192
Key Up;A;1004415
Key Down;A;1006552
Key Up;A;1006871
Key Down;A;1007480
Key Up;W;1007815
Key Up;A;1007904
Key Down;W;1008944
Key Down;A;1009496
Key Up;A;1009695
Key Down;D;1009961
Key Up;D;1010056
Key Up;W;1010088
Key Down;W;1010808
Key Down;A;1011120
Key Up;W;1011288
Key Up;A;1011288
Key Down;A;1011584
Key Up;A;1011800
Key Down;A;1011856
Key Down;W;1011928
Key Up;W;1012280
Key Down;W;1012336
Key Up;A;1012448
Key Down;D;1012536
Key Up;D;1012840
Key Down;D;1013560
Key Up;W;1013919
Key Up;D;1014063
Key Down;W;1014936
Key Down;A;1015024
Key Up;W;1015112
Key Up;A;1015167
Key Down;D;1015216
Key Down;W;1015328
Key Up;D;1015383
Key Down;D;1016119
Key Up;W;1016416
Key Up;D;1016431
Key Down;E;1018200
Key Up;E;1018240
Key Down;E;1018529
Key Up;E;1018976
Key Down;W;1019080
Key Down;Q;1019088
Key Up;Q;1019191
Key Down;A;1019456
Key Up;A;1019848
Key Down;A;1020072
Key Up;A;1020375
Key Down;D;1020632
Key Up;D;1020871
Key Up;W;1021272
Key Down;W;1022424
Key Down;D;1023896
Key Up;D;1024120
Key Down;A;1024800
Key Up;A;1024944
Key Up;W;1024960
Key Down;D;1026296
Key Up;D;1026439
Key Down;W;1026777
Key Down;D;1026777
Key Up;W;1026832
Key Up;D;1026936
Key Down;D;1027176
Key Up;D;1027335
Key Down;W;1027704
Key Up;W;1027824
Key Down;D;1027976
Key Up;D;1028095
Key Down;D;1028256
Key Up;D;1028496
Key Down;D;1029520
Key Down;W;1029592
Key Up;D;1029672
Key Up;W;1029744
Key Down;W;1029920
Key Down;D;1030208
Key Up;D;1030368
Key Down;D;1030448
Key Up;W;1030511
Key Up;D;1030567
Key Down;D;1030896
Key Down;W;1030903
Key Up;W;1031128
Key Up;D;1031136
Key Down;W;1031440
Key Down;A;1031544
Key Up;A;1031664
Key Up;W;1031679
Key Down;W;1032016
Key Up;W;1032152
Key Down;D;1032656
Key Down;W;1032736
Key Up;D;1032951
Key Down;D;1033136
Key Up;D;1033256
Key Down;D;1033704
Key Up;W;1033791
Key Up;D;1033911
Key Down;A;1034584
Key Down;W;1034625
Key Up;A;1034792
Key Up;W;1034912
Key Down;D;1035568
Key Down;W;1035736
Key Up;D;1035776
Key Up;W;1036023
Key Down;W;1036192
Key Down;D;1036568
Key Up;W;1036728
Key Up;D;1036775
Key Down;W;1037047
Key Down;A;1037296
Key Up;A;1037576
Key Up;W;1037583
Key Down;A;1038272
Key Up;A;1038639
Key Down;A;1038879
Key Down;W;1038888
Key Up;A;1039119
Key Up;W;1039120
Key Down;A;1039360
Key Up;A;1039544
Key Down;A;1039872
Key Down;W;1039960
Key Up;A;1040047
Key Down;D;1040792
Key Up;D;1041119
Key Up;W;1041167
Key Down;W;1041816
Key Up;W;1041952
Key Down;W;1044832
Key Up;W;1047024
Key Down;D;1048728
Key Down;W;1048871
Key Up;D;1049063
Key Up;W;1049072
Key Down;W;1050087
Key Down;A;1050135
Key Up;A;1050304
Key Down;A;1050544
Key Up;A;1050831
Key Down;A;1050976
Key Up;A;1053848
Key Down;A;1054120
Key Up;A;1054391
Key Down;A;1054728
Key Up;A;1056255
Key Up;W;1057575
Key Down;D;1057760
Key Up;D;1058063
Key Down;S;1058176
Key Up;S;1058327
Key Down;D;1058808
Key Up;D;1058943
Key Down;S;1059199
Key Up;S;1059295
Key Down;A;1061056
Key Down;W;1061072
Key Up;A;1061503
Key Down;A;1061800
Key Up;A;1062071
Key Down;A;1063583
Key Up;A;1063815
Key Down;A;1064920
Key Up;A;1065079
Key Down;A;1065704
Key Up;A;1066624
Key Up;W;1066696
Key Down;W;1067496
Key Down;D;1069544
Key Up;D;1069880
Key Down;D;1070360
Key Up;D;1072063
Key Up;W;1072088
Key Down;D;1072400
Key Down;W;1073312
Key Up;W;1073623
Key Up;D;1073641
Key Down;A;1073816
Key Up;A;1073936
Key Down;D;1074048
Key Down;W;1074352
Key Down;Space;1074408
Key Up;W;1074576
Key Down;W;1074751
Key Up;Space;1074847
Key Up;D;1075271
Key Down;A;1075352
Key Up;W;1075399
Key Down;W;1075615
Key Up;A;1075680
Key Down;D;1075831
Key Up;D;1077119
Key Down;D;1077400
Key Up;D;1078504
Key Down;A;1079152
Key Up;A;1079360
Key Down;D;1079760
Key Up;W;1079824
Key Up;D;1079831
Key Down;A;1080071
Key Down;S;1080152
Key Up;S;1080529
Key Down;W;1080744
Key Up;A;1080816
Key Down;D;1080896
Key Up;W;1081007
Key Down;A;1081272
Key Up;D;1081343
Key Down;W;1081528
Key Up;A;1081687
Key Up;W;1081792
Key Down;Escape;1081944
Key Up;Escape;1082112
Key Down;W;1082615
Key Up;W;1082864
Key Down;A;1084208
Key Up;A;1084367
Key Down;W;1084720
Key Up;W;1084872
Key Down;A;1085815
Key Down;W;1085832
Key Up;A;1085960
Key Up;W;1086040
Key Down;W;1088008
Key Down;A;1088256
Key Up;A;1088599
Key Down;D;1089016
Key Up;D;1089279
Key Down;D;1089432
Key Up;D;1089751
Key Down;D;1090488
Key Up;D;1090648
Key Down;D;1091295
Key Up;D;1091527
Key Down;D;1091775
Key Up;D;1091912
Key Down;D;1092343
Key Up;D;1092536
Key Down;D;1093032
Key Up;D;1093192
Key Down;D;1093936
Key Up;D;1094280
Key Down;D;1095040
Key Up;D;1095447
Key Up;W;1095520
Key Down;D;1096160
Key Down;W;1096264
Key Up;D;1096472
Key Up;W;1096824
Key Down;Escape;1097240
Key Up;Escape;1097392
Key Down;W;1099080
Key Up;W;1099263
Key Down;W;1100640
Key Down;A;1101152
Key Up;W;1101495
Key Up;A;1101543
Key Down;W;1101752
Key Up;W;1102832
Key Down;D;1102959
Key Down;W;1103184
Key Up;W;1103831
Key Up;D;1103912
Key Down;D;1104168
Key Down;S;1104240
Key Up;D;1104392
Key Down;D;1104448
Key Up;D;1104647
Key Down;A;1105423
Key Up;S;1105648
Key Up;A;1105960
Key Down;W;1106016
Key Down;D;1106024
Key Up;D;1106640
Key Up;W;1106647
Key Down;S;1106768
Key Down;A;1106776
Key Up;A;1107103
Key Down;A;1107369
Key Up;S;1107711
Key Up;A;1107752
Key Down;D;1107856
Key Down;W;1107888
Key Up;D;1108784
Key Up;W;1108807
Key Down;A;1108824
Key Down;W;1109128
Key Up;A;1109319
Key Up;W;1109351
Key Down;A;1109480
Key Down;S;1109615
Key Up;A;1109647
Key Down;A;1109983
Key Up;A;1110183
Key Down;A;1110600
Key Up;A;1111015
Key Down;A;1111256
Key Up;A;1111616
Key Up;S;1111632
Key Down;W;1111808
Key Down;D;1112216
Key Up;D;1112567
Key Down;D;1113688
Key Up;D;1114583
Key Up;W;1115359
Key Down;A;1115408
Key Down;W;1115536
Key Up;A;1115592
Key Up;W;1115711
Key Down;W;1116408
Key Down;A;1116632
Key Up;W;1116839
Key Up;A;1116895
Key Down;D;1116984
Key Down;W;1117112
Key Up;D;1117248
Key Down;Space;1118208
Key Up;Space;1118392
Key Down;Space;1118928
Key Up;Space;1119096
Key Down;Space;1119648
Key Up;Space;1119816
Key Down;A;1120448
Key Up;W;1120591
Key Up;A;1120607
Key Down;D;1121120
Key Up;D;1121231
Key Down;W;1121232
Key Down;A;1121528
Key Up;A;1121648
Key Up;W;1121752
Key Down;A;1122008
Key Up;A;1122184
Key Down;W;1122480
Key Down;A;1123056
Key Up;W;1123487
Key Up;A;1123503
Key Down;A;1123768
Key Up;A;1123920
Key Down;W;1124168
Key Down;D;1124528
Key Up;W;1124657
Key Up;D;1124671
Key Down;D;1125016
Key Up;D;1125112
Key Down;W;1125624
Key Down;A;1125888
Key Up;A;1126815
Key Up;W;1126831
Key Down;W;1127144
Key Down;D;1128240
Key Up;D;1128423
Key Down;D;1128592
Key Up;D;1128688
Key Up;W;1128711
Key Down;W;1130751
Key Down;D;1130904
Key Up;W;1130912
Key Down;W;1131023
Key Up;W;1131511
Key Up;D;1131624
Key Down;A;1131976
Key Down;W;1132424
Key Up;W;1132679
Key Up;A;1132695
Key Down;D;1133047
Key Down;W;1133111
Key Up;D;1133279
Key Down;D;1133552
Key Up;D;1133696
Key Down;D;1133984
Key Up;W;1134104
Key Up;D;1134144
Key Down;A;1134688
Key Down;W;1134743
Key Up;A;1134847
Key Down;D;1134920
Key Up;D;1135111
Key Down;D;1135368
Key Up;W;1135511
Key Up;D;1135671
Key Down;A;1135920
Key Down;W;1136048
Key Up;A;1136856
Key Down;A;1137592
Key Up;W;1137640
Key Up;A;1137696
Key Down;D;1138000
Key Down;W;1138168
Key Up;D;1138272
Key Down;A;1138576
Key Up;W;1138632
Key Up;A;1138775
Key Down;W;1139033
Key Up;W;1140103
Key Down;D;1140585
Key Up;D;1140760
Key Down;W;1142152
Key Down;D;1142567
Key Up;D;1142671
Key Up;W;1143504
Key Down;W;1143919
Key Down;D;1143928
Key Up;D;1144088
Key Up;W;1144095
Key Down;W;1145895
Key Up;W;1147112
Key Down;D;1147384
Key Up;D;1147495
Key Down;D;1148424
Key Up;D;1148535
Key Down;W;1148536
Key Up;W;1148704
Key Down;A;1149048
Key Down;W;1149104
Key Up;A;1149207
Key Down;D;1149552
Key Up;D;1149664
Key Down;D;1150008
Key Up;D;1150152
Key Up;W;1150184
Key Down;A;1150680
Key Down;W;1150775
Key Up;A;1150903
Key Down;D;1151471
Key Up;D;1151767
Key Up;W;1151848
Key Down;W;1152016
Key Down;A;1152248
Key Up;A;1152432
Key Up;W;1152495
Key Down;A;1152840
Key Up;A;1152960
Key Down;D;1153072
Key Up;D;1153135
Key Down;D;1153232
Key Up;D;1153519
Key Down;A;1153912
Key Down;W;1154056
Key Up;A;1154095
Key Up;W;1154151
Key Down;W;1154208
Key Down;A;1154456
Key Up;A;1154711
Key Down;A;1155184
Key Up;A;1155352
Key Down;A;1156239
Key Up;W;1156632
Key Up;A;1156632
Key Down;W;1158784
Key Down;A;1158984
Key Up;A;1159376
Key Down;A;1159608
Key Up;A;1159807
Key Down;A;1160312
Key Up;A;1160527
Key Down;A;1160736
Key Up;A;1161168
Key Down;D;1162864
Key Up;W;1162911
Key Up;D;1163040
Key Down;D;1163576
Key Down;W;1163671
Key Up;D;1163744
Key Down;A;1163936
Key Up;A;1164319
Key Down;D;1164600
Key Up;D;1164888
Key Up;W;1164951
Key Down;A;1165400
Key Up;A;1165560
Key Down;W;1165848
Key Down;D;1166056
Key Up;D;1166183
Key Down;D;1166448
Key Up;D;1166679
Key Down;A;1166872
Key Up;W;1166952
Key Up;A;1167032
Key Down;W;1167520
Key Down;D;1167672
Key Up;D;1167768
Key Down;A;1167991
Key Up;W;1168040
Key Up;A;1168191
Key Down;W;1168552
Key Down;A;1169448
Key Up;A;1169663
Key Up;W;1169688
Key Down;A;1170040
Key Down;W;1170144
Key Up;A;1170192
Key Down;A;1170536
Key Up;A;1170680
Key Down;A;1171296
Key Up;A;1171544
Key Up;W;1171591
Key Down;A;1171840
Key Down;W;1171896
Key Up;A;1172096
Key Down;A;1172224
Key Up;A;1172287
Key Up;W;1172336
Key Down;W;1173031
Key Down;D;1173127
Key Up;W;1173423
Key Up;D;1173640
Key Down;W;1173952
Key Down;A;1174648
Key Up;A;1175056
Key Down;D;1175488
Key Up;D;1175727
Key Up;W;1175968
Key Down;W;1176176
Key Up;W;1176408
Key Down;A;1176704
Key Up;A;1176888
Key Down;W;1176976
Key Up;W;1178071
Key Down;D;1178224
Key Up;D;1178416
Key Down;W;1179256
Key Up;W;1179616
Key Down;D;1180040
Key Up;D;1180264
Key Down;W;1180543
Key Down;D;1180800
Key Up;D;1180952
Key Down;A;1181328
Key Up;A;1181448
Key Up;W;1182032
Key Down;W;1183192
Key Down;A;1183520
Key Up;A;1183680
Key Down;D;1184535
Key Up;D;1184680
Key Down;A;1184936
Key Up;A;1185624
Key Down;D;1185872
Key Up;D;1186095
Key Up;W;1186151
Key Down;W;1186488
Key Down;D;1186703
Key Up;W;1186911
Key Up;D;1186992
Key Down;A;1187496
Key Down;W;1187504
Key Up;A;1188120
Key Down;A;1188288
Key Up;A;1188408
Key Down;D;1188496
Key Up;D;1188632
Key Up;W;1188871
Key Down;D;1189160
Key Down;W;1189216
Key Up;D;1189263
Key Down;A;1189352
Key Up;W;1189559
Key Up;A;1189888
Key Down;D;1190184
Key Down;W;1190343
Key Up;D;1190680
Key Down;A;1190888
Key Up;W;1191000
Key Up;A;1191255
Key Down;D;1191672
Key Up;D;1192135
Key Down;W;1192168
Key Up;W;1192431
Key Down;W;1192664
Key Down;A;1192688
Key Up;A;1193048
Key Down;A;1193168
Key Up;A;1193679
Key Up;W;1193824
Key Down;W;1194112
Key Up;W;1194344
Key Down;W;1194873
Key Down;A;1195152
Key Up;W;1195623
Key Up;A;1195728
Key Down;W;1196032
Key Up;W;1196968
Key Down;D;1197247
Key Up;D;1197447
Key Down;A;1197560
Key Down;W;1197703
Key Up;W;1197960
Key Up;A;1197999
Key Down;D;1198151
Key Up;D;1198216
Key Down;A;1198496
Key Down;W;1198904
Key Up;A;1199128
Key Up;W;1199200
Key Down;W;1199704
Key Up;W;1199959
Key Down;A;1200023
Key Down;W;1200144
Key Up;A;1200776
Key Down;A;1201168
Key Up;A;1201928
Key Up;W;1201959
Key Down;W;1202496
Key Up;W;1203815
Key Down;A;1204304
Key Up;A;1204496
Key Down;Escape;1205016
Key Up;Escape;1205128
Key Down;W;1206625
Key Up;W;1206935
Key Down;W;1207104
Key Down;A;1207208
Key Up;W;1207287
Key Up;A;1207319
Key Down;W;1208999
Key Up;W;1209192
Key Down;S;1211120
Key Up;S;1211192
Key Down;A;1213128
Key Up;A;1213248
Key Down;S;1215144
Key Up;S;1215400
Key Down;W;1219656
Key Down;A;1219872
Key Up;A;1220112
Key Down;A;1220344
Key Up;A;1220496
Key Up;W;1220592
Key Down;D;1220600
Key Down;W;1220608
Key Up;D;1220735
Key Down;A;1220792
Key Up;W;1221015
Key Down;W;1221048
Key Up;A;1221128
Key Up;W;1222240
Key Down;D;1222376
Key Down;W;1222576
Key Up;D;1223520
Key Up;W;1223952
Key Down;W;1224064
Key Down;A;1224200
Key Up;A;1224592
Key Up;W;1224887
Key Down;W;1224935
Key Down;D;1224967
Key Up;W;1225128
Key Up;D;1225184
Key Down;W;1225584
Key Down;D;1225776
Key Up;D;1225960
Key Down;A;1227240
Key Up;W;1228120
Key Down;W;1228343
Key Up;A;1228576
Key Up;W;1228600
Key Down;W;1228736
Key Up;W;1229199
Key Down;D;1229199
Key Down;W;1229616
Key Up;D;1229655
Key Down;A;1229760
Key Up;A;1230215
Key Down;A;1231520
Key Up;A;1232104
Key Down;A;1232591
Key Up;W;1232768
Key Down;W;1232992
Key Up;A;1233431
Key Down;D;1233488
Key Up;D;1234064
Key Down;A;1234159
Key Up;A;1234471
Key Up;W;1234487
Key Down;Escape;1234800
Key Up;Escape;1234968
Key Down;W;1235519
Key Up;W;1235744
Key Down;D;1236223
Key Down;W;1236336
Key Up;D;1236384
Key Up;W;1236456
Key Down;S;1236784
Key Up;S;1236992
Key Down;D;1237400
Key Up;D;1237600
Key Down;D;1237959
Key Up;D;1238103
Key Down;W;1238144
Key Up;W;1238479
Key Down;W;1244504
Key Up;W;1244615
Key Down;W;1245816
Key Down;A;1246184
Key Down;Space;1246600
Key Up;W;1246695
Key Down;W;1246720
Key Up;Space;1246791
Key Up;W;1247007
Key Up;A;1247280
Key Down;W;1247728
Key Down;Space;1247952
Key Up;Space;1248120
Key Down;D;1248352
Key Up;W;1248551
Key Up;D;1248576
Key Down;A;1248607
Key Down;W;1248831
Key Up;A;1248983
Key Up;W;1249031
Key Down;Space;1249704
Key Down;W;1249808
Key Up;Space;1249824
Key Up;W;1249960
Key Down;S;1250176
Key Up;S;1250480
Key Down;W;1250760
Key Up;W;1250855
Key Down;S;1251136
Key Up;S;1251232
Key Down;W;1252015
Key Down;A;1252208
Key Up;W;1252632
Key Up;A;1252687
Key Down;W;1253272
Key Down;A;1253568
Key Down;Space;1253776
Key Up;A;1253912
Key Up;Space;1253951
Key Down;D;1254328
Key Up;D;1254519
Key Down;Space;1254728
Key Up;Space;1254816
Key Up;W;1255040
Key Down;Left Shift;1255384
Key Down;W;1255528
Key Down;A;1255584
Key Up;A;1256304
Key Down;A;1256464
Key Up;W;1256527
Key Down;W;1256928
Key Up;A;1257119
Key Down;A;1257274
Key Up;A;1258024
Key Up;W;1258056
Key Down;A;1258479
Key Up;A;1258599
Key Down;D;1258664
Key Up;D;1258783
Key Down;W;1258975
Key Up;W;1259608
Key Down;D;1259783
Key Up;D;1260031
Key Down;W;1260040
Key Up;Left Shift;1260079
Key Down;Space;1260816
Key Up;Space;1261040
Key Down;A;1261600
Key Up;A;1261831
Key Up;W;1261863
Key Down;W;1262872
Key Down;D;1262976
Key Up;W;1263015
Key Up;D;1263175
Key Down;W;1263824
Key Down;A;1264240
Key Up;A;1264384
Key Down;Space;1264440
Key Up;Space;1264679
Key Down;D;1265120
Key Up;W;1265536
Key Up;D;1265799
Key Down;A;1265928
Key Up;A;1266152
Key Down;D;1266239
Key Up;D;1266504
Key Down;W;1266743
Key Up;W;1266840
Key Down;W;1267744
Key Down;Space;1269080
Key Up;Space;1269312
Key Down;Space;1269720
Key Up;Space;1269967
Key Down;D;1270384
Key Down;Space;1270456
Key Up;D;1270543
Key Up;Space;1270744
Key Down;D;1270984
Key Down;Space;1271303
Key Up;Space;1271512
Key Up;W;1271727
Key Up;D;1271744
Key Down;W;1271904
Key Down;A;1272264
Key Up;A;1272456
Key Down;Space;1272472
Key Up;Space;1272760
Key Down;D;1272888
Key Down;Space;1273088
Key Up;D;1273095
Key Up;Space;1273336
Key Down;Space;1273432
Key Up;Space;1273688
Key Down;D;1273752
Key Up;D;1274248
Key Down;Space;1274447
Key Up;Space;1274687
Key Down;Space;1275160
Key Up;Space;1275464
Key Down;Space;1275904
Key Up;Space;1276151
Key Down;Space;1276600
Key Up;Space;1276784
Key Down;Space;1277264
Key Up;Space;1277440
Key Down;A;1278025
Key Up;W;1278696
Key Down;W;1278976
Key Up;W;1279263
Key Down;W;1279560
Key Up;W;1280032
Key Down;W;1280352
Key Up;W;1280976
Key Up;A;1280992
Key Down;W;1281096
Key Down;A;1281800
Key Up;W;1282104
Key Down;W;1282416
Key Up;W;1282928
Key Up;A;1283199
Key Down;D;1283368
Key Down;W;1283480
Key Up;D;1283928
Key Down;A;1284048
Key Up;A;1284223
Key Up;W;1284295
Key Down;A;1284416
Key Down;W;1284737
Key Up;A;1285071
Key Up;W;1285192
Key Down;A;1285720
Key Down;W;1286040
Key Up;W;1286480
Key Down;W;1286672
Key Up;W;1287184
Key Down;W;1287375
Key Up;A;1287543
Key Down;A;1287904
Key Up;A;1288064
Key Down;D;1288183
Key Up;D;1288400
Key Down;D;1288584
Key Up;W;1288671
Key Down;W;1289016
Key Up;D;1289335
Key Down;D;1289432
Key Up;W;1289512
Key Down;W;1289816
Key Up;D;1290032
Key Down;D;1290152
Key Up;W;1290240
Key Down;W;1290528
Key Up;D;1290808
Key Down;A;1290992
Key Up;W;1291080
Key Down;W;1291360
Key Up;A;1291720
Key Down;A;1291824
Key Up;A;1292247
Key Up;W;1292256
Key Down;D;1292264
Key Down;W;1292504
Key Up;D;1292648
Key Down;D;1292984
Key Up;W;1293032
Key Down;W;1293464
Key Up;D;1293688
Key Up;W;1293936
Key Down;D;1294000
Key Down;W;1294343
Key Up;D;1294536
Key Up;W;1294688
Key Down;A;1294768
Key Down;W;1295136
Key Up;W;1295544
Key Up;A;1295904
Key Down;W;1296112
Key Down;D;1296520
Key Up;W;1296664
Key Down;W;1297048
Key Up;W;1297448
Key Down;W;1297792
Key Up;D;1297976
Key Down;D;1298200
Key Up;W;1298328
Key Down;W;1298464
Key Up;D;1298512
Key Down;D;1298872
Key Up;D;1299007
Key Up;W;1299112
Key Down;A;1299176
Key Up;A;1299303
Key Down;W;1299335
Key Down;D;1299752
Key Up;W;1299848
Key Down;W;1300096
Key Up;D;1300527
Key Down;A;1300624
Key Up;W;1300831
Key Down;W;1300992
Key Up;A;1301080
Key Down;D;1301344
Key Up;D;1301640
Key Down;A;1302264
Key Up;A;1302424
Key Down;A;1302615
Key Up;W;1302951
Key Down;W;1303168
Key Up;W;1303800
Key Down;W;1303992
Key Up;A;1304311
Key Down;A;1304888
Key Up;A;1305527
Key Down;D;1305968
Key Up;D;1306248
Key Up;W;1306551
Key Down;A;1306615
Key Down;S;1306951
Key Up;A;1306975
Key Up;S;1307191
Key Down;S;1307327
Key Down;A;1307431
Key Up;S;1307448
Key Down;W;1307632
Key Up;A;1308000
Key Down;A;1308711
Key Up;A;1309047
Key Down;A;1309320
Key Up;A;1309576
Key Down;A;1309672
Key Up;A;1310032
Key Down;A;1310184
Key Up;A;1310335
Key Down;D;1311528
Key Up;D;1311847
Key Down;D;1313640
Key Up;D;1313823
Key Down;A;1313984
Key Up;W;1314423
Key Down;W;1314552
Key Up;A;1314783
Key Down;A;1314944
Key Up;A;1315064
Key Down;D;1315376
Key Up;D;1315536
Key Up;W;1315671
Key Down;Escape;1316024
Key Up;Escape;1316144
Key Down;W;1318448
Key Up;W;1318648
Key Down;A;1319000
Key Up;A;1319160
Key Down;W;1319264
Key Up;W;1319623
Key Down;S;1321568
Key Up;S;1321680
Key Down;W;1322904
Key Up;W;1323016
Key Down;S;1324264
Key Up;S;1324448
Key Down;W;1328760
Key Up;W;1328999
Key Down;D;1331135
Key Up;D;1331272
Key Down;S;1331471
Key Up;S;1331640
Key Down;W;1334472
Key Down;A;1334576
Key Up;W;1334712
Key Up;A;1334736
Key Down;Escape;1336416
Key Up;Escape;1338335
