Event;Key;Time
Key Down;Escape;1390
Key Up;Escape;1501
Key Down;Escape;1973
Key Up;Escape;2069
Key Down;W;5541
Key Up;W;5661
Key Down;S;6509
Key Up;S;6679
Key Down;A;7005
Key Up;A;7133
Key Down;D;7533
Key Up;D;7605
Key Down;Left Shift;15053
Key Up;Left Shift;15165
Key Down;Escape;35158
Key Up;Escape;35285
Key Down;S;36118
Key Up;S;36189
Key Down;W;37390
Key Up;W;37773
Key Down;S;37893
Key Up;S;38269
Key Down;W;38429
Key Down;D;38429
Key Up;W;38629
Key Up;D;38669
Key Down;Space;38821
Key Up;Space;39061
Key Down;W;40237
Key Down;A;40517
Key Up;W;40557
Key Up;A;40869
Key Down;W;41301
Key Up;W;41493
Key Down;S;42663
Key Up;S;43133
Key Down;W;43302
Key Down;D;44029
Key Up;W;44069
Key Up;D;44101
Key Down;W;44421
Key Down;Left Shift;44606
Key Up;Left Shift;45030
Key Up;W;45157
Key Down;W;45470
Key Down;Space;45702
Key Up;Space;45845
Key Down;Left Shift;45917
Key Up;Left Shift;46053
Key Down;A;46469
Key Down;Left Shift;46621
Key Up;A;46677
Key Up;Left Shift;46846
Key Up;W;47101
Key Down;W;47206
Key Down;D;47469
Key Up;D;47597
Key Up;W;47693
Key Down;S;47861
Key Down;D;47909
Key Up;D;47981
Key Up;S;48269
Key Down;W;48385
Key Down;Space;48711
Key Up;Space;48941
Key Down;A;49557
Key Up;A;49917
Key Down;Space;49949
Key Up;Space;50125
Key Down;D;50277
Key Up;D;50365
Key Down;Space;50405
Key Up;Space;50469
Key Down;A;50534
Key Up;A;50653
Key Down;A;51221
Key Up;A;51507
Key Down;Space;51725
Key Up;Space;51941
Key Down;Space;52101
Key Up;Space;52269
Key Down;Space;53541
Key Up;Space;53741
Key Down;Space;53853
Key Up;Space;54021
Key Down;A;54269
Key Up;A;54605
Key Down;D;54661
Key Down;Space;54997
Key Up;Space;55069
Key Up;D;55173
Key Down;Space;55333
Key Down;A;55421
Key Up;Space;55509
Key Up;A;55589
Key Down;A;55645
Key Up;A;56005
Key Down;Space;57029
Key Up;Space;57413
Key Down;A;57686
Key Up;A;57893
Key Down;Space;58053
Key Down;D;58214
Key Up;Space;58245
Key Up;D;58413
Key Down;A;58757
Key Down;Space;58997
Key Up;A;59005
Key Up;Space;59181
Key Down;D;59421
Key Up;W;59478
Key Down;Space;59485
Key Down;W;59518
Key Up;Space;59597
Key Down;Space;59629
Key Up;D;59694
Key Up;Space;60061
Key Down;Space;60293
Key Up;Space;60805
Key Down;A;61301
Key Down;Space;61478
Key Up;Space;61685
Key Up;A;61885
Key Down;A;62390
Key Up;A;62917
Key Down;Space;63269
Key Up;Space;63757
Key Down;Space;63837
Key Up;Space;64021
Key Down;D;64085
Key Up;W;64205
Key Up;D;64301
Key Down;D;64525
Key Down;W;64614
Key Down;A;64670
Key Up;D;64685
Key Up;A;64893
Key Up;W;64901
Key Down;W;65614
Key Down;Space;65862
Key Up;Space;66213
Key Down;A;66221
Key Down;Space;66469
Key Up;A;66693
Key Down;D;66806
Key Up;Space;66861
Key Up;W;67141
Key Down;S;67245
Key Down;A;67277
Key Up;D;67293
Key Up;A;67469
Key Up;S;67533
Key Down;W;67845
Key Down;Space;68325
Key Down;A;68486
Key Up;Space;68549
Key Up;A;68661
Key Down;Space;69406
Key Up;Space;69629
Key Down;D;69637
Key Up;D;69877
Key Down;Space;70773
Key Up;Space;71014
Key Down;Space;71861
Key Down;D;71981
Key Up;Space;72101
Key Up;D;72245
Key Up;W;72589
Key Down;W;73045
Key Down;Space;73182
Key Up;Space;73589
Key Down;A;73853
Key Up;W;73941
Key Up;A;73957
Key Down;W;74357
Key Down;Space;74509
Key Up;Space;74821
Key Down;Space;75001
Key Up;W;75101
Key Up;Space;75181
Key Down;A;75381
Key Up;A;75461
Key Down;W;76213
Key Down;Space;76471
Key Up;Space;76805
Key Down;Space;76877
Key Up;Space;77037
Key Up;W;77069
Key Down;W;77773
Key Up;W;78221
Key Down;W;78990
Key Down;Space;79405
Key Up;Space;79685
Key Down;R;80477
Key Up;R;80581
Key Up;W;80638
Key Down;W;81053
Key Down;Space;81470
Key Up;Space;81645
Key Down;A;81789
Key Up;A;82533
Key Down;Space;82869
Key Up;Space;83070
Key Down;Space;83133
Key Up;Space;83477
Key Up;W;83653
Key Down;D;83765
Key Down;S;83773
Key Up;S;84037
Key Up;D;84230
Key Down;D;85510
Key Up;D;85558
Key Down;Space;85558
Key Down;D;85717
Key Up;Space;85765
Key Up;D;85949
Key Down;Space;85973
Key Down;A;86077
Key Down;W;86439
Key Up;Space;86469
Key Up;A;86613
Key Up;W;86693
Key Down;D;87213
Key Up;D;87317
Key Down;W;87629
Key Down;Space;87645
Key Up;Space;87781
Key Down;Space;87877
Key Up;W;87925
Key Down;W;88110
Key Up;Space;88189
Key Down;Space;88245
Key Down;A;88333
Key Up;W;88581
Key Up;Space;88589
Key Up;A;88661
Key Down;S;88822
Key Up;S;89005
Key Down;Space;89013
Key Up;Space;89245
Key Down;Space;89397
Key Up;Space;89589
Key Down;Space;89726
Key Down;W;89973
Key Down;D;89981
Key Up;Space;90333
Key Up;D;90725
Key Up;W;90734
Key Down;W;91365
Key Down;Space;92141
Key Up;Space;92541
Key Down;Left Shift;92669
Key Up;Left Shift;92965
Key Down;D;93837
Key Up;D;94565
Key Down;Space;94749
Key Up;Space;95181
Key Down;Space;95293
Key Up;Space;95573
Key Up;W;95645
Key Down;D;96005
Key Down;W;96189
Key Up;D;96397
Key Up;W;96445
Key Down;Space;96541
Key Up;Space;96845
Key Down;Space;96957
Key Down;W;97070
Key Up;Space;97389
Key Up;W;97485
Key Down;W;97967
Key Down;A;97967
Key Up;A;98149
Key Down;Space;98269
Key Up;W;98293
Key Up;Space;98573
Key Down;Space;98661
Key Down;W;98933
Key Up;Space;98989
Key Up;W;99173
Key Down;A;99445
Key Down;W;99469
Key Up;W;99733
Key Up;A;99741
Key Down;Space;99869
Key Up;Space;100149
Key Down;Space;100277
Key Down;W;100397
Key Up;Space;100637
Key Up;W;100653
Key Down;W;100870
Key Up;W;101053
Key Down;A;102645
Key Up;A;102765
Key Down;W;103525
Key Down;Space;103853
Key Up;Space;104421
Key Down;Space;104853
Key Up;Space;105045
Key Up;W;105085
Key Down;W;105533
Key Up;W;105989
Key Down;D;106158
Key Down;W;106229
Key Up;D;106317
Key Up;W;106358
Key Down;W;106557
Key Down;A;107109
Key Up;A;107301
Key Down;D;111285
Key Up;D;111725
Key Down;A;111749
Key Up;A;112061
Key Down;D;112149
Key Up;D;112469
Key Down;D;112575
Key Down;Space;113085
Key Up;D;113141
Key Down;D;113453
Key Up;Space;113517
Key Up;D;113557
Key Up;W;113645
Key Down;D;113661
Key Down;W;113669
Key Up;D;113917
Key Up;W;113925
Key Down;W;114269
Key Down;D;114461
Key Up;D;114661
Key Down;A;114901
Key Up;W;115029
Key Up;A;115141
Key Down;S;115149
Key Up;S;115357
Key Down;W;115421
Key Down;A;119477
Key Up;A;119685
Key Up;W;121509
Key Down;W;121934
Key Up;W;122357
Key Down;W;122805
Key Down;Space;123054
Key Up;Space;123485
Key Down;A;123565
Key Down;Space;123678
Key Up;Space;123861
Key Up;A;123886
Key Up;W;123926
Key Down;W;124029
Key Down;A;124190
Key Up;W;124197
Key Up;A;124261
Key Down;W;124541
Key Up;W;124629
Key Down;W;124869
Key Down;Space;125206
Key Up;Space;125669
Key Down;A;125726
Key Down;Space;125869
Key Up;Space;126045
Key Up;A;126077
Key Up;W;126301
Key Down;W;126949
Key Down;Space;127245
Key Up;Space;128077
Key Down;Space;128597
Key Up;Space;129293
Key Down;A;129421
Key Down;Space;129541
Key Up;A;129629
Key Up;Space;129957
Key Down;D;129965
Key Up;D;130253
Key Down;Space;130669
Key Down;A;130925
Key Up;Space;131069
Key Up;A;131565
Key Down;Space;131653
Key Up;Space;131997
Key Down;Space;132261
Key Up;Space;132501
Key Down;A;133245
Key Up;W;133525
Key Up;A;133621
Key Down;A;133829
Key Down;W;133909
Key Up;W;134079
Key Up;A;134085
Key Down;W;134557
Key Down;A;134973
Key Up;A;135437
Key Down;A;135725
Key Up;A;136069
Key Down;Space;136309
Key Up;Space;136733
Key Down;Space;136941
Key Up;Space;137237
Key Up;W;139789
Key Down;W;141141
Key Up;W;141365
Key Down;W;141717
Key Up;W;141989
Key Down;W;143029
Key Up;W;145861
Key Down;W;146413
Key Up;W;146621
Key Down;A;148709
Key Up;A;148885
Key Down;D;148957
Key Up;D;149101
Key Down;D;149213
Key Up;D;149349
Key Down;W;152902
Key Up;W;153261
Key Down;W;153429
Key Up;W;153605
Key Down;S;153853
Key Up;S;154157
Key Down;W;156021
Key Up;W;156245
Key Down;S;160150
Key Up;S;160333
Key Down;W;161605
Key Up;W;161797
Key Down;R;161893
Key Up;R;161997
Key Down;W;162509
Key Down;A;163037
Key Up;A;163309
Key Down;D;163446
Key Up;D;163565
Key Up;W;163597
Key Down;W;163885
Key Down;D;163989
Key Up;W;164013
Key Up;D;164213
Key Down;A;164390
Key Down;W;164421
Key Up;A;164613
Key Down;Space;165453
Key Up;Space;165837
Key Down;Space;166085
Key Up;Space;166381
Key Down;A;167077
Key Up;A;167637
Key Down;Space;168573
Key Up;Space;169021
Key Down;D;169637
Key Up;W;169718
Key Up;D;169741
Key Down;W;170029
Key Down;Left Shift;172029
Key Up;Left Shift;172229
Key Down;A;174957
Key Up;A;175101
Key Down;A;179901
Key Up;A;180045
Key Down;D;181045
Key Up;D;181173
Key Down;A;182238
Key Up;A;182445
Key Down;D;183069
Key Up;D;183157
Key Down;Space;183629
Key Up;Space;184789
Key Up;W;186069
Key Down;W;187391
Key Down;Space;188533
Key Up;Space;188853
Key Down;A;190509
Key Up;W;190709
Key Up;A;190709
Key Down;D;191053
Key Up;D;191245
Key Down;A;192710
Key Down;W;192758
Key Up;A;193077
Key Down;Space;193637
Key Up;Space;193861
Key Down;Space;193933
Key Up;Space;194077
Key Up;W;194285
Key Down;W;194349
Key Up;W;194445
Key Down;W;194854
Key Down;Space;195254
Key Up;Space;195469
Key Up;W;195765
Key Down;W;196021
Key Down;A;196141
Key Up;A;196285
Key Down;Space;196294
Key Up;Space;196581
Key Down;A;196669
Key Up;W;196878
Key Up;A;196893
Key Down;W;197174
Key Down;Space;197293
Key Up;Space;197557
Key Down;A;197918
Key Up;A;198101
Key Up;W;198117
Key Down;W;198333
Key Down;Space;198493
Key Down;D;198637
Key Up;Space;198789
Key Up;D;198829
Key Up;W;199453
Key Down;S;199629
Key Up;S;199765
Key Down;W;200534
Key Down;Space;200662
Key Up;Space;200917
Key Up;W;201029
Key Down;W;202253
Key Down;A;202341
Key Up;A;202477
Key Up;W;202557
Key Down;D;202669
Key Down;W;202733
Key Up;D;202997
Key Up;W;203013
Key Down;W;203309
Key Down;A;203469
Key Up;A;203661
Key Up;W;203733
Key Down;W;204694
Key Down;Space;205165
Key Up;Space;205829
Key Down;A;205997
Key Up;A;206181
Key Up;W;206565
Key Down;A;206869
Key Up;A;206981
Key Down;A;207286
Key Up;A;207573
Key Down;W;208118
Key Down;Space;208509
Key Up;Space;208965
Key Down;D;209005
Key Up;W;209310
Key Up;D;209341
Key Down;W;209453
Key Down;A;209629
Key Up;W;209709
Key Up;A;210029
Key Down;D;210101
Key Down;W;210141
Key Up;D;210197
Key Down;Space;210501
Key Up;Space;211157
Key Down;D;211653
Key Down;Space;211669
Key Up;D;211685
Key Up;Space;211877
Key Down;A;211973
Key Up;A;212085
Key Up;W;212733
Key Down;Space;212885
Key Down;W;212909
Key Up;Space;213109
Key Up;W;213805
Key Down;W;213949
Key Down;Space;214077
Key Up;Space;214277
Key Down;Space;216077
Key Up;Space;216525
Key Down;Space;217429
Key Up;Space;217773
Key Down;Space;218677
Key Down;A;218797
Key Up;Space;218893
Key Up;A;218965
Key Up;W;219445
Key Down;W;219621
Key Down;D;219902
Key Up;W;219965
Key Down;Space;220125
Key Down;W;220237
Key Up;Space;220797
Key Down;Space;220837
Key Up;Space;221189
Key Down;Space;221325
Key Up;D;221565
Key Up;Space;221869
Key Up;W;222045
Key Down;R;222389
Key Up;R;222511
Key Down;W;222749
Key Up;W;223117
Key Down;W;223461
Key Up;W;223717
Key Down;W;224069
Key Down;Space;224413
Key Up;Space;224813
Key Up;W;225461
Key Down;W;225477
Key Up;W;225965
Key Down;W;226141
Key Down;Space;226486
Key Up;Space;226773
Key Up;W;227157
Key Down;W;227685
Key Down;Space;227941
Key Up;Space;228341
Key Down;A;228605
Key Up;A;228749
Key Down;A;229045
Key Up;A;229397
Key Down;D;229917
Key Up;D;230045
Key Down;Space;230317
Key Down;A;230365
Key Up;Space;230541
Key Up;A;230565
Key Down;Space;230845
Key Up;Space;231013
Key Down;A;231214
Key Up;A;231541
Key Up;W;231653
Key Down;D;231846
Key Down;W;231933
Key Up;D;232205
Key Down;Space;233013
Key Up;Space;233541
Key Down;Space;234109
Key Up;Space;234333
Key Up;W;234453
Key Down;D;234654
Key Down;W;234814
Key Up;D;235021
Key Up;W;235117
Key Down;W;235405
Key Down;Space;235653
Key Up;Space;235997
Key Down;A;236237
Key Up;A;236477
Key Down;Space;236686
Key Up;Space;236989
Key Down;A;237077
Key Up;A;237301
Key Down;D;238222
Key Up;W;238469
Key Up;D;238477
Key Down;W;239541
Key Down;Space;240013
Key Down;D;240110
Key Up;Space;240253
Key Up;D;240477
Key Down;A;240519
Key Up;W;240573
Key Up;A;240629
Key Down;W;240877
Key Down;Space;241109
Key Up;Space;241485
Key Down;Space;241565
Key Up;Space;241821
Key Down;A;242158
Key Up;A;242389
Key Up;W;242477
Key Down;Space;242550
Key Down;D;242557
Key Down;W;242573
Key Up;D;242616
Key Up;Space;242965
Key Down;Space;243021
Key Up;Space;243533
Key Up;W;243597
Key Down;A;243773
Key Down;S;243789
Key Up;A;244045
Key Up;S;244077
Key Down;R;244245
Key Up;R;244365
Key Down;W;244590
Key Down;Space;246037
Key Down;A;246069
Key Up;A;246221
Key Up;Space;246310
Key Down;A;246557
Key Up;A;246685
Key Up;W;246797
Key Down;W;247357
Key Down;Space;247605
Key Up;Space;248141
Key Down;Space;248229
Key Down;D;248310
Key Up;Space;248373
Key Up;W;248413
Key Up;D;248438
Key Down;A;248645
Key Up;A;248733
Key Down;W;248877
Key Up;W;248917
Key Down;W;249389
Key Down;Space;249597
Key Up;Space;249885
Key Up;W;250349
Key Down;W;250477
Key Down;Space;250677
Key Down;A;250725
Key Up;A;250829
Key Up;Space;250893
Key Up;W;251301
Key Down;A;251454
Key Down;W;251469
Key Up;A;251533
Key Down;Space;251685
Key Up;Space;251949
Key Down;A;252477
Key Up;A;252637
Key Down;Space;252805
Key Down;D;253069
Key Up;Space;253213
Key Up;D;253373
Key Down;A;253446
Key Up;A;253605
Key Down;Space;253910
Key Up;Space;254261
Key Down;Space;254317
Key Up;Space;254469
Key Down;Space;254494
Key Down;A;254549
Key Up;A;254661
Key Up;Space;254725
Key Down;D;254734
Key Up;D;254933
Key Down;R;255709
Key Up;W;255741
Key Up;R;255869
Key Down;W;256030
Key Down;A;256782
Key Up;A;257421
Key Down;A;257549
Key Down;Space;257677
Key Up;Space;257869
Key Up;A;258173
Key Down;D;258253
Key Up;W;258365
Key Up;D;258405
Key Down;S;258629
Key Up;S;258765
Key Down;W;258853
Key Down;Space;259101
Key Up;Space;259501
Key Down;Space;259918
Key Up;Space;260061
Key Up;W;260077
Key Down;A;260349
Key Up;A;260437
Key Down;W;260790
Key Down;A;260829
Key Up;A;260989
Key Down;Space;261165
Key Down;D;261349
Key Up;Space;261429
Key Up;D;261613
Key Down;A;261877
Key Up;A;262117
Key Down;Space;262181
Key Up;Space;262533
Key Down;A;262685
Key Up;A;262861
Key Up;W;262949
Key Down;W;263677
Key Down;Space;263973
Key Up;Space;264358
Key Down;A;264541
Key Up;A;264693
Key Up;W;264821
Key Down;W;265222
Key Down;D;265311
Key Down;Space;265397
Key Up;D;265485
Key Down;A;265621
Key Up;Space;265869
Key Up;A;265909
Key Down;D;265989
Key Up;D;266189
Key Up;W;266301
Key Down;A;266581
Key Down;W;266613
Key Up;A;266757
Key Down;Space;266813
Key Up;Space;267213
Key Down;D;267461
Key Up;D;267541
Key Up;W;267589
Key Down;A;267725
Key Up;A;267861
Key Down;W;268797
Key Down;Space;269013
Key Up;Space;269221
Key Down;A;269229
Key Up;A;269397
Key Up;W;269461
Key Down;W;269717
Key Up;W;269933
Key Down;W;270246
Key Down;Space;270557
Key Up;Space;270821
Key Down;Space;270901
Key Up;Space;271101
Key Down;Space;273077
Key Up;Space;273653
Key Up;W;275093
Key Down;W;275685
Key Up;W;276005
Key Down;W;276237
Key Up;W;276797
Key Down;W;277125
Key Up;W;277317
Key Down;W;278301
Key Down;A;279653
Key Up;A;279885
Key Up;W;280405
Key Down;W;280829
Key Up;W;281061
Key Down;W;281509
Key Up;W;281685
Key Down;D;282725
Key Up;D;282837
Key Down;A;283053
Key Up;A;283149
Key Down;S;283558
Key Down;A;283645
Key Up;A;284661
Key Down;A;284685
Key Up;S;284765
Key Up;A;284893
Key Down;D;284902
Key Down;W;285071
Key Up;D;285373
Key Up;W;285509
Key Down;W;285709
Key Up;W;285997
Key Down;Space;286110
Key Up;Space;286381
Key Down;A;286477
Key Down;W;286502
Key Up;A;286637
Key Down;Space;287389
Key Down;A;287397
Key Up;Space;287717
Key Up;A;288069
Key Down;D;288261
Key Up;W;288469
Key Down;W;288606
Key Up;D;288741
Key Down;Space;288861
Key Up;Space;289189
Key Down;D;289589
Key Up;W;289765
Key Up;D;289885
Key Down;W;290054
Key Down;Space;290301
Key Down;D;290669
Key Up;Space;290685
Key Up;W;290725
Key Down;S;290869
Key Up;D;290933
Key Up;S;291045
Key Down;W;291325
Key Down;D;291421
Key Up;W;291541
Key Up;D;291613
Key Down;W;293365
Key Down;D;293445
Key Up;W;293685
Key Up;D;293693
Key Down;A;293837
Key Down;W;293974
Key Up;A;294093
Key Down;A;294269
Key Up;A;294333
Key Down;Space;294645
Key Down;D;295053
Key Up;Space;295117
Key Up;W;295421
Key Down;W;295557
Key Down;Space;295621
Key Up;D;295645
Key Up;Space;296341
Key Down;Space;297102
Key Up;Space;297293
Key Down;Space;297357
Key Up;Space;297741
Key Down;Space;297917
Key Up;W;298005
Key Up;Space;298085
Key Down;Space;298165
Key Down;W;298333
Key Down;D;298421
Key Up;Space;298429
Key Down;A;298509
Key Up;D;298557
Key Up;A;298621
Key Down;D;298637
Key Up;W;298829
Key Down;W;299205
Key Up;D;299253
Key Down;A;299501
Key Up;A;299677
Key Up;W;299685
Key Down;A;300053
Key Down;S;300165
Key Up;A;300413
Key Up;S;300421
Key Down;D;300638
Key Down;A;300934
Key Up;D;300965
Key Down;S;301205
Key Up;A;301397
Key Up;S;301414
Key Down;D;301469
Key Down;W;301565
Key Up;D;301925
Key Down;Space;302173
Key Up;Space;303077
Key Down;A;303173
Key Up;A;303493
Key Up;W;303575
Key Down;W;304741
Key Down;Space;304981
Key Down;A;305245
Key Up;Space;305389
Key Up;A;305661
Key Down;Space;305815
Key Up;Space;306061
Key Up;W;306693
Key Down;W;306989
Key Up;W;307149
Key Down;W;307342
Key Up;W;307813
Key Down;A;307997
Key Down;W;308085
Key Up;A;308253
Key Down;Space;308261
Key Up;Space;308421
Key Up;W;308525
Key Down;W;310222
Key Up;W;310389
Key Down;W;310517
Key Up;W;311037
Key Down;W;311213
Key Up;W;312221
Key Down;W;313013
Key Down;A;313029
Key Up;A;313237
Key Up;W;313261
Key Down;W;313406
Key Down;D;313685
Key Up;D;313909
Key Down;Space;313989
Key Up;Space;314429
Key Down;Space;314533
Key Up;Space;314789
Key Down;A;315013
Key Up;A;315373
Key Down;A;315589
Key Up;A;315653
Key Down;D;315798
Key Up;D;315949
Key Down;A;316037
Key Down;Space;316109
Key Up;A;316285
Key Up;Space;316309
Key Down;Space;316413
Key Up;Space;316757
Key Up;W;316997
Key Down;D;317005
Key Up;D;317149
Key Down;W;317245
Key Down;Space;317382
Key Down;A;317565
Key Up;Space;317613
Key Down;Space;317814
Key Up;A;317821
Key Up;W;317853
Key Up;Space;318005
Key Down;Space;318077
Key Down;W;318205
Key Up;Space;318245
Key Up;W;318349
Key Down;A;318477
Key Up;A;318581
Key Down;W;318966
Key Up;W;319125
Key Down;W;319357
Key Down;Space;319485
Key Up;Space;319885
Key Down;Space;320005
Key Up;Space;320301
Key Down;A;320309
Key Up;W;320582
Key Down;S;320774
Key Up;S;321093
Key Up;A;321102
Key Down;W;322037
Key Down;A;322134
Key Up;W;322261
Key Up;A;322309
Key Down;W;322686
Key Down;Space;322949
Key Up;Space;323205
Key Down;Space;323333
Key Down;A;323349
Key Up;Space;323541
Key Up;W;323613
Key Up;A;323877
Key Down;W;323949
Key Down;A;324093
Key Up;W;324109
Key Up;A;324221
Key Down;D;324397
Key Up;D;324485
Key Down;A;324797
Key Up;A;324845
Key Down;W;324933
Key Up;W;325198
Key Down;W;325405
Key Down;Space;325629
Key Up;Space;325933
Key Down;Space;326013
Key Down;A;326021
Key Up;A;326165
Key Up;Space;326221
Key Down;A;326581
Key Up;W;326829
Key Down;W;327085
Key Up;A;327181
Key Up;W;327301
Key Down;Space;327421
Key Down;W;327429
Key Up;Space;327661
Key Down;D;327669
Key Up;D;327861
Key Down;D;328085
Key Up;W;328133
Key Down;W;328221
Key Up;D;328301
Key Down;D;328413
Key Up;D;328493
Key Down;A;328645
Key Up;A;328933
Key Down;Space;329541
Key Up;Space;329835
Key Down;Space;330310
Key Up;Space;330637
Key Down;Space;331621
Key Up;Space;331877
Key Down;Space;331973
Key Up;Space;332189
Key Down;A;332622
Key Up;A;332813
Key Up;W;332861
Key Down;W;333021
Key Down;D;333197
Key Up;D;333357
Key Up;W;333693
Key Down;W;334629
Key Up;W;334813
Key Down;A;335045
Key Down;S;335125
Key Up;A;335165
Key Up;S;335805
Key Down;W;335877
Key Down;D;337581
Key Up;W;337757
Key Up;D;337781
Key Down;W;338029
Key Down;D;338077
Key Up;D;338173
Key Down;A;338253
Key Up;A;338461
Key Down;Space;338621
Key Up;Space;338997
Key Down;A;339173
Key Up;A;339925
Key Up;W;341261
Key Down;W;342430
Key Down;A;342549
Key Up;A;342749
Key Down;Space;343237
Key Up;Space;343477
Key Down;A;343485
Key Up;A;343741
Key Down;A;344453
Key Up;W;344557
Key Up;A;344597
Key Down;Space;344709
Key Down;W;344837
Key Up;Space;344885
Key Down;A;344958
Key Up;A;345189
Key Up;W;345197
Key Down;D;345317
Key Up;D;345469
Key Down;W;345541
Key Down;D;345597
Key Up;D;345717
Key Down;A;346013
Key Up;A;346117
Key Down;D;346365
Key Up;D;346445
Key Up;W;346733
Key Down;A;346861
Key Down;W;346965
Key Up;A;346981
Key Up;W;347077
Key Down;W;348141
Key Down;Space;348315
Key Down;A;348741
Key Up;Space;348765
Key Up;A;348957
Key Down;Space;348957
Key Down;D;349421
Key Up;D;349605
Key Down;D;349853
Key Up;Space;349973
Key Up;D;350005
Key Down;A;350029
Key Up;W;350037
Key Up;A;350125
Key Down;A;350349
Key Up;A;350509
Key Down;A;350757
Key Up;A;350901
Key Down;A;351077
Key Down;S;351277
Key Up;A;351565
Key Up;S;351573
Key Down;D;351613
Key Up;D;351821
Key Down;D;351878
Key Down;W;351893
Key Up;D;352029
Key Up;W;352063
Key Down;Space;352312
Key Down;W;352701
Key Up;Space;352821
Key Up;W;353037
Key Down;W;353238
Key Up;W;353277
Key Down;W;353637
Key Down;Space;353645
Key Up;W;353781
Key Down;A;353805
Key Up;Space;353909
Key Up;A;353941
Key Down;W;353949
Key Down;D;354061
Key Up;D;354397
Key Down;Space;354861
Key Up;Space;355173
Key Down;D;355269
Key Up;D;355365
Key Up;W;355373
Key Down;W;355821
Key Down;Space;355997
Key Up;Space;356581
Key Up;W;357023
Key Down;Space;357365
Key Up;Space;357589
Key Down;Space;357725
Key Down;W;357861
Key Down;D;357870
Key Up;D;357941
Key Up;W;357989
Key Down;W;358037
Key Up;Space;358125
Key Down;Space;358190
Key Up;W;358261
Key Up;Space;358597
Key Down;A;358637
Key Down;D;358725
Key Up;D;358805
Key Up;A;358853
Key Down;D;358910
Key Up;D;358981
Key Down;Space;359214
Key Up;Space;359453
Key Down;Space;359575
Key Down;A;359621
Key Up;A;359821
Key Down;S;359893
Key Up;Space;360005
Key Up;S;360325
Key Down;A;360533
Key Up;A;360741
Key Down;W;361294
Key Down;D;361349
Key Up;W;361557
Key Up;D;361565
Key Down;W;361789
Key Down;Space;361957
Key Down;A;362150
Key Up;W;362357
Key Up;Space;362357
Key Up;A;362445
Key Down;Space;362485
Key Down;W;362621
Key Up;W;362717
Key Down;A;362774
Key Down;W;362837
Key Up;Space;362957
Key Up;A;362957
Key Up;W;362997
Key Down;D;363389
Key Up;D;363493
Key Down;Space;363661
Key Down;W;363717
Key Down;A;363877
Key Up;Space;363925
Key Up;A;363981
Key Down;Space;364013
Key Up;W;364093
Key Up;Space;364189
Key Down;Space;365301
Key Down;W;365373
Key Up;Space;365677
Key Up;W;365965
Key Down;W;366229
Key Down;Space;366429
Key Up;Space;366589
Key Up;W;366621
Key Down;W;367253
Key Down;A;367357
Key Down;Space;367373
Key Up;W;367525
Key Up;Space;367549
Key Up;A;367597
Key Down;A;368399
Key Up;A;368485
Key Down;D;368653
Key Up;D;368757
Key Down;W;369174
Key Down;Space;369333
Key Up;Space;369541
Key Up;W;369629
Key Down;Space;369637
Key Down;W;369845
Key Up;Space;370006
Key Down;A;370205
Key Up;A;370373
Key Down;A;370973
Key Up;A;371053
Key Down;Space;371086
Key Up;Space;371246
Key Up;W;371277
Key Down;W;371333
Key Down;A;371741
Key Up;W;371877
Key Up;A;371925
Key Down;W;372333
Key Down;A;372462
Key Down;Space;372502
Key Up;Space;372741
Key Up;A;372821
Key Up;W;373133
Key Down;D;373333
Key Up;D;373469
Key Down;S;373517
Key Up;S;373693
Key Down;W;373821
Key Down;A;374021
Key Down;Space;374029
Key Up;A;374189
Key Up;Space;374221
Key Up;W;374357
Key Down;W;374957
Key Down;A;375029
Key Up;W;375117
Key Up;A;375117
Key Down;D;375357
Key Down;W;375525
Key Up;D;375533
Key Down;A;375749
Key Up;A;375933
Key Up;W;375941
Key Down;W;376005
Key Down;Space;376125
Key Up;Space;376325
Key Down;Space;376533
Key Up;Space;376629
Key Up;W;376773
Key Down;D;376925
Key Up;D;377029
Key Down;W;378261
Key Down;D;378293
Key Up;D;378461
Key Up;W;378509
Key Down;W;379149
Key Down;D;379238
Key Up;D;379333
Key Down;A;379581
Key Up;A;379661
Key Down;Space;379662
Key Up;Space;379933
Key Down;Space;380175
Key Up;Space;380293
Key Down;D;380349
Key Down;A;380541
Key Up;D;380549
Key Up;A;380990
Key Down;D;380990
Key Down;Space;381149
Key Up;Space;381485
Key Down;Space;381541
Key Down;A;381597
Key Up;D;381606
Key Up;Space;381885
Key Up;A;382213
Key Down;Space;382221
Key Up;Space;382405
Key Down;A;382549
Key Up;W;382733
Key Up;A;382741
Key Down;W;383605
Key Down;A;383719
Key Down;Space;383805
Key Up;Space;384141
Key Up;W;384245
Key Up;A;384269
Key Down;A;384349
Key Down;Space;384445
Key Down;S;384597
Key Up;Space;384653
Key Up;A;384805
Key Up;S;384869
Key Down;A;385285
Key Up;A;385397
Key Down;W;385525
Key Up;W;385677
Key Down;W;386757
Key Down;Space;387085
Key Up;Space;387509
Key Down;Space;387581
Key Up;Space;387749
Key Down;A;388053
Key Up;A;388405
Key Down;D;388485
Key Up;D;388645
Key Down;A;388821
Key Up;A;389141
Key Down;A;389421
Key Up;A;389653
Key Down;A;389861
Key Up;A;390181
Key Down;Space;390285
Key Down;D;390685
Key Up;Space;390709
Key Up;D;390973
Key Up;W;391045
Key Down;W;391309
Key Down;A;391317
Key Up;A;391389
Key Down;Space;391853
Key Up;Space;392061
Key Up;W;392109
Key Down;W;392326
Key Up;W;392493
Key Down;W;392870
Key Down;Space;393141
Key Up;Space;393493
Key Down;A;394061
Key Up;A;394397
Key Down;A;394710
Key Up;A;394805
Key Down;Space;394894
Key Up;Space;395213
Key Down;D;395478
Key Up;D;395709
Key Up;W;395941
Key Down;W;396005
Key Down;Space;396086
Key Up;Space;396277
Key Down;A;396837
Key Up;W;396861
Key Up;A;396965
Key Down;W;397293
Key Down;Space;397357
Key Down;D;397613
Key Up;Space;397685
Key Down;Space;397725
Key Up;D;397821
Key Up;Space;397837
Key Up;W;398029
Key Down;S;398189
Key Up;S;398349
Key Down;W;398845
Key Down;Space;399293
Key Up;Space;399965
Key Up;W;401181
Key Down;Space;401421
Key Down;W;401477
Key Up;Space;401645
Key Up;W;402005
Key Down;W;402685
Key Down;Space;402829
Key Up;Space;403125
Key Up;W;403389
Key Down;D;403421
Key Up;D;403573
Key Down;W;404029
Key Down;Space;404229
Key Down;A;404365
Key Up;A;404541
Key Up;Space;404573
Key Down;D;404605
Key Up;W;404685
Key Up;D;404749
Key Down;W;406357
Key Down;Space;406782
Key Up;Space;407253
Key Down;D;407349
Key Up;D;407733
Key Up;W;407757
Key Down;W;407886
Key Up;W;408005
Key Down;W;409310
Key Down;A;409397
Key Up;A;409637
Key Down;Space;410046
Key Up;Space;410311
Key Down;A;410413
Key Up;A;410589
Key Down;D;410693
Key Up;D;410925
Key Up;W;412229
Key Down;Space;413245
Key Up;Space;413741
Key Down;A;414245
Key Down;W;414373
Key Up;A;414765
Key Down;D;415093
Key Up;D;415269
Key Down;A;416317
Key Up;A;416773
Key Down;Left Shift;417046
Key Up;Left Shift;417277
Key Up;W;419461
Key Down;A;419837
Key Down;W;419877
Key Up;A;420021
Key Up;W;420037
Key Down;D;420406
Key Up;D;420533
Key Down;W;420573
Key Up;W;420701
Key Down;W;420925
Key Up;W;421093
Key Down;W;421341
Key Down;Space;422229
Key Up;Space;422501
Key Down;Space;422685
Key Up;Space;422893
Key Down;Space;424261
Key Up;Space;424445
Key Up;W;424837
Key Down;W;425709
Key Up;W;425877
Key Down;W;426653
Key Up;W;426821
Key Down;A;427173
Key Up;A;427341
Key Down;D;427501
Key Up;D;427725
Key Down;A;427893
Key Down;W;428069
Key Up;A;428133
Key Up;W;428174
Key Down;D;428549
Key Up;D;428685
Key Down;W;429285
Key Up;W;429421
Key Down;S;429925
Key Up;S;430173
Key Down;W;430501
Key Up;W;430685
Key Down;D;431053
Key Up;D;431205
Key Down;A;431678
Key Up;A;431829
Key Down;S;432045
Key Up;S;432197
Key Down;D;432349
Key Up;D;432453
Key Down;D;432933
Key Up;D;433069
Key Down;W;433246
Key Down;D;433534
Key Up;W;433605
Key Up;D;433709
Key Down;D;434253
Key Up;D;434389
Key Down;D;435237
Key Up;D;435349
Key Down;Space;435461
Key Down;A;435646
Key Up;A;435773
Key Up;Space;435805
Key Down;Space;435869
Key Up;Space;436181
Key Down;W;436965
Key Down;A;437062
Key Up;W;437317
Key Up;A;437325
Key Down;W;438157
Key Up;W;438405
Key Down;S;438909
Key Down;A;439101
Key Up;A;439453
Key Up;S;439485
Key Down;W;439717
Key Down;A;439797
Key Up;A;440053
Key Up;W;440157
Key Down;A;440389
Key Up;A;440613
Key Down;W;440941
Key Down;A;441013
Key Up;A;441221
Key Down;D;442781
Key Up;D;443165
Key Down;Space;443333
Key Down;A;443549
Key Up;Space;443597
Key Up;A;443677
Key Down;D;443973
Key Up;W;444013
Key Up;D;444109
Key Down;W;444349
Key Up;W;444509
Key Down;W;444733
Key Up;W;444925
Key Down;A;448861
Key Up;A;449317
Key Down;A;450477
Key Up;A;450557
Key Down;W;451445
Key Down;Space;451669
Key Up;Space;451893
Key Down;Space;454717
Key Up;Space;455045
Key Down;Space;455317
Key Up;Space;455565
Key Down;A;455949
Key Up;A;456381
Key Down;Space;456957
Key Up;Space;457269
Key Down;D;457333
Key Down;Space;457477
Key Up;Space;457837
Key Up;D;458037
Key Down;A;458365
Key Down;Space;458437
Key Up;A;458597
Key Down;D;458621
Key Up;Space;458653
Key Up;W;459053
Key Down;S;459301
Key Up;S;459949
Key Up;D;459981
Key Down;W;460037
Key Down;A;460173
Key Up;A;460285
Key Down;A;460542
Key Up;A;460869
Key Down;A;460949
Key Up;W;461181
Key Down;S;461606
Key Up;S;461829
Key Down;S;462085
Key Up;A;462277
Key Up;S;463045
Key Down;R;463133
Key Up;R;463253
Key Down;W;463574
Key Down;A;464646
Key Up;A;465493
Key Down;Space;465677
Key Up;Space;466133
Key Up;W;466293
Key Down;W;466525
Key Down;D;466605
Key Up;D;466685
Key Up;W;466693
Key Down;W;467013
Key Down;D;467277
Key Up;W;467317
Key Up;D;467413
Key Down;Space;468133
Key Down;W;468254
Key Up;Space;468345
Key Up;W;468429
Key Down;W;469469
Key Up;W;469725
Key Down;R;470989
Key Up;R;471093
Key Down;W;471541
Key Down;A;472102
Key Up;A;472781
Key Down;Space;473301
Key Up;Space;473501
Key Down;A;473581
Key Down;Space;473605
Key Up;A;473693
Key Up;Space;473765
Key Down;A;473877
Key Up;A;474005
Key Down;D;474125
Key Up;W;474253
Key Up;D;474301
Key Down;W;474813
Key Up;W;474989
Key Down;W;476077
Key Down;D;476181
Key Down;Space;476453
Key Up;D;476518
Key Up;Space;476589
Key Up;W;476613
Key Down;Space;476653
Key Up;Space;476965
Key Down;D;477373
Key Down;W;477453
Key Up;D;477629
Key Down;A;477733
Key Up;W;477869
Key Down;W;477901
Key Down;Space;477957
Key Up;W;478021
Key Up;A;478037
Key Up;Space;478109
Key Down;W;478462
Key Up;W;478565
Key Down;Space;478606
Key Down;W;478685
Key Up;Space;478757
Key Down;Space;478853
Key Up;W;478877
Key Down;W;479030
Key Up;Space;479101
Key Up;W;479333
Key Down;W;479685
Key Down;Space;480957
Key Up;Space;481197
Key Up;W;481917
Key Down;W;483525
Key Up;W;483789
Key Down;A;484230
Key Up;A;484397
Key Down;A;484677
Key Up;A;484717
Key Down;A;485374
Key Up;A;485525
Key Down;W;485781
Key Down;A;485806
Key Up;W;485893
Key Up;A;485917
Key Down;S;486381
Key Up;S;486477
Key Down;W;488413
Key Up;W;489285
Key Down;D;489470
Key Up;D;489621
Key Down;W;490349
Key Down;D;490357
Key Up;D;490605
Key Down;D;491886
Key Down;Space;492078
Key Up;Space;492277
Key Up;D;492397
Key Down;A;492629
Key Up;W;493141
Key Down;W;493349
Key Up;A;494349
Key Down;Space;494837
Key Up;Space;495301
Key Down;D;495365
Key Up;W;495861
Key Down;A;496368
Key Up;D;496373
Key Up;A;496542
Key Down;D;497045
Key Down;W;497310
Key Up;W;497469
Key Up;D;497493
Key Down;W;497565
Key Down;Space;497741
Key Up;Space;497941
Key Down;A;498070
Key Down;Space;498245
Key Up;A;498277
Key Up;Space;498509
Key Down;A;498741
Key Up;A;499653
Key Down;D;499781
Key Up;W;499901
Key Up;D;499901
Key Down;W;500750
Key Down;Space;501245
Key Up;Space;501701
Key Down;Space;501869
Key Up;Space;502069
Key Down;A;503494
Key Up;A;504877
Key Down;D;505125
Key Up;D;505253
Key Down;D;505525
Key Up;D;505613
Key Up;W;506341
Key Down;S;506493
Key Up;S;506653
Key Down;W;506741
Key Down;A;507021
Key Up;A;507101
Key Up;W;507141
Key Down;S;507221
Key Down;D;507557
Key Up;D;507709
Key Down;D;508174
Key Down;Space;508269
Key Up;D;508389
Key Up;Space;508437
Key Up;S;508565
Key Down;Space;508701
Key Down;D;508821
Key Up;Space;508861
Key Up;D;509085
Key Down;W;509965
Key Down;A;510397
Key Down;Space;510494
Key Up;A;510549
Key Down;D;510909
Key Up;Space;510965
Key Up;D;511253
Key Down;A;511358
Key Up;A;511861
Key Down;Space;512477
Key Up;Space;512933
Key Down;Space;513133
Key Up;Space;513517
Key Down;D;513662
Key Up;D;513893
Key Down;A;514173
Key Up;A;514477
Key Up;W;514989
Key Down;D;515566
Key Up;D;516029
Key Down;W;516557
Key Up;W;517101
Key Down;R;517181
Key Up;R;517285
Key Down;W;517445
Key Down;A;519069
Key Down;Space;519093
Key Up;A;519349
Key Up;Space;519405
Key Down;Space;519549
Key Down;D;519717
Key Up;Space;519733
Key Up;D;519877
Key Down;A;520077
Key Up;A;520189
Key Down;A;520365
Key Up;A;520925
Key Down;Space;520957
Key Up;Space;521326
Key Down;Space;521565
Key Up;Space;521781
Key Down;D;522229
Key Up;D;522405
Key Down;D;522997
Key Up;D;523165
Key Down;D;523349
Key Up;D;523581
Key Down;Space;523717
Key Up;Space;524141
Key Down;Space;524389
Key Up;Space;524621
Key Down;A;525190
Key Up;A;525405
Key Down;A;525533
Key Up;A;525621
Key Down;D;525645
Key Up;D;526021
Key Down;Space;526461
Key Up;Space;526845
Key Down;Space;527133
Key Up;Space;527549
Key Up;W;528429
Key Down;W;529189
Key Up;W;529509
Key Down;W;529733
Key Up;W;529925
Key Down;W;530726
Key Up;W;530941
Key Down;W;530981
Key Down;Space;531181
Key Up;W;531365
Key Up;Space;531437
Key Down;Space;531509
Key Down;W;531589
Key Up;Space;531861
Key Down;A;532389
Key Up;W;532797
Key Up;A;533205
Key Down;W;533293
Key Down;D;533341
Key Up;D;533485
Key Down;A;533629
Key Up;A;533749
Key Up;W;534013
Key Down;W;534110
Key Down;D;534278
Key Up;D;534421
Key Up;W;534677
Key Down;W;535293
Key Up;W;535509
Key Down;D;535861
Key Down;W;535997
Key Up;D;536189
Key Down;A;536525
Key Up;A;536645
Key Down;A;536717
Key Up;A;536797
Key Down;D;537086
Key Up;D;537213
Key Up;W;537237
Key Down;D;537245
Key Up;D;537493
Key Down;A;537533
Key Down;S;537605
Key Up;A;537613
Key Up;S;537645
Key Down;D;537661
Key Up;D;537797
Key Down;D;537949
Key Down;W;537957
Key Up;D;539301
Key Down;R;539485
Key Up;R;539685
Key Up;W;539829
Key Down;W;540333
Key Up;W;540533
Key Down;W;540861
Key Up;W;541013
Key Down;S;541286
Key Down;A;541485
Key Up;A;541805
Key Up;S;541901
Key Down;W;544165
Key Up;W;544485
Key Down;A;544597
Key Up;A;544765
Key Down;A;544821
Key Down;W;544957
Key Up;W;545045
Key Up;A;545053
Key Down;S;545997
Key Down;A;546181
Key Up;S;546533
Key Up;A;546565
Key Down;R;547789
Key Up;R;547933
Key Down;S;548349
Key Up;S;548541
Key Down;A;548845
Key Down;W;548901
Key Up;A;549373
Key Down;A;549581
Key Up;A;549789
Key Down;Space;549845
Key Down;D;550045
Key Up;Space;550101
Key Down;Space;550165
Key Up;D;550342
Key Down;A;550343
Key Up;Space;550445
Key Up;A;550461
Key Down;A;550621
Key Up;A;551573
Key Down;A;551653
Key Up;W;551693
Key Up;A;551749
Key Down;W;551869
Key Down;A;552061
Key Up;A;552149
Key Up;W;552325
Key Down;W;552518
Key Up;W;552693
Key Down;W;553110
Key Up;W;553581
Key Down;A;553781
Key Up;A;553877
Key Down;W;553997
Key Up;W;554325
Key Down;A;554365
Key Up;A;554477
Key Down;W;555173
Key Up;W;555389
Key Down;A;555533
Key Up;A;555717
Key Down;W;556063
Key Up;W;556325
Key Down;W;557677
Key Up;W;557877
Key Down;W;558989
Key Down;A;559206
Key Up;A;559445
Key Down;Space;559621
Key Down;D;559773
Key Up;Space;559909
Key Up;D;560077
Key Down;Space;560086
Key Up;Space;560286
Key Down;A;560389
Key Up;W;560461
Key Up;A;560501
Key Down;S;560661
Key Up;S;560733
Key Down;S;560765
Key Up;S;561005
Key Down;S;561149
Key Up;S;561917
Key Down;W;562005
Key Down;Space;562213
Key Up;Space;562485
Key Down;Space;563101
Key Up;Space;563261
Key Up;W;563389
Key Down;W;563709
Key Up;W;564061
Key Down;W;564349
Key Up;W;564525
Key Down;W;564774
Key Down;Space;564854
Key Up;Space;565261
Key Down;Space;565861
Key Up;Space;566085
Key Down;Space;568461
Key Up;Space;569357
Key Down;Space;569421
Key Up;Space;569957
Key Up;W;570173
Key Down;A;570229
Key Down;W;570285
Key Up;A;570357
Key Up;W;570517
Key Down;S;571725
Key Up;S;571917
Key Down;D;572781
Key Down;S;572789
Key Up;D;573093
Key Up;S;573125
Key Down;W;573381
Key Down;A;573549
Key Up;A;573949
Key Down;D;574117
Key Up;D;574342
Key Down;Space;574933
Key Up;Space;575253
Key Up;W;575733
Key Down;S;575854
Key Up;S;576045
Key Down;W;576125
Key Down;Space;576318
Key Up;Space;576565
Key Down;A;577413
Key Up;A;577525
Key Down;D;577638
Key Down;Space;577694
Key Up;D;577741
Key Up;Space;577901
Key Down;D;578501
Key Up;D;578701
Key Down;A;578989
Key Up;A;579109
Key Down;Space;579133
Key Up;Space;579397
Key Down;D;579653
Key Down;Space;579742
Key Up;Space;579909
Key Up;D;579933
Key Down;D;580182
Key Up;D;580261
Key Down;D;580687
Key Up;D;580749
Key Up;W;580765
Key Down;S;580903
Key Up;S;581013
Key Down;W;581101
Key Down;Space;581437
Key Down;D;581774
Key Up;W;581837
Key Down;W;581845
Key Up;D;581981
Key Up;Space;582085
Key Up;W;582173
Key Down;R;582173
Key Up;R;582293
Key Down;W;582445
Key Down;Space;582879
Key Up;Space;583245
Key Down;Space;583461
Key Up;Space;583645
Key Down;Space;585861
Key Up;Space;586061
Key Up;W;586621
Key Down;W;587142
Key Down;Space;587365
Key Up;Space;587533
Key Up;W;588253
Key Down;W;588701
Key Down;Space;588997
Key Up;Space;589213
Key Down;D;589757
Key Up;D;589949
Key Up;W;589981
Key Down;W;590189
Key Down;Space;590726
Key Up;Space;591109
Key Down;Space;591533
Key Up;Space;591686
Key Up;W;591997
Key Down;A;592157
Key Down;W;592238
Key Up;A;592293
Key Up;W;592389
Key Down;D;592589
Key Down;W;592677
Key Up;D;592789
Key Down;A;592941
Key Up;A;593141
Key Down;Space;593205
Key Down;D;593453
Key Up;Space;593725
Key Down;Space;593829
Key Up;D;593997
Key Down;A;594045
Key Up;Space;594077
Key Down;Space;594205
Key Up;A;594269
Key Up;W;594293
Key Up;Space;594573
Key Down;R;594733
Key Up;R;594845
Key Down;W;595061
Key Down;Space;595549
Key Up;Space;595893
Key Down;A;596061
Key Down;Space;596461
Key Up;W;596565
Key Down;W;596597
Key Up;Space;596661
Key Up;A;596933
Key Down;D;597317
Key Up;D;597645
Key Down;Space;598918
Key Up;Space;599085
Key Up;W;599485
Key Down;W;600077
Key Down;Space;600373
Key Up;Space;600541
Key Up;W;601421
Key Down;A;601557
Key Up;A;601701
Key Down;W;601774
Key Down;Space;601982
Key Up;Space;602165
Key Down;D;602509
Key Up;D;602637
Key Down;A;602981
Key Up;A;603085
Key Down;D;603157
Key Down;Space;603349
Key Up;D;603365
Key Up;Space;603557
Key Down;A;603645
Key Up;A;603717
Key Down;Space;603725
Key Up;Space;603925
Key Down;A;604878
Key Up;A;604997
Key Up;W;605045
Key Down;W;605213
Key Down;Space;605325
Key Up;Space;605757
Key Up;W;605949
Key Down;W;606101
Key Up;W;606245
Key Down;A;606350
Key Down;S;606389
Key Up;A;606461
Key Up;S;606469
Key Down;W;607781
Key Down;A;608141
Key Down;Space;608150
Key Up;A;608493
Key Up;Space;608501
Key Down;Space;609038
Key Down;A;609167
Key Up;A;610549
Key Up;Space;610925
Key Down;R;610981
Key Up;R;611133
Key Down;Space;611549
Key Up;Space;611789
Key Down;A;613125
Key Up;W;613325
Key Down;W;613421
Key Up;A;613789
Key Down;Space;614381
Key Up;Space;614541
Key Up;W;615141
Key Down;S;615381
Key Up;S;615581
Key Down;W;615646
Key Down;Space;615799
Key Up;W;616053
Key Down;W;616141
Key Up;Space;616189
Key Up;W;616421
Key Down;W;616502
Key Down;Space;616678
Key Up;Space;616997
Key Up;W;617565
Key Down;W;617790
Key Down;D;617837
Key Up;D;617973
Key Down;Space;618101
Key Up;Space;618317
Key Down;A;618741
Key Up;A;618837
Key Down;A;619085
Key Up;A;619149
Key Down;Space;619549
Key Up;Space;619878
Key Down;A;620541
Key Up;A;620661
Key Down;Space;620669
Key Up;Space;620845
Key Up;W;620925
Key Down;W;621174
Key Up;W;621301
Key Down;D;621574
Key Down;W;621597
Key Up;D;621685
Key Up;W;621765
Key Down;A;621774
Key Up;A;621901
Key Down;W;622109
Key Down;Space;622317
Key Up;Space;622701
Key Up;W;622917
Key Down;S;623013
Key Up;S;623085
Key Down;W;623213
Key Up;W;623381
Key Down;A;623390
Key Up;A;623525
Key Down;W;623613
Key Up;W;623685
Key Down;W;627069
Key Down;Space;627286
Key Up;Space;627829
Key Down;Space;628133
Key Up;Space;628637
Key Up;W;628925
Key Down;W;629037
Key Up;W;629197
Key Down;W;629366
Key Down;Space;629702
Key Up;Space;630165
Key Down;Space;630941
Key Up;Space;631229
Key Down;Space;631558
Key Down;A;631629
Key Up;Space;631701
Key Up;W;631909
Key Up;A;631909
Key Down;W;632037
Key Up;W;632221
Key Down;W;632597
Key Down;Space;633054
Key Up;Space;633453
Key Down;Space;633613
Key Up;Space;633877
Key Down;D;633989
Key Up;D;634077
Key Down;D;634701
Key Up;D;634917
Key Down;Space;635614
Key Up;Space;635885
Key Down;Space;635997
Key Up;Space;636397
Key Down;A;636669
Key Up;A;637029
Key Down;D;637422
Key Up;D;637525
Key Down;Space;637846
Key Up;Space;638109
Key Down;Space;638533
Key Down;D;638717
Key Up;Space;638773
Key Up;D;639742
Key Down;A;639973
Key Up;A;640085
Key Down;D;640469
Key Up;D;640949
Key Up;W;640973
Key Down;W;642149
Key Down;D;642181
Key Down;Space;642325
Key Up;Space;642549
Key Up;D;642581
Key Up;W;643245
Key Down;W;643469
Key Down;Space;643509
Key Up;W;643701
Key Down;A;643733
Key Up;Space;643781
Key Down;W;643829
Key Down;Space;643885
Key Up;A;643933
Key Up;W;644045
Key Down;W;644157
Key Up;Space;644285
Key Down;Space;644333
Key Up;W;644381
Key Down;A;644565
Key Down;W;644669
Key Up;Space;644917
Key Up;A;645245
Key Up;W;645261
Key Down;D;645350
Key Down;W;645461
Key Down;Space;645637
Key Up;Space;645885
Key Up;D;646365
Key Up;W;646365
Key Down;W;646933
Key Down;Space;647125
Key Up;Space;647349
Key Down;Space;647461
Key Up;W;647477
Key Down;W;647893
Key Up;Space;647925
Key Up;W;648069
Key Down;Space;649277
Key Up;Space;649597
Key Down;Space;649685
Key Down;W;650045
Key Up;W;650269
Key Up;Space;650277
Key Down;D;650325
Key Down;W;650501
Key Up;D;650653
Key Down;A;650885
Key Down;Space;651389
Key Up;A;651541
Key Up;Space;651589
Key Down;A;651740
Key Up;A;652285
Key Down;D;652670
Key Up;D;652725
Key Down;A;652805
Key Down;Space;652861
Key Up;Space;653013
Key Up;A;653133
Key Down;D;653165
Key Up;D;653309
Key Up;W;653333
Key Down;S;653453
Key Down;D;653533
Key Up;S;653653
Key Up;D;653733
Key Down;W;653837
Key Down;D;653925
Key Up;W;653997
Key Up;D;654021
Key Down;S;654221
Key Up;S;654437
Key Down;W;654605
Key Up;W;654773
Key Down;W;655389
Key Up;W;655541
Key Down;A;656357
Key Up;A;656461
Key Down;D;656709
Key Down;W;656797
Key Up;D;656829
Key Down;D;656973
Key Up;D;657061
Key Down;A;657117
Key Up;A;657381
Key Down;D;657621
Key Down;Space;657741
Key Up;D;657837
Key Up;Space;657877
Key Down;A;658661
Key Up;W;658853
Key Down;W;659005
Key Up;A;659221
Key Down;Space;659437
Key Up;Space;659669
Key Down;Space;659861
Key Up;Space;660069
Key Down;D;660109
Key Up;W;660765
Key Down;W;661150
Key Up;D;661325
Key Down;A;661405
Key Up;W;661461
Key Up;A;661477
Key Down;W;662157
Key Down;A;662293
Key Down;Space;662861
Key Up;A;662877
Key Up;Space;663053
Key Down;A;663381
Key Up;A;663541
Key Up;W;663661
Key Down;W;663941
Key Down;A;664069
Key Up;A;664229
Key Up;W;664469
Key Down;D;664589
Key Down;S;664637
Key Up;D;664693
Key Up;S;664757
Key Down;W;664933
Key Up;W;665765
Key Down;W;665845
Key Up;W;666085
Key Down;W;666277
Key Down;A;666357
Key Up;W;666469
Key Up;A;666525
Key Down;W;666941
Key Down;D;669893
Key Up;D;670045
Key Up;W;671213
Key Down;W;671365
Key Up;W;671741
Key Down;S;671989
Key Up;S;672373
Key Down;W;674253
Key Up;W;674365
Key Down;W;676302
Key Up;W;676445
Key Down;D;676854
Key Up;D;676933
Key Down;D;677398
Key Up;D;677557
Key Down;Left Alt;707126
Key Down;Tab;707197
Key Up;Tab;707317
Key Up;Left Alt;707325
