Event;Key;Time
Key Down;S;4923
Key Up;S;5074
Key Down;A;5130
Key Down;S;5267
Key Up;A;5402
Key Up;S;5514
Key Down;D;5555
Key Down;W;5906
Key Up;D;6082
Key Down;A;6147
Key Up;A;6290
Key Down;Left Shift;6331
Key Down;A;8763
Key Up;Left Shift;8786
Key Up;W;8794
Key Down;S;8883
Key Up;A;8930
Key Down;A;9243
Key Up;S;9890
Key Down;W;9987
Key Up;A;10050
Key Down;Left Shift;10138
Key Up;Left Shift;12698
Key Down;A;13075
Key Up;W;13154
Key Down;S;13307
Key Up;A;13634
Key Up;S;15258
Key Down;D;15627
Key Down;S;15715
Key Up;D;15882
Key Down;A;16571
Key Up;S;17218
Key Up;A;17251
Key Down;W;17299
Key Up;W;17698
Key Down;S;17779
Key Up;S;18330
Key Down;W;18434
Key Up;W;19338
Key Down;A;19362
Key Down;S;19396
Key Up;A;19410
Key Down;A;19611
Key Up;A;19874
Key Down;A;19923
Key Up;S;20178
Key Down;S;20211
Key Up;A;20434
Key Up;S;20571
Key Down;S;20595
Key Down;A;21195
Key Up;S;21202
Key Up;A;21282
Key Down;W;21283
Key Up;W;21866
Key Down;S;21939
Key Down;A;22442
Key Up;A;22970
Key Down;A;23155
Key Up;A;23418
Key Up;S;24178
Key Down;M;28931
Key Up;M;29050
Key Down;Escape;29891
Key Up;Escape;30011
Key Down;W;31179
Key Down;D;31619
Key Up;D;31778
Key Up;W;32234
Key Down;W;32475
Key Up;W;32898
Key Down;W;34211
Key Down;Left Shift;34963
Key Up;Left Shift;39882
Key Up;W;40050
Key Down;S;40162
Key Down;A;40562
Key Up;A;40626
Key Up;S;40658
Key Down;W;40747
Key Down;A;41507
Key Up;A;41722
Key Down;A;41859
Key Up;W;41890
Key Down;S;42043
Key Up;S;42738
Key Down;W;43219
Key Up;A;43418
Key Down;A;43603
Key Up;W;43722
Key Down;S;43810
Key Up;A;43890
Key Down;D;44083
Key Up;D;44490
Key Up;S;44923
Key Down;W;45027
Key Down;A;45459
Key Up;A;46338
Key Up;W;47147
Key Down;A;47147
Key Down;W;47219
Key Up;A;47354
Key Down;A;47418
Key Up;W;47474
Key Down;D;47715
Key Up;A;47762
Key Down;S;48074
Key Up;S;48546
Key Down;S;48802
Key Up;D;49082
Key Down;D;49483
Key Up;S;49490
Key Down;W;49555
Key Up;D;49586
Key Down;A;49723
Key Up;W;49779
Key Down;S;49882
Key Up;S;50570
Key Up;A;50674
Key Down;W;50683
Key Up;W;51418
Key Down;S;51490
Key Down;A;52947
Key Up;S;53234
Key Up;A;53354
Key Down;W;53363
Key Up;W;53674
Key Down;A;53683
Key Down;S;53771
Key Up;A;53779
Key Up;S;53938
Key Down;W;53971
Key Up;W;54210
Key Down;D;54219
Key Down;A;54565
Key Down;S;54587
Key Up;D;54595
Key Up;A;54842
Key Up;S;54898
Key Down;W;55291
Key Down;A;55643
Key Up;W;55658
Key Down;S;55803
Key Up;A;55930
Key Up;S;56218
Key Down;A;56243
Key Down;W;56307
Key Up;A;56354
Key Down;A;56395
Key Up;A;56522
Key Down;D;56778
Key Up;D;56866
Key Down;A;57075
Key Up;A;57122
Key Down;D;57195
Key Up;W;57498
Key Down;S;57650
Key Up;D;58026
Key Down;A;58131
Key Up;A;58354
Key Down;D;58426
Key Up;S;58690
Key Down;W;58859
Key Up;W;58931
Key Down;A;59107
Key Up;A;59226
Key Down;W;59523
Key Up;D;59786
Key Down;A;59843
Key Up;W;59850
Key Down;S;59939
Key Up;A;59986
Key Down;A;60707
Key Up;A;60771
Key Down;A;60795
Key Up;A;60898
Key Up;S;61258
Key Down;W;61323
Key Down;D;61443
Key Up;W;61675
Key Down;S;61755
Key Up;D;61842
Key Down;A;62114
Key Up;S;62187
Key Down;W;62291
Key Up;A;62450
Key Up;W;63018
Key Down;S;63091
Key Down;A;63667
Key Up;A;63858
Key Up;S;64602
Key Down;W;64666
Key Down;A;64827
Key Up;A;65066
Key Down;A;65339
Key Up;W;65346
Key Down;S;65435
Key Up;A;65506
Key Down;A;65979
Key Up;S;66066
Key Down;W;66123
Key Up;A;66154
Key Up;W;66738
Key Down;D;66819
Key Down;S;67194
Key Up;D;67346
Key Up;S;67603
Key Down;W;78011
Key Down;Left Shift;78522
Key Up;W;84082
Key Up;Left Shift;84099
Key Down;W;84138
Key Up;W;84403
Key Down;S;84475
Key Down;D;85338
Key Up;S;85674
Key Down;W;85755
Key Up;D;85834
Key Up;W;85858
Key Down;D;85867
Key Down;S;85995
Key Up;D;86042
Key Down;A;86291
Key Up;S;86938
Key Down;W;87011
Key Up;A;87059
Key Down;A;87291
Key Up;W;87498
Key Down;S;87715
Key Up;S;87898
Key Down;W;88099
Key Up;A;88419
Key Down;Space;88507
Key Up;Space;88675
Key Down;Left Shift;89354
Key Up;Left Shift;90834
Key Down;A;93011
Key Up;W;93122
Key Down;S;93210
Key Up;A;93250
Key Up;S;93746
Key Down;W;93811
Key Down;A;94187
Key Up;A;94274
Key Down;Left Shift;94443
Key Down;D;95475
Key Up;D;95594
Key Up;Left Shift;98435
Key Down;A;98435
Key Up;W;98442
Key Down;S;98531
Key Up;A;98602
Key Down;D;98707
Key Up;S;98906
Key Down;W;99003
Key Down;A;99083
Key Up;D;99114
Key Up;A;99866
Key Up;W;99874
Key Down;D;99939
Key Up;D;100090
Key Down;W;100139
Key Down;D;100411
Key Up;D;100562
Key Down;A;100587
Key Up;A;101474
Key Down;Left Shift;101658
Key Up;Left Shift;103291
Key Up;W;103322
Key Down;S;103411
Key Down;A;103787
Key Up;A;104026
Key Down;D;104219
Key Up;D;104434
Key Down;A;104531
Key Up;A;104626
Key Down;4;105811
Key Up;4;105922
Key Down;A;105987
Key Up;S;106434
Key Down;W;106914
Key Up;W;107074
Key Down;2;107355
Key Up;2;107434
Key Down;S;107963
Key Up;A;108266
Key Up;S;108466
Key Down;W;108555
Key Down;2;109107
Key Up;2;109235
Key Up;W;109746
Key Down;D;109763
Key Up;D;109946
Key Down;3;110043
Key Up;3;110210
Key Down;S;110355
Key Down;D;110811
Key Up;S;111018
Key Down;W;111131
Key Down;A;111331
Key Up;D;111354
Key Up;W;111491
Key Up;A;111546
Key Down;W;111570
Key Up;W;111778
Key Down;S;111907
Key Up;S;112954
Key Down;W;113027
Key Down;S;113035
Key Up;S;113098
Key Up;W;113114
Key Down;W;113259
Key Up;W;113322
Key Down;A;113394
Key Down;S;113411
Key Up;A;113490
Key Down;1;113875
Key Up;1;114010
Key Down;A;114323
Key Up;A;114538
Key Up;S;114650
Key Down;S;114978
Key Up;S;115026
Key Down;W;115123
Key Up;W;115298
Key Down;S;115387
Key Up;S;115658
Key Down;W;115739
Key Up;W;116362
Key Down;S;116435
Key Down;D;117259
Key Up;S;117306
Key Up;D;117379
Key Down;W;117395
Key Down;Left Shift;117746
Key Up;W;119074
Key Up;Left Shift;119083
Key Down;S;119147
Key Down;A;119443
Key Up;S;119594
Key Down;W;119746
Key Up;A;119826
Key Up;W;119962
Key Down;S;120067
Key Up;S;120266
Key Down;W;120363
Key Down;D;120859
Key Up;W;120986
Key Down;S;121147
Key Up;D;121283
Key Up;S;121722
Key Down;W;121795
Key Down;D;122091
Key Up;W;122291
Key Up;D;122354
Key Down;S;122411
Key Down;A;122595
Key Up;S;122626
Key Down;W;122778
Key Up;A;122818
Key Down;D;123483
Key Up;W;123626
Key Down;S;123730
Key Up;D;123850
Key Up;S;123914
Key Down;W;123987
Key Down;A;124802
Key Up;W;125170
Key Down;S;125275
Key Up;A;125354
Key Up;S;125898
Key Down;W;125955
Key Up;W;126050
Key Down;A;126163
Key Up;A;126250
Key Down;S;126315
Key Up;S;126426
Key Down;W;126915
Key Up;W;127002
Key Down;S;127083
Key Down;A;127123
Key Up;S;127395
Key Down;W;127571
Key Up;A;127578
Key Up;W;127906
Key Down;S;127979
Key Down;A;128075
Key Up;A;128227
Key Down;D;128235
Key Up;S;128538
Key Up;D;128546
Key Down;W;128611
Key Up;W;129154
Key Down;W;129291
Key Up;W;129378
Key Down;A;129499
Key Down;S;129515
Key Up;S;129794
Key Down;S;129875
Key Up;A;129970
Key Down;D;130051
Key Up;D;130690
Key Up;S;130714
Key Down;W;130779
Key Down;Left Shift;131203
Key Up;Left Shift;132923
Key Down;A;133547
Key Up;W;133610
Key Up;A;133682
Key Down;S;133987
Key Down;D;134027
Key Up;D;134186
Key Down;D;134467
Key Up;S;134762
Key Up;D;134770
Key Down;S;134947
Key Down;D;135339
Key Up;D;135602
Key Down;D;136899
Key Up;S;137730
Key Down;W;137810
Key Up;W;138130
Key Down;S;138219
Key Down;A;138651
Key Up;D;138698
Key Up;A;139042
Key Down;D;139050
Key Up;D;139282
Key Up;S;139482
Key Down;W;139547
Key Down;D;139787
Key Up;W;139850
Key Down;S;139947
Key Up;D;140019
Key Down;A;141235
Key Up;A;141426
Key Up;S;141738
Key Down;W;141803
Key Up;W;142642
Key Down;S;142707
Key Up;S;143410
Key Down;W;143499
Key Up;W;143730
Key Down;W;143748
Key Up;W;143842
Key Down;S;143978
Key Up;S;144570
Key Down;W;144650
Key Up;W;145522
Key Down;S;145587
Key Up;S;145826
Key Down;S;146274
Key Down;A;146522
Key Up;A;146891
Key Up;S;146930
Key Down;W;152531
Key Down;D;153242
Key Down;Left Shift;153322
Key Up;D;153450
Key Up;Left Shift;153763
Key Down;Space;153955
Key Up;Space;154179
Key Up;W;154186
Key Down;W;155179
Key Down;A;155451
Key Up;W;155602
Key Up;A;155802
Key Down;W;157315
Key Down;A;157538
Key Up;A;157682
Key Down;3;159003
Key Up;3;159147
Key Up;W;159394
Key Down;D;159411
Key Down;S;159539
Key Up;S;159634
Key Down;S;159683
Key Up;D;159922
Key Down;A;160074
Key Up;S;160210
Key Down;W;160290
Key Up;A;160938
Key Down;Left Shift;161595
Key Down;D;162851
Key Up;Left Shift;162971
Key Up;D;165090
Key Down;D;166067
Key Up;D;166738
Key Down;D;166779
Key Up;D;166938
Key Down;Left Shift;167106
Key Up;Left Shift;168058
Key Up;W;168074
Key Down;D;168195
Key Down;S;168203
Key Up;D;168618
Key Down;A;168627
Key Up;S;168674
Key Up;A;168803
Key Down;W;168867
Key Up;W;168914
Key Down;D;168979
Key Up;D;169139
Key Down;D;169643
Key Up;D;169843
Key Down;W;170178
Key Down;Left Shift;170355
Key Up;Left Shift;172475
Key Up;W;172482
Key Down;S;172563
Key Down;D;173435
Key Up;D;173586
Key Up;S;173946
Key Down;W;174011
Key Up;W;174946
Key Down;S;175035
Key Down;A;175115
Key Up;S;175642
Key Up;A;175826
Key Down;D;175835
Key Down;W;176059
Key Up;W;176186
Key Down;A;176291
Key Up;D;176314
Key Down;W;176363
Key Up;W;176498
Key Up;A;176530
Key Down;A;176562
Key Down;S;176667
Key Up;A;176722
Key Down;A;176771
Key Up;S;176978
Key Down;D;177075
Key Up;A;177082
Key Down;W;177435
Key Up;W;177898
Key Down;A;178067
Key Down;S;178107
Key Up;D;178130
Key Up;A;178498
Key Down;A;178755
Key Up;A;178970
Key Up;S;179530
Key Down;S;179611
Key Up;S;179875
Key Down;S;179971
Key Down;D;180227
Key Up;D;180378
Key Up;S;181090
Key Down;W;181147
Key Up;W;181754
Key Down;S;181827
Key Down;D;181979
Key Up;D;182242
Key Down;D;182538
Key Up;D;182954
Key Up;S;183274
Key Down;Tab;184650
Key Up;Tab;188746
Key Down;W;193683
Key Down;Left Shift;194123
Key Down;D;197123
Key Up;Left Shift;197154
Key Down;Left Shift;197731
Key Up;Left Shift;198131
Key Up;W;198251
Key Down;W;198443
Key Up;D;198522
Key Down;A;198547
Key Up;A;198802
Key Down;A;198827
Key Up;W;198954
Key Down;S;199154
Key Up;S;199194
Key Down;W;199395
Key Up;A;199890
Key Down;D;200035
Key Up;W;200114
Key Down;S;200251
Key Up;S;200810
Key Down;W;201587
Key Up;D;201818
Key Up;W;202346
Key Down;S;202411
Key Down;D;203739
Key Up;S;203826
Key Down;W;203971
Key Up;D;204234
Key Down;Left Shift;204506
Key Down;D;205515
Key Up;Left Shift;205658
Key Up;D;206290
Key Down;Left Shift;206307
Key Up;Left Shift;208458
Key Down;D;208523
Key Up;W;208986
Key Down;Left Alt;209163
Key Up;Left Alt;209931
Key Up;D;209978
Key Down;Left Alt;210530
Key Down;Tab;210586
Key Up;Left Alt;210691
Key Up;Tab;210738
Key Down;S;212475
Key Up;S;212706
Key Down;W;212771
Key Up;W;213114
Key Down;S;213187
Key Up;S;213378
Key Down;W;213450
Key Up;W;214130
Key Down;S;214235
Key Down;D;214243
Key Up;D;214578
Key Down;D;214611
Key Up;S;214802
Key Down;S;214947
Key Up;D;215075
Key Up;S;215442
Key Down;W;215506
Key Down;A;216227
Key Up;W;216362
Key Down;S;216603
Key Down;D;216667
Key Up;A;216691
Key Up;S;216786
Key Down;W;217027
Key Up;D;217074
Key Up;W;217466
Key Down;W;217482
Key Up;W;217707
Key Down;D;217707
Key Up;D;217762
Key Down;A;217779
Key Down;S;217819
Key Up;S;218282
Key Up;A;218354
Key Down;W;218371
Key Up;W;218642
Key Down;S;218723
Key Up;S;219138
Key Down;W;219219
Key Down;A;219322
Key Up;W;219394
Key Up;A;219706
Key Down;W;219715
Key Down;D;219819
Key Up;D;219899
Key Down;D;219939
Key Up;W;220010
Key Down;A;220059
Key Down;S;220123
Key Up;A;220138
Key Up;D;220378
Key Down;A;220779
Key Up;S;220850
Key Down;W;220923
Key Up;A;220970
Key Down;A;221427
Key Up;W;221554
Key Down;S;221651
Key Up;S;222122
Key Down;W;222227
Key Up;A;222811
Key Down;Left Shift;223403
Key Up;Left Shift;225779
Key Down;3;225843
Key Up;3;225962
Key Down;A;226019
Key Up;W;226122
Key Down;S;226267
Key Up;S;227122
Key Down;W;227259
Key Up;A;227555
Key Up;W;227650
Key Down;W;227659
Key Down;D;227883
Key Up;D;228082
Key Down;D;228747
Key Up;D;228810
Key Down;A;228875
Key Up;A;228995
Key Down;D;229075
Key Up;W;229651
Key Up;D;229651
Key Down;A;230107
Key Up;A;230178
Key Down;S;230819
Key Down;A;231019
Key Up;A;231386
Key Down;D;231610
Key Up;D;231707
Key Down;D;231908
Key Up;S;232002
Key Down;S;232363
Key Up;S;232459
Key Down;S;233035
Key Up;D;233146
Key Down;A;233314
Key Up;A;233371
Key Up;S;233466
Key Down;A;233522
Key Down;W;233635
Key Up;A;234370
Key Down;Left Shift;234691
Key Up;Left Shift;235850
Key Down;A;236171
Key Up;W;236210
Key Down;S;236483
Key Up;A;236722
Key Up;S;236826
Key Down;W;236915
Key Down;A;237771
Key Up;W;237779
Key Down;S;237859
Key Up;A;237906
Key Down;D;238291
Key Up;S;238747
Key Down;S;238867
Key Up;D;239178
Key Down;D;239195
Key Up;D;239434
Key Down;A;240011
Key Up;S;240018
Key Down;W;240091
Key Up;A;240370
Key Down;D;240555
Key Up;W;240602
Key Down;S;240954
Key Up;S;241011
Key Down;S;241227
Key Up;D;241714
Key Down;A;241771
Key Up;S;241882
Key Down;W;242235
Key Up;A;242866
Key Down;Left Shift;243107
Key Up;Left Shift;244578
Key Down;A;244611
Key Up;W;244658
Key Down;S;244779
Key Up;A;244874
Key Up;S;245090
Key Down;D;245147
Key Down;W;245235
Key Up;D;245370
Key Down;D;245626
Key Up;D;246426
Key Down;D;247251
Key Up;D;247722
Key Down;D;248155
Key Up;D;248346
Key Down;D;248931
Key Up;D;249362
Key Down;Left Shift;249563
Key Up;Left Shift;250499
Key Down;A;250579
Key Up;A;250826
Key Down;A;250891
Key Up;W;250922
Key Down;S;251043
Key Up;A;251402
Key Down;D;251586
Key Up;D;252499
Key Down;D;252787
Key Up;S;252850
Key Down;W;252922
Key Up;W;253154
Key Down;W;253267
Key Up;W;253626
Key Down;W;253771
Key Up;W;253930
Key Down;S;254027
Key Up;D;254210
Key Down;A;254267
Key Up;A;254530
Key Down;D;254683
Key Up;D;254786
Key Down;A;255042
Key Up;A;255378
Key Down;A;255579
Key Up;S;255770
Key Up;A;256026
Key Down;Tab;256955
Key Up;Tab;258538
Key Down;D;263331
Key Down;W;264075
Key Up;W;264378
Key Up;D;264394
Key Down;D;265723
Key Up;D;265954
Key Down;W;266507
Key Down;D;266779
Key Up;D;266938
Key Up;W;267034
Key Down;3;268194
Key Up;3;268314
Key Down;W;268451
Key Up;W;270267
Key Down;S;270395
Key Up;S;270819
Key Down;W;270914
Key Up;W;271610
Key Down;S;271715
Key Up;S;272740
Key Down;W;273027
Key Up;W;273346
Key Down;D;273651
Key Down;W;273890
Key Up;D;273962
Key Up;W;274035
Key Down;A;274067
Key Down;S;274115
Key Up;A;274210
Key Down;D;274339
Key Up;D;274610
Key Down;D;275211
Key Up;D;275459
Key Down;D;275851
Key Up;S;276346
Key Down;W;276499
Key Up;D;276514
Key Down;A;276571
Key Up;W;276722
Key Down;S;276795
Key Up;A;277074
Key Down;D;277171
Key Up;S;277322
Key Down;W;277443
Key Up;W;277586
Key Down;S;277907
Key Up;D;278706
Key Down;D;279067
Key Up;D;279315
Key Down;A;279450
Key Up;A;279690
Key Up;S;279923
Key Down;W;279994
Key Down;A;280243
Key Up;W;280442
Key Down;S;280555
Key Up;A;280650
Key Down;A;280683
Key Up;A;280746
Key Down;D;282027
Key Up;S;282130
Key Down;S;282307
Key Up;D;282315
Key Down;D;282435
Key Up;S;282466
Key Up;D;282483
Key Down;W;282667
Key Up;W;283210
Key Down;W;283267
Key Up;W;283346
Key Down;S;283450
Key Down;D;283763
Key Up;D;283914
Key Up;S;284467
Key Down;W;284571
Key Down;F;285275
Key Up;W;285330
Key Up;F;285394
Key Down;F;285915
Key Up;F;285963
Key Down;W;286290
Key Up;W;287042
Key Down;A;287051
Key Up;A;287122
Key Down;S;287139
Key Down;A;287379
Key Up;S;287826
Key Down;S;288019
Key Up;A;288250
Key Down;A;288507
Key Up;A;288722
Key Up;S;288906
Key Down;W;288979
Key Up;W;289618
Key Down;S;289691
Key Down;A;290035
Key Up;A;290322
Key Up;S;291386
Key Down;W;291571
Key Up;W;292210
Key Down;S;292291
Key Down;D;292475
Key Up;D;292914
Key Up;S;293026
Key Down;D;293099
Key Down;S;293602
Key Up;D;293883
Key Up;S;293946
Key Down;W;294011
Key Down;A;294339
Key Up;W;294642
Key Down;S;294771
Key Up;A;294843
Key Down;D;295323
Key Up;D;295515
Key Up;S;295786
Key Down;D;302091
Key Up;D;302290
Key Down;D;302594
Key Up;D;302770
Key Down;W;303003
Key Down;A;303507
Key Up;W;303586
Key Down;S;303691
Key Up;A;303723
Key Down;D;303859
Key Up;S;304162
Key Up;D;304163
Key Down;W;304338
Key Up;W;304538
Key Down;W;304763
Key Up;W;305234
Key Down;Tab;305499
Key Up;Tab;306179
Key Down;W;306411
Key Down;D;306802
Key Up;D;307530
Key Down;Left Shift;307795
Key Up;Left Shift;309098
Key Up;W;309698
Key Down;S;309843
Key Up;S;309978
Key Down;W;310051
Key Down;F;310427
Key Up;F;310562
Key Down;F;310619
Key Up;F;310690
Key Down;F;311187
Key Up;F;311282
Key Up;W;311466
Key Down;S;311642
Key Up;S;312138
Key Down;W;312227
Key Up;W;313227
Key Down;S;313306
Key Up;S;314154
Key Down;W;314291
Key Up;W;314378
Key Down;A;314411
Key Down;W;314467
Key Up;A;314538
Key Down;D;315403
Key Up;D;315739
Key Up;W;315866
Key Down;A;315971
Key Up;A;316122
Key Down;W;316195
Key Up;W;316330
Key Down;W;322043
Key Up;W;322586
Key Down;W;326899
Key Down;Left Shift;328418
Key Up;Left Shift;330139
Key Down;3;330491
Key Up;3;330635
Key Up;W;331098
Key Down;W;331227
Key Up;W;331874
Key Down;S;332163
Key Up;S;333034
Key Down;W;333115
Key Up;W;333914
Key Down;S;334035
Key Up;S;334242
Key Down;W;334339
Key Down;Left Shift;335315
Key Up;Left Shift;337098
Key Down;A;337107
Key Up;W;337210
Key Down;S;337299
Key Up;S;337874
Key Up;A;337891
Key Down;W;337947
Key Up;W;338098
Key Down;A;338139
Key Up;A;338690
Key Down;S;338715
Key Down;D;338723
Key Up;D;340738
Key Down;A;341195
Key Up;A;341466
Key Down;D;341699
Key Up;S;341898
Key Down;W;342003
Key Up;D;342146
Key Down;A;342426
Key Up;W;342666
Key Down;S;342770
Key Up;A;342882
Key Down;D;343066
Key Up;D;343570
Key Up;S;343706
Key Down;Tab;345187
Key Up;Tab;347475
Key Down;W;349827
Key Up;W;350155
Key Down;W;354099
Key Down;Left Shift;354547
Key Up;Left Shift;359874
Key Up;W;359986
Key Down;S;360059
Key Down;D;360107
Key Up;D;360610
Key Down;A;361275
Key Up;A;361450
Key Up;S;361898
Key Down;D;361947
Key Down;W;361963
Key Up;D;361986
Key Down;A;362315
Key Up;A;362562
Key Down;D;362571
Key Down;A;362707
Key Up;D;362714
Key Up;A;363178
Key Down;A;363618
Key Up;W;363714
Key Down;D;363835
Key Down;S;363835
Key Up;A;363874
Key Up;D;364003
Key Down;A;364739
Key Up;A;364882
Key Down;D;364939
Key Up;D;365010
Key Down;A;365019
Key Up;A;365378
Key Down;A;365763
Key Up;A;365794
Key Down;D;366138
Key Up;D;366226
Key Down;D;366267
Key Up;S;366290
Key Down;A;366675
Key Up;D;366698
Key Down;S;366755
Key Up;S;367635
Key Down;D;367650
Key Up;D;367722
Key Down;D;367787
Key Down;W;367827
Key Up;D;367842
Key Up;A;368195
Key Down;A;368835
Key Up;W;368923
Key Down;S;369035
Key Up;S;369547
Key Up;A;369754
Key Down;W;376539
Key Up;W;376874
Key Down;S;377259
Key Up;S;377971
Key Down;3;379723
Key Up;3;379794
Key Down;3;380619
Key Up;3;380762
Key Down;W;380883
Key Down;Left Shift;384650
Key Up;Left Shift;389098
Key Down;A;389491
Key Up;W;389650
Key Down;S;389731
Key Up;S;389882
Key Down;W;389979
Key Up;A;390146
Key Down;A;390163
Key Up;W;390314
Key Down;S;390515
Key Up;S;390691
Key Down;W;390899
Key Up;A;391026
Key Down;A;391483
Key Up;W;391802
Key Up;A;391898
Key Down;D;391915
Key Down;A;392099
Key Up;D;392170
Key Down;S;392275
Key Up;S;392458
Key Down;S;392579
Key Up;A;392642
Key Down;D;392803
Key Up;D;393338
Key Down;D;393435
Key Up;D;393714
Key Down;A;393827
Key Up;A;394178
Key Down;D;394459
Key Up;S;394826
Key Up;D;395834
Key Down;D;395931
Key Down;S;396051
Key Up;D;396082
Key Down;A;396339
Key Up;A;396754
Key Down;D;396835
Key Up;S;397402
Key Down;W;397650
Key Up;W;398066
Key Down;S;398235
Key Up;S;398610
Key Down;W;399075
Key Up;D;399234
Key Down;Left Shift;399259
Key Down;A;400722
Key Up;A;400858
Key Down;A;401355
Key Up;Left Shift;401466
Key Up;W;402402
Key Down;W;402475
Key Up;W;402674
Key Down;S;402851
Key Up;S;403307
Key Down;S;403539
Key Up;A;403626
Key Up;S;403890
Key Down;W;403987
Key Down;Left Shift;404227
Key Up;Left Shift;404659
Key Down;D;405027
Key Up;W;405242
Key Down;S;405427
Key Up;D;405611
Key Down;A;405691
Key Up;A;405866
Key Up;S;406418
Key Down;Tab;407154
Key Up;Tab;408874
Key Down;Tab;410467
Key Up;Tab;411786
Key Down;Tab;413683
Key Up;Tab;415314
Key Down;Tab;415507
Key Up;Tab;417298
Key Down;Tab;418819
Key Up;Tab;419330
Key Down;Tab;421267
Key Up;Tab;421643
Key Down;Left Alt;425387
Key Down;Tab;425419
Key Up;Left Alt;425515
Key Up;Tab;425538
