Event;Key;Time
Key Down;Entrée;760
Key Up;Entrée;832
Key Down;Right Alt;2704
Key Up;Right Alt;2960
Key Down;Gauche;3104
Key Up;Gauche;3560
Key Down;Haut;3560
Key Down;Droite;4288
Key Up;Droite;4784
Key Down;Gauche;5816
Key Up;Gauche;6256
Key Down;Gauche;6416
Key Up;Gauche;6736
Key Down;Gauche;7208
Key Up;Gauche;7392
Key Down;Droite;7760
Key Up;Droite;7984
Key Up;Haut;8128
Key Down;Espace;8344
Key Up;Espace;8392
Key Down;Espace;8512
Key Up;Espace;8608
Key Down;Espace;9104
Key Up;Espace;9232
Key Down;Barre oblique;9440
Key Down;Haut;9480
Key Up;Haut;9576
Key Up;Barre oblique;9584
Key Down;Origine;10792
Key Up;Origine;11121
Key Down;Echap;12632
Key Up;Echap;12752
Key Down;Haut;13640
Key Down;Gauche;14152
Key Up;Gauche;14704
Key Up;Haut;14880
Key Down;Bas;15201
Key Up;Bas;15336
Key Down;Haut;15480
Key Up;Haut;15952
Key Down;Haut;16088
Key Down;Droite;16472
Key Up;Droite;16664
Key Down;Droite;17265
Key Up;Droite;17496
Key Down;Gauche;18665
Key Up;Haut;18792
Key Down;Haut;19144
Key Up;Haut;19568
Key Down;Haut;19760
Key Up;Gauche;19904
Key Down;Droite;20952
Key Up;Droite;21352
Key Down;Gauche;21521
Key Up;Gauche;21760
Key Down;Droite;21888
Key Up;Droite;22592
Key Down;Gauche;22768
Key Up;Gauche;23024
Key Up;Haut;25208
Key Down;Haut;25624
Key Down;Droite;25705
Key Up;Haut;25992
Key Down;Bas;26248
Key Up;Droite;26328
Key Up;Bas;26472
Key Down;Haut;26632
Key Up;Haut;27488
Key Down;Droite;31345
Key Down;Haut;31616
Key Up;Droite;31928
Key Down;Gauche;32376
Key Up;Gauche;32464
Key Down;Droite;33096
Key Up;Droite;33208
Key Up;Haut;34121
Key Down;Haut;34640
Key Up;Haut;35824
Key Down;Bas;36152
Key Up;Bas;36560
Key Down;Haut;36712
Key Up;Haut;37176
Key Down;Gauche;37256
Key Down;Haut;37664
Key Up;Gauche;37792
Key Up;Haut;37976
Key Down;Droite;38088
Key Down;Haut;38345
Key Up;Droite;38656
Key Down;Gauche;38680
Key Up;Gauche;39208
Key Down;Droite;39368
Key Up;Droite;39672
Key Down;Gauche;39856
Key Up;Haut;40400
Key Up;Gauche;40424
Key Down;Haut;40512
Key Down;Droite;40528
Key Up;Haut;40848
Key Down;Haut;41056
Key Up;Droite;41249
Key Down;Gauche;41321
Key Up;Gauche;41840
Key Down;Gauche;41960
Key Up;Gauche;42032
Key Down;Droite;42248
Key Up;Droite;42464
Key Down;Droite;42752
Key Up;Haut;42784
Key Down;Haut;43136
Key Up;Droite;43969
Key Down;Gauche;44001
Key Up;Gauche;44344
Key Down;Droite;44720
Key Up;Droite;45568
Key Down;Gauche;45688
Key Up;Gauche;46480
Key Down;Droite;46720
Key Up;Droite;47104
Key Down;Gauche;47128
Key Up;Haut;47512
Key Down;Bas;47641
Key Up;Gauche;47689
Key Up;Bas;47952
Key Down;Droite;48032
Key Down;Haut;48072
Key Up;Droite;48120
Key Down;Droite;48624
Key Up;Droite;48785
Key Down;Droite;49273
Key Up;Droite;49800
Key Down;Gauche;49848
Key Up;Gauche;50296
Key Up;Haut;50553
Key Down;Droite;50824
Key Up;Droite;50960
Key Down;Haut;51104
Key Up;Haut;51376
Key Down;Haut;51984
Key Down;Gauche;52752
Key Up;Gauche;53176
Key Down;Gauche;53984
Key Up;Gauche;54104
Key Up;Haut;54320
Key Down;Gauche;55000
Key Up;Gauche;55192
Key Down;Haut;59976
Key Up;Haut;63928
Key Down;Droite;64072
Key Up;Droite;64304
Key Down;Haut;64376
Key Up;Haut;64904
Key Down;Gauche;65352
Key Down;Haut;65544
Key Up;Gauche;65592
Key Up;Haut;65952
Key Down;Haut;66312
Key Down;Gauche;66896
Key Up;Gauche;66984
Key Down;Droite;67048
Key Up;Droite;67648
Key Up;Haut;67848
Key Down;Bas;68056
Key Up;Bas;68328
Key Down;Haut;68528
Key Up;Haut;69000
Key Down;Haut;69529
Key Up;Haut;70072
Key Down;Haut;70272
Key Up;Haut;72353
Key Down;Haut;73184
Key Up;Haut;73320
Key Down;Droite;73576
Key Down;Haut;74136
Key Up;Droite;74320
Key Down;Droite;74736
Key Up;Haut;74776
Key Up;Droite;74960
Key Down;Haut;76432
Key Down;Droite;77208
Key Up;Haut;77744
Key Up;Droite;77808
Key Down;Haut;77912
Key Down;Droite;78304
Key Up;Droite;78544
Key Up;Haut;78560
Key Down;Gauche;78760
Key Down;Haut;78960
Key Up;Gauche;79168
Key Down;Gauche;79736
Key Up;Gauche;79904
Key Down;Droite;81120
Key Up;Droite;81960
Key Down;Droite;83512
Key Up;Droite;84544
Key Down;Gauche;84712
Key Up;Gauche;84968
Key Down;Droite;85392
Key Up;Droite;85576
Key Up;Haut;85704
Key Down;Haut;86216
Key Down;Droite;87320
Key Up;Droite;88248
Key Down;Gauche;88368
Key Up;Gauche;88512
Key Down;Droite;88609
Key Up;Haut;88712
Key Down;Bas;88864
Key Up;Droite;89120
Key Up;Bas;89352
Key Down;Haut;89480
Key Up;Haut;91496
Key Down;Droite;91648
Key Up;Droite;91848
Key Down;Haut;91976
Key Up;Haut;92784
Key Down;Haut;92953
Key Down;Droite;93200
Key Up;Haut;93512
Key Down;Haut;93640
Key Up;Droite;93696
Key Up;Haut;94272
Key Down;Gauche;94345
Key Down;Haut;94369
Key Up;Gauche;94872
Key Down;Gauche;95680
Key Up;Gauche;95888
Key Down;Droite;96472
Key Up;Haut;96728
Key Down;Haut;97000
Key Up;Droite;97512
Key Up;Haut;97936
Key Down;Bas;98128
Key Down;Droite;98264
Key Up;Bas;98296
Key Up;Droite;98528
Key Down;Haut;98744
Key Up;Haut;98880
Key Down;Droite;99144
Key Up;Droite;99272
Key Down;Gauche;99408
Key Down;Haut;99752
Key Up;Gauche;99824
Key Down;Droite;100640
Key Up;Droite;101488
Key Up;Haut;106304
Key Down;Haut;106504
Key Down;Droite;107832
Key Up;Droite;108168
Key Down;Gauche;109184
Key Up;Gauche;109600
Key Down;Droite;109672
Key Up;Haut;109936
Key Up;Droite;109976
Key Down;Gauche;110064
Key Down;Haut;110256
Key Up;Gauche;110408
Key Down;Droite;110928
Key Up;Droite;111912
Key Down;Gauche;111992
Key Up;Gauche;112400
Key Up;Haut;113656
Key Down;Haut;114216
Key Down;Droite;115184
Key Up;Droite;115672
Key Down;Gauche;115968
Key Up;Gauche;116184
Key Up;Haut;116512
Key Down;Haut;118360
Key Down;Droite;118584
Key Up;Haut;118840
Key Down;Haut;119128
Key Up;Droite;119448
Key Down;Gauche;119880
Key Up;Gauche;120208
Key Up;Haut;120440
Key Down;Haut;120792
Key Down;Droite;121217
Key Up;Droite;121337
Key Up;Haut;122112
Key Down;Haut;122552
Key Up;Haut;122960
Key Down;Gauche;123696
Key Up;Gauche;123792
Key Down;Haut;124208
Key Up;Haut;124376
Key Down;Droite;124800
Key Up;Droite;125032
Key Down;Haut;125192
Key Up;Haut;125840
Key Down;Haut;126976
Key Up;Haut;127400
Key Down;Droite;128392
Key Up;Droite;128544
Key Down;Haut;128712
Key Up;Haut;128888
Key Down;Haut;129528
Key Up;Haut;129624
Key Down;Haut;129712
Key Down;Gauche;131488
Key Up;Gauche;132144
Key Down;Droite;132568
Key Up;Droite;132728
Key Down;Gauche;133048
Key Up;Gauche;133576
Key Up;Haut;134568
Key Down;Droite;134640
Key Down;Bas;134792
Key Up;Droite;134880
Key Down;Droite;135128
Key Up;Droite;135464
Key Up;Bas;135544
Key Down;Haut;136000
Key Up;Haut;136712
Key Down;Haut;137128
Key Down;Droite;137545
Key Up;Droite;137728
Key Up;Haut;138568
Key Down;Haut;138632
Key Up;Haut;138712
Key Down;Droite;138873
Key Down;Haut;139200
Key Up;Droite;139216
Key Down;Droite;139792
Key Up;Droite;139976
Key Down;Droite;140265
Key Up;Droite;140856
Key Down;Gauche;141120
Key Up;Gauche;141248
Key Down;Gauche;141792
Key Up;Gauche;142328
Key Down;Droite;142560
Key Up;Droite;143137
Key Down;Gauche;143392
Key Up;Gauche;143744
Key Up;Haut;143896
Key Down;Haut;145184
Key Up;Haut;145704
Key Down;Haut;145992
Key Up;Haut;146200
Key Down;Haut;147072
Key Down;Gauche;147321
Key Up;Haut;147760
Key Up;Gauche;147768
Key Down;Droite;147888
Key Up;Droite;148280
Key Down;Bas;148384
Key Up;Bas;148673
Key Down;Droite;148992
Key Down;Haut;149136
Key Up;Haut;149960
Key Down;Bas;150136
Key Up;Droite;150216
Key Up;Bas;150472
Key Down;Gauche;150488
Key Up;Gauche;150832
Key Down;Haut;151032
Key Up;Haut;151256
Key Down;Haut;152752
Key Up;Haut;153720
Key Down;Droite;153784
Key Down;Haut;154088
Key Up;Droite;154144
Key Down;Gauche;154297
Key Up;Gauche;154544
Key Up;Haut;154776
Key Down;Droite;154816
Key Down;Haut;155120
Key Up;Droite;155152
Key Up;Haut;155568
Key Down;Droite;155785
Key Up;Droite;156072
Key Down;Haut;156160
Key Down;Gauche;156328
Key Up;Gauche;156632
Key Up;Haut;156696
Key Down;Droite;156960
Key Up;Droite;157064
Key Down;Droite;157504
Key Down;Haut;157872
Key Up;Droite;157928
Key Down;Droite;158560
Key Up;Droite;159064
Key Up;Haut;159176
Key Down;Gauche;159352
Key Up;Gauche;159504
Key Down;Haut;159560
Key Down;Droite;160232
Key Up;Haut;161016
Key Up;Droite;161056
Key Down;Haut;161432
Key Down;Droite;161592
Key Up;Droite;162304
Key Up;Haut;163088
Key Down;Haut;163352
Key Down;Gauche;164392
Key Up;Gauche;164952
Key Down;Droite;165872
Key Up;Droite;166240
Key Down;Gauche;167136
Key Up;Gauche;167384
Key Down;Gauche;167888
Key Up;Gauche;168088
Key Up;Haut;168744
Key Down;Haut;170024
Key Up;Haut;170432
Key Down;Bas;170656
Key Up;Bas;170960
Key Down;Haut;171144
Key Down;Gauche;171280
Key Up;Haut;171464
Key Up;Gauche;172352
Key Down;Droite;172456
Key Down;Haut;172472
Key Up;Haut;173048
Key Down;Bas;173216
Key Up;Droite;173295
Key Down;Gauche;173400
Key Up;Bas;173440
Key Down;Haut;173776
Key Up;Gauche;174432
Key Down;Droite;174656
Key Up;Droite;175120
Key Down;Gauche;175280
Key Up;Gauche;175448
Key Up;Haut;175600
Key Down;Haut;175688
Key Up;Haut;175776
Key Down;Haut;176088
Key Up;Haut;176576
Key Down;Droite;177104
Key Up;Droite;177200
Key Down;Haut;181305
Key Down;Droite;181496
Key Up;Haut;181568
Key Down;Haut;181712
Key Up;Haut;181808
Key Up;Droite;181960
Key Down;Haut;181976
Key Down;Gauche;182272
Key Up;Gauche;182712
Key Up;Haut;183080
Key Down;Droite;183192
Key Up;Droite;183680
Key Down;Haut;183736
Key Up;Haut;183952
Key Down;Bas;185736
Key Up;Bas;185904
Key Down;Haut;186312
Key Up;Haut;186720
Key Down;Droite;186840
Key Up;Droite;187000
Key Down;Gauche;187328
Key Up;Gauche;187416
Key Down;Haut;188272
Key Up;Haut;188319
Key Down;Haut;189224
Key Up;Haut;189504
Key Down;Gauche;189792
Key Up;Gauche;189984
Key Down;Droite;190080
Key Down;Haut;190256
Key Up;Droite;190272
Key Down;Gauche;190408
Key Up;Gauche;190800
Key Down;Droite;190992
Key Up;Droite;191736
Key Down;Gauche;191992
Key Up;Haut;192104
Key Up;Gauche;192136
Key Down;Bas;192504
Key Down;Gauche;192552
Key Up;Bas;192640
Key Down;Bas;192672
Key Up;Bas;192848
Key Up;Gauche;192920
Key Down;Haut;193032
Key Up;Haut;194248
Key Down;Haut;194760
Key Down;Droite;194952
Key Up;Haut;195136
Key Up;Droite;195409
Key Down;Gauche;195456
Key Down;Haut;195680
Key Up;Gauche;195712
Key Down;Gauche;196464
Key Up;Gauche;196712
Key Down;Droite;197392
Key Up;Droite;197584
Key Down;Gauche;198432
Key Up;Gauche;198472
Key Down;Droite;198616
Key Up;Droite;198776
Key Down;Gauche;198832
Key Up;Gauche;199593
Key Down;Droite;199720
Key Up;Droite;200168
Key Down;Droite;200672
Key Up;Haut;200760
Key Up;Droite;201048
Key Down;Gauche;201192
Key Down;Haut;201424
Key Up;Gauche;201568
Key Down;Gauche;202328
Key Up;Gauche;202512
Key Down;Droite;202760
Key Up;Droite;203520
Key Down;Gauche;203632
Key Up;Gauche;203904
Key Up;Haut;204040
Key Down;Droite;204272
Key Down;Haut;204376
Key Up;Droite;204408
Key Down;Gauche;204704
Key Up;Haut;204800
Key Up;Gauche;204824
Key Down;Droite;204984
Key Up;Droite;205256
Key Down;Haut;205392
Key Down;Droite;206056
Key Up;Droite;206856
Key Up;Haut;206912
Key Down;Gauche;206912
Key Down;Haut;207232
Key Up;Gauche;207448
Key Down;Gauche;207648
Key Up;Gauche;207848
Key Up;Haut;208136
Key Down;Droite;208216
Key Up;Droite;208393
Key Down;Gauche;208760
Key Up;Gauche;208920
Key Down;Bas;209791
Key Down;Gauche;210056
Key Up;Bas;210104
Key Up;Gauche;210736
Key Down;Droite;210992
Key Up;Droite;211112
Key Up;Haut;211176
Key Down;Haut;211280
Key Up;Haut;211720
Key Down;Gauche;211952
Key Down;Haut;212096
Key Up;Gauche;212216
Key Down;Gauche;212496
Key Up;Gauche;212880
Key Down;Droite;213528
Key Up;Droite;213872
Key Down;Gauche;214008
Key Up;Gauche;214224
Key Down;Droite;214264
Key Up;Haut;214328
Key Up;Droite;214816
Key Down;Haut;214848
Key Down;Droite;215496
Key Up;Droite;215888
Key Up;Haut;215992
Key Down;Droite;216176
Key Down;Haut;216224
Key Up;Droite;216248
Key Down;Gauche;216488
Key Up;Gauche;216568
Key Down;Gauche;216640
Key Up;Gauche;216752
Key Down;Droite;216888
Key Up;Droite;217480
Key Up;Haut;217696
Key Down;Haut;218304
Key Up;Haut;218640
Key Down;Haut;219352
Key Down;Droite;220072
Key Up;Droite;220272
Key Down;Gauche;220624
Key Up;Gauche;220664
Key Down;Gauche;221104
Key Up;Gauche;221200
Key Up;Haut;221440
Key Down;Droite;221784
Key Down;Haut;221968
Key Up;Droite;222008
Key Down;Gauche;222160
Key Up;Gauche;222480
Key Down;Gauche;222800
Key Up;Gauche;223080
Key Down;Droite;223304
Key Up;Droite;223712
Key Down;Gauche;223832
Key Up;Gauche;224024
Key Down;Gauche;224176
Key Up;Gauche;224248
Key Down;Gauche;224392
Key Up;Gauche;224768
Key Up;Haut;225216
Key Down;Haut;225448
Key Down;Droite;225656
Key Up;Droite;225800
Key Down;Gauche;225944
Key Up;Gauche;226048
Key Up;Haut;226256
Key Down;Droite;226448
Key Up;Droite;226776
Key Down;Bas;226928
Key Up;Bas;227080
Key Down;Gauche;227144
Key Up;Gauche;227280
Key Down;Haut;227456
Key Down;Droite;228464
Key Up;Droite;228856
Key Up;Haut;229168
Key Down;Haut;229408
Key Down;Droite;229736
Key Up;Haut;229768
Key Down;Haut;230128
Key Up;Droite;230152
Key Up;Haut;230824
Key Down;Haut;231032
Key Down;Droite;232024
Key Up;Droite;232256
Key Down;Droite;232752
Key Up;Droite;232880
Key Up;Haut;233080
Key Down;Droite;233160
Key Down;Haut;233345
Key Up;Droite;233400
Key Up;Haut;233920
Key Down;Bas;234056
Key Down;Droite;234776
Key Up;Bas;234936
Key Up;Droite;234992
Key Down;Haut;235048
Key Down;Droite;235584
Key Up;Haut;235648
Key Down;Bas;235928
Key Up;Droite;236024
Key Down;Droite;236560
Key Up;Droite;237048
Key Down;Gauche;237088
Key Up;Bas;237136
Key Down;Haut;237320
Key Up;Gauche;237680
Key Down;Droite;238032
Key Up;Droite;238304
Key Down;Gauche;238448
Key Up;Gauche;239064
Key Down;Droite;239152
Key Up;Haut;240144
Key Up;Droite;240624
Key Down;Bas;240808
Key Up;Bas;241200
Key Down;Gauche;241224
Key Down;Haut;241336
Key Up;Gauche;241735
Key Down;Droite;242368
Key Up;Droite;242616
Key Down;Gauche;242688
Key Up;Haut;242984
Key Up;Gauche;242984
Key Down;Droite;243000
Key Down;Haut;243232
Key Up;Haut;243576
Key Down;Haut;244008
Key Up;Droite;244216
Key Down;Gauche;244248
Key Up;Gauche;244593
Key Down;Droite;244648
Key Up;Droite;245128
Key Down;Gauche;245144
Key Up;Gauche;245408
Key Down;Droite;245448
Key Up;Droite;245552
Key Down;Gauche;245592
Key Up;Gauche;245808
Key Down;Droite;245928
Key Up;Droite;246312
Key Down;Gauche;246328
Key Up;Gauche;247264
Key Down;Droite;247280
Key Up;Droite;247409
Key Down;Gauche;247648
Key Up;Gauche;247696
Key Down;Droite;247720
Key Up;Droite;248280
Key Down;Gauche;248304
Key Up;Gauche;248784
Key Down;Gauche;249528
Key Up;Gauche;249800
Key Down;Gauche;250040
Key Up;Gauche;250376
Key Down;Droite;250544
Key Up;Droite;250696
Key Up;Haut;250816
Key Down;Haut;251136
Key Down;Gauche;251792
Key Up;Gauche;252048
Key Down;Droite;252304
Key Up;Droite;252688
Key Down;Gauche;252864
Key Up;Haut;253592
Key Up;Gauche;253592
Key Down;Gauche;255952
Key Up;Gauche;255984
Key Down;Haut;255985
Key Down;Droite;256648
Key Up;Haut;256744
Key Up;Droite;256920
Key Down;Bas;260264
Key Up;Bas;260448
Key Down;Haut;260832
Key Down;Droite;261416
Key Up;Droite;262008
Key Down;Droite;262504
Key Up;Droite;262792
Key Down;Gauche;262936
Key Up;Gauche;263984
Key Down;Espace;264552
Key Up;Espace;264728
Key Down;Espace;265520
Key Up;Espace;265776
Key Up;Haut;265952
Key Down;Echap;268768
Key Up;Echap;268856
