Event;Key;Time
Key Down;Echap;6278
Key Up;Echap;6382
Key Down;W;6974
Key Up;W;7262
Key Down;W;7502
Key Up;W;7734
Key Down;A;7926
Key Down;S;7998
Key Up;A;8198
Key Up;S;8278
Key Down;W;8470
Key Down;A;8662
Key Down;D;8750
Key Up;W;8814
Key Up;A;8838
Key Down;W;8910
Key Up;D;8950
Key Down;A;9014
Key Up;W;9158
Key Up;A;9190
Key Down;D;9214
Key Up;D;9406
Key Down;Espace;9670
Key Up;Espace;9774
Key Down;W;10030
Key Down;A;10102
Key Up;A;10278
Key Up;W;10286
Key Down;W;10446
Key Up;W;10566
Key Down;Z;11302
Key Up;Z;11611
Key Down;Z;11693
Key Up;Z;11789
Key Down;W;12012
Key Up;W;12129
Key Down;W;12248
Key Up;W;12343
Key Down;W;12478
Key Down;D;12531
Key Down;A;12643
Key Up;D;12712
Key Down;D;12803
Key Up;A;12872
Key Down;A;12999
Key Up;D;13015
Key Down;D;13122
Key Up;A;13149
Key Down;A;13223
Key Up;D;13277
Key Down;S;13331
Key Up;W;13458
Key Up;A;13517
Key Up;S;13575
Key Down;W;14382
Key Up;W;14502
Key Down;W;19502
Key Up;W;19830
Key Down;S;19958
Key Up;S;20390
Key Down;W;21502
Key Up;W;21766
Key Down;W;21886
Key Up;W;21982
Key Down;W;22070
Key Up;W;22158
Key Down;Espace;22357
Key Up;Espace;22430
Key Down;Espace;22534
Key Up;Espace;22614
Key Down;Espace;22718
Key Up;Espace;22798
Key Down;Espace;22894
Key Up;Espace;22982
Key Down;Espace;23086
Key Up;Espace;23158
Key Down;A;25718
Key Up;A;26806
Key Down;D;26958
Key Up;D;27110
Key Down;Espace;28478
Key Up;Espace;28542
Key Down;Espace;28830
Key Up;Espace;28862
Key Down;Espace;30574
Key Up;Espace;30670
Key Down;Espace;30790
Key Up;Espace;30878
Key Down;Espace;31014
Key Up;Espace;31086
Key Down;Espace;31198
Key Up;Espace;31270
Key Down;Espace;31390
Key Up;Espace;31462
Key Down;W;32430
Key Up;W;32726
Key Down;Espace;34990
Key Up;Espace;35062
Key Down;Espace;35182
Key Up;Espace;35254
Key Down;Espace;35366
Key Up;Espace;35422
Key Down;Espace;35550
Key Up;Espace;35606
Key Down;Espace;35725
Key Up;Espace;35773
Key Down;W;37590
Key Up;W;37934
Key Down;S;38134
Key Up;S;38406
Key Down;W;38654
Key Down;A;38918
Key Up;W;38982
Key Up;A;39406
Key Down;W;40037
Key Up;W;40342
Key Down;W;40942
Key Down;Left Shift;41054
Key Up;Left Shift;43686
Key Down;Left Shift;44366
Key Down;A;45230
Key Up;Left Shift;45982
Key Up;A;45990
Key Down;Left Shift;46350
Key Down;Espace;47590
Key Up;Espace;47726
Key Up;Left Shift;48222
Key Down;Left Shift;48654
Key Down;Espace;49966
Key Up;Espace;50086
Key Up;Left Shift;52470
Key Down;Left Shift;53310
Key Down;Espace;54438
Key Up;Espace;54550
Key Up;Left Shift;65758
Key Up;W;65782
Key Down;W;66270
Key Up;W;66469
Key Down;W;67214
Key Down;Left Shift;67901
Key Up;Left Shift;74142
Key Up;W;74222
Key Down;W;75630
Key Down;Left Shift;75814
Key Down;Espace;76686
Key Up;Espace;76854
Key Up;Left Shift;77014
Key Up;W;77118
Key Down;A;77806
Key Up;A;78182
Key Down;W;79494
Key Down;D;79758
Key Up;W;79774
Key Up;D;80038
Key Down;S;80054
Key Up;S;80229
Key Down;W;80726
Key Up;W;80758
Key Down;E;81278
Key Up;E;81342
Key Down;E;82398
Key Up;E;82598
Key Down;D;82894
Key Up;D;83053
Key Down;A;83574
Key Up;A;83686
Key Down;Q;83926
Key Up;Q;84030
Key Down;S;85925
Key Up;S;86061
Key Down;S;86550
Key Up;S;86742
Key Down;S;87245
Key Up;S;87397
Key Down;C;89278
Key Up;C;89350
Key Down;C;89942
Key Up;C;90053
Key Down;E;90830
Key Up;E;90958
Key Down;Echap;94014
Key Up;Echap;94110
Key Down;S;96766
Key Up;S;96878
Key Down;S;97438
Key Up;S;97798
Key Down;Espace;104141
Key Up;Espace;104293
Key Down;Espace;105525
Key Up;Espace;106238
Key Down;W;109910
Key Up;W;110405
Key Down;W;111406
Key Down;Left Shift;111909
Key Up;Left Shift;115438
Key Up;W;115614
Key Down;D;116029
Key Up;D;116678
Key Down;W;116702
Key Down;Left Shift;117757
Key Down;Espace;118614
Key Up;Espace;119205
Key Up;Left Shift;119357
Key Up;W;119446
Key Down;A;119718
Key Up;A;120213
Key Down;W;120709
Key Up;W;120790
Key Down;W;121030
Key Down;Left Shift;122109
Key Up;Left Shift;122222
Key Down;Left Shift;122302
Key Up;Left Shift;122694
Key Up;W;122846
Key Down;A;123101
Key Up;A;123333
Key Down;W;123541
Key Up;W;124942
Key Down;W;125566
Key Up;W;125757
Key Down;A;125941
Key Up;A;126198
Key Down;D;126398
Key Up;D;126518
Key Down;S;127325
Key Up;S;127758
Key Down;A;127822
Key Up;A;128917
Key Down;S;128949
Key Up;S;129206
Key Down;A;129238
Key Down;W;129941
Key Up;A;130077
Key Down;Left Shift;130277
Key Up;Left Shift;133014
Key Up;W;133654
Key Down;E;133773
Key Up;E;133877
Key Down;E;133997
Key Up;E;134045
Key Down;E;134173
Key Up;E;134254
Key Down;E;134358
Key Up;E;134422
Key Down;E;134526
Key Up;E;134590
Key Down;E;134710
Key Up;E;134766
Key Down;E;134886
Key Up;E;135005
Key Down;E;135109
Key Up;E;135197
Key Down;W;135533
Key Down;Left Shift;135830
Key Down;D;136645
Key Up;Left Shift;137557
Key Up;W;138494
Key Down;W;139061
Key Up;W;139582
Key Up;D;139734
Key Down;D;140094
Key Up;D;140357
Key Down;D;141549
Key Up;D;141637
Key Down;A;143333
Key Up;A;143565
Key Down;D;143613
Key Up;D;143902
Key Down;W;152821
Key Down;Espace;153262
Key Up;Espace;153390
Key Up;W;153933
Key Down;Espace;155006
Key Up;Espace;155333
Key Down;W;155974
Key Up;W;157502
Key Down;Espace;159757
Key Up;Espace;160182
Key Down;W;162798
Key Down;Left Shift;163101
Key Up;Left Shift;166590
Key Down;Left Shift;167285
Key Up;Left Shift;168733
Key Down;A;169157
Key Up;W;169214
Key Down;W;169286
Key Up;A;169310
Key Up;W;169526
Key Down;D;169534
Key Up;D;179005
Key Down;A;179021
Key Down;Espace;181893
Key Up;Espace;181982
Key Down;R;182669
Key Up;R;182757
Key Down;Espace;183422
Key Up;Espace;183558
Key Down;W;184061
Key Up;A;185405
Key Down;D;185613
Key Down;Espace;185869
Key Up;Espace;186054
Key Up;D;188389
Key Down;Left Shift;188557
Key Up;Left Shift;189262
Key Up;W;189389
Key Down;E;189549
Key Up;E;189637
Key Down;E;189749
Key Up;E;189845
Key Down;W;189925
Key Down;Left Shift;190117
Key Up;Left Shift;190486
Key Up;W;190526
Key Down;E;190574
Key Up;E;190742
Key Down;W;190782
Key Down;E;190909
Key Up;E;191021
Key Down;E;191141
Key Up;W;191213
Key Up;E;191261
Key Down;W;191493
Key Down;A;191790
Key Up;A;192110
Key Down;Left Shift;192197
Key Down;Espace;193294
Key Up;Espace;193390
Key Down;A;193454
Key Up;W;193629
Key Up;Left Shift;193725
Key Down;W;193997
Key Up;A;194053
Key Down;A;194397
Key Up;A;195101
Key Down;A;195349
Key Up;W;195421
Key Down;W;195613
Key Up;A;195797
Key Up;W;195805
Key Down;W;196078
Key Up;W;196286
Key Down;E;196302
Key Down;W;196477
Key Up;E;196493
Key Up;W;196597
Key Down;E;196613
Key Up;E;196709
Key Down;E;196797
Key Up;E;196877
Key Down;E;196973
Key Up;E;197037
Key Down;E;197149
Key Up;E;197197
Key Down;E;197302
Key Up;E;197381
Key Down;E;197525
Key Up;E;197613
Key Down;E;197717
Key Up;E;197789
Key Down;E;197893
Key Up;E;197957
Key Down;E;198053
Key Up;E;198142
Key Down;E;198238
Key Up;E;198310
Key Down;E;198422
Key Up;E;198446
Key Down;W;198573
Key Up;W;198749
Key Down;D;198797
Key Down;W;199045
Key Up;D;199261
Key Up;W;199630
Key Down;W;200117
Key Up;W;200221
Key Down;D;200237
Key Up;D;201190
Key Down;D;201669
Key Up;D;203029
Key Down;A;203613
Key Up;A;205302
Key Down;D;205486
Key Up;D;207909
Key Down;A;208005
Key Up;A;210413
Key Down;W;210453
Key Up;W;210701
Key Down;Echap;211221
Key Up;Echap;211285
Key Down;Entrée;223821
Key Up;Entrée;223877
Key Down;Entrée;237509
Key Up;Entrée;237565
Key Down;Echap;238706
Key Up;Echap;238829
Key Down;Echap;250510
Key Up;Echap;250597
Key Up;Echap;250853
Key Down;Echap;251173
Key Up;Echap;251261
Key Down;W;251686
Key Down;Left Shift;252253
Key Up;Left Shift;253717
Key Up;W;253981
Key Down;E;254773
Key Up;E;254861
Key Down;E;255013
Key Up;E;255101
Key Down;A;255253
Key Up;A;255405
Key Down;E;255469
Key Up;E;255565
Key Down;E;255686
Key Up;E;255782
Key Down;E;255878
Key Up;E;255941
Key Down;E;256037
Key Up;E;256101
Key Down;E;256205
Key Up;E;256269
Key Down;E;256365
Key Up;E;256429
Key Down;E;256533
Key Up;E;256598
Key Down;E;256709
Key Up;E;256765
Key Down;E;256869
Key Up;E;256933
Key Down;E;257029
Key Up;E;257085
Key Down;E;257181
Key Up;E;257253
Key Down;E;257357
Key Up;E;257405
Key Down;W;257461
Key Down;Left Shift;257701
Key Up;Left Shift;258605
Key Down;Left Shift;258997
Key Up;Left Shift;260581
Key Up;W;261061
Key Down;A;261189
Key Up;A;261725
Key Down;D;261877
Key Down;W;262254
Key Up;D;262333
Key Down;Left Shift;262861
Key Up;Left Shift;265078
Key Up;W;265197
Key Down;D;265965
Key Up;D;270093
Key Down;A;270237
Key Down;W;270534
Key Up;A;270949
Key Down;Left Shift;271085
Key Up;Left Shift;271341
Key Up;W;271421
Key Down;A;271757
Key Down;D;271974
Key Up;A;271990
Key Up;D;274661
Key Down;A;274774
Key Down;D;277925
Key Up;A;277941
Key Down;W;278181
Key Up;D;278229
Key Down;Left Shift;278429
Key Up;Left Shift;279693
Key Down;Left Shift;279709
Key Up;Left Shift;280045
Key Down;E;280325
Key Up;W;280341
Key Up;E;280438
Key Down;E;280533
Key Up;E;280621
Key Down;E;280709
Key Up;E;280773
Key Down;E;280861
Key Up;E;280918
Key Down;E;281021
Key Up;E;281085
Key Down;W;281165
Key Down;Left Shift;281325
Key Up;W;281373
Key Down;W;281421
Key Up;Left Shift;282477
Key Down;E;282613
Key Up;W;282637
Key Up;E;282725
Key Down;E;282845
Key Up;E;282957
Key Down;W;283005
Key Down;E;283245
Key Up;E;283357
Key Up;W;283413
Key Down;E;283541
Key Up;E;283661
Key Down;W;283741
Key Down;Left Shift;283965
Key Down;Espace;284693
Key Up;Espace;284814
Key Up;Left Shift;285165
Key Up;W;285254
Key Down;E;285405
Key Up;E;285525
Key Down;E;285629
Key Up;E;285685
Key Down;S;285757
Key Down;E;285965
Key Up;E;286093
Key Up;S;286213
Key Down;E;286317
Key Up;E;286421
Key Down;E;286509
Key Up;E;286605
Key Down;E;286741
Key Up;E;286821
Key Down;W;286997
Key Up;W;287165
Key Down;W;288693
Key Up;W;288853
Key Down;S;290469
Key Up;S;290653
Key Down;E;292453
Key Up;E;292533
Key Down;E;292661
Key Up;E;292749
Key Down;E;292837
Key Up;E;292909
Key Down;E;292981
Key Up;E;293069
Key Down;E;293165
Key Up;E;293261
Key Down;W;293277
Key Down;E;293397
Key Up;E;293517
Key Down;E;293614
Key Up;W;293661
Key Up;E;293693
Key Down;E;293805
Key Up;E;293901
Key Down;E;293981
Key Up;E;294061
Key Down;E;294141
Key Up;E;294229
Key Down;E;294309
Key Up;E;294397
Key Down;W;294477
Key Up;W;294717
Key Down;W;297125
Key Up;W;297509
Key Down;E;297709
Key Up;E;297837
Key Down;E;297917
Key Up;E;297997
Key Down;E;298093
Key Up;E;298173
Key Down;E;298269
Key Up;E;298325
Key Down;E;298421
Key Up;E;298493
Key Down;E;298573
Key Up;E;298653
Key Down;E;298733
Key Up;E;298814
Key Down;W;299485
Key Up;W;300221
Key Down;W;300261
Key Up;W;300525
Key Down;W;307885
Key Up;W;308749
Key Down;W;309005
Key Down;Left Shift;309662
Key Up;Left Shift;310637
Key Up;W;311085
Key Down;W;311357
Key Down;Left Shift;311493
Key Up;Left Shift;313733
Key Up;W;313861
Key Down;S;314493
Key Up;S;314653
Key Down;W;314741
Key Up;W;315261
Key Down;A;315853
Key Up;A;316037
Key Down;S;316133
Key Down;A;316509
Key Up;S;316549
Key Up;A;317085
Key Down;S;317381
Key Up;S;317581
Key Down;A;318181
Key Down;C;318933
Key Up;C;319037
Key Up;A;320781
Key Down;W;324877
Key Up;W;325205
Key Down;W;325525
Key Down;C;325917
Key Up;C;326029
Key Down;Left Shift;326132
Key Down;Espace;326909
Key Up;Espace;327101
Key Down;C;328789
Key Up;C;328949
Key Down;C;330413
Key Up;C;330517
Key Up;Left Shift;330533
Key Down;Left Shift;331717
Key Up;Left Shift;332061
Key Down;Left Shift;332413
Key Up;Left Shift;332501
Key Up;W;332725
Key Down;W;333068
Key Down;D;333429
Key Up;W;333709
Key Down;W;334253
Key Up;D;334261
Key Down;Left Shift;334413
Key Down;Espace;335173
Key Up;Espace;335309
Key Down;C;336309
Key Up;C;336453
Key Up;Left Shift;336693
Key Down;C;336845
Key Up;C;336965
Key Down;Left Shift;337341
Key Down;Espace;337597
Key Up;Espace;337709
Key Up;Left Shift;340061
Key Down;Left Shift;340157
Key Up;Left Shift;340213
Key Up;W;340373
Key Down;A;341524
Key Down;D;343644
Key Up;A;343669
Key Down;W;344141
Key Up;W;344645
Key Down;W;344893
Key Up;D;345068
Key Down;D;345293
Key Up;D;345509
Key Down;Left Shift;345637
Key Up;Left Shift;345668
Key Down;D;345772
Key Up;D;348716
Key Down;A;348909
Key Up;W;348997
Key Down;W;352485
Key Down;Espace;352725
Key Up;Espace;352877
Key Up;W;353381
Key Up;A;354580
Key Down;D;354685
Key Down;W;359605
Key Up;D;361189
Key Up;W;361733
Key Down;S;361893
Key Up;S;362301
Key Down;W;362428
Key Up;W;362629
Key Down;W;363349
Key Up;W;363644
Key Down;E;363757
Key Up;E;363861
Key Down;E;363957
Key Up;E;364021
Key Down;E;364116
Key Up;E;364188
Key Down;E;364261
Key Up;E;364357
Key Down;E;364461
Key Up;E;364580
Key Down;W;364596
Key Down;Left Shift;364861
Key Up;Left Shift;366596
Key Up;W;366645
Key Down;E;366829
Key Up;E;366965
Key Down;W;367013
Key Down;E;367188
Key Up;W;367228
Key Up;E;367292
Key Down;E;367397
Key Up;E;367501
Key Down;W;367604
Key Down;A;367773
Key Up;W;368125
Key Down;E;368469
Key Up;A;368493
Key Up;E;368565
Key Down;E;368684
Key Down;W;368797
Key Up;E;368813
Key Down;E;368933
Key Up;E;369044
Key Down;A;369229
Key Up;W;369444
Key Up;A;369484
Key Down;E;369589
Key Up;E;369677
Key Down;E;369789
Key Up;E;369861
Key Down;E;369941
Key Up;E;370020
Key Down;E;370117
Key Up;E;370197
Key Down;E;370285
Key Up;E;370373
Key Down;E;370501
Key Up;E;370581
Key Down;W;370717
Key Down;A;370837
Key Up;A;371341
Key Down;Left Shift;371836
Key Up;Left Shift;372557
Key Up;W;372573
Key Down;E;372716
Key Up;E;372813
Key Down;E;372893
Key Up;E;372989
Key Down;E;373108
Key Up;E;373245
Key Down;W;373357
Key Up;W;373724
Key Down;E;373965
Key Up;E;374077
Key Down;E;374149
Key Up;E;374261
Key Down;W;374397
Key Down;Left Shift;374740
Key Up;Left Shift;375605
Key Up;W;375805
Key Down;D;375957
Key Down;W;376524
Key Up;D;376564
Key Down;Left Shift;376733
Key Up;Left Shift;377469
Key Down;Left Shift;378077
Key Down;Espace;381221
Key Up;Espace;381365
Key Up;Left Shift;381589
Key Up;W;381645
Key Down;E;381893
Key Up;E;381981
Key Down;S;382236
Key Down;E;382492
Key Up;E;382629
Key Up;S;382653
Key Down;E;382741
Key Up;E;382837
Key Down;E;382932
Key Up;E;383037
Key Down;W;383261
Key Up;W;383388
Key Down;E;383493
Key Up;E;383589
Key Down;E;383676
Key Up;E;383757
Key Down;E;383853
Key Up;E;383924
Key Down;E;384013
Key Up;E;384077
Key Down;E;384165
Key Up;E;384229
Key Down;E;384301
Key Up;E;384364
Key Down;E;384453
Key Up;E;384517
Key Down;E;384605
Key Up;E;384669
Key Down;W;384797
Key Down;Left Shift;385028
Key Up;W;386389
Key Up;Left Shift;386405
Key Down;A;387444
Key Up;A;387861
Key Down;W;388037
Key Down;D;388205
Key Up;W;388756
Key Down;W;389421
Key Up;D;389469
Key Up;W;389708
Key Down;D;389869
Key Down;W;389949
Key Up;D;389965
Key Up;W;390292
Key Down;D;390380
Key Up;D;391237
Key Down;A;391301
Key Down;Espace;391781
Key Up;Espace;391885
Key Up;A;392621
Key Down;W;392645
Key Down;D;392765
Key Up;W;393261
Key Up;D;393340
Key Down;C;393517
Key Up;C;393685
Key Down;D;394061
Key Up;D;394205
Key Down;D;394357
Key Up;D;395325
Key Down;D;395669
Key Up;D;397245
Key Down;W;400684
Key Down;C;401829
Key Up;C;401948
Key Down;Left Shift;402052
Key Up;Left Shift;403189
Key Up;W;403245
Key Down;S;403997
Key Down;A;404957
Key Up;S;405037
Key Up;A;406340
Key Down;D;406372
Key Up;D;406452
Key Down;A;406525
Key Up;A;406894
Key Down;D;406925
Key Up;D;407436
Key Down;A;407676
Key Up;A;408125
Key Down;D;408229
Key Up;D;408461
Key Down;D;408748
Key Up;D;408868
Key Down;D;409189
Key Up;D;409261
Key Down;D;412005
Key Up;D;412692
Key Down;D;413309
Key Up;D;414637
Key Down;A;414685
Key Down;W;414925
Key Up;A;415173
Key Up;W;416284
Key Down;W;416525
Key Up;W;416717
Key Down;E;416797
Key Up;E;416925
Key Down;E;417005
Key Up;E;417116
Key Down;W;417204
Key Down;E;417429
Key Up;E;417573
Key Down;E;417708
Key Up;E;417876
Key Down;E;417989
Key Up;E;418157
Key Down;E;418285
Key Up;W;418452
Key Up;E;418460
Key Down;E;418564
Key Up;E;418693
Key Down;E;418789
Key Down;W;418869
Key Up;E;418924
Key Down;E;419037
Key Up;E;419189
Key Down;E;419277
Key Up;W;419388
Key Up;E;419428
Key Down;Espace;421828
Key Up;Espace;421885
Key Down;W;423549
Key Up;W;423877
Key Down;E;423941
Key Up;E;424068
Key Down;E;424165
Key Up;E;424277
Key Down;W;424397
Key Down;E;425349
Key Up;E;425477
Key Down;E;425580
Key Up;W;425660
Key Up;E;425700
Key Down;E;425789
Key Up;E;425909
Key Down;E;426036
Key Up;E;426149
Key Down;W;426645
Key Down;D;426836
Key Up;W;426917
Key Up;D;427005
Key Down;E;427413
Key Up;E;427588
Key Down;S;429381
Key Up;S;429556
Key Down;E;430604
Key Up;E;430685
Key Down;C;431317
Key Down;D;431317
Key Up;C;431380
Key Up;D;431381
Key Down;D;431877
Key Up;D;431989
Key Down;R;432372
Key Up;R;432469
Key Down;D;432965
Key Up;D;433109
Key Down;E;433500
Key Up;E;433597
Key Down;W;433837
Key Down;D;434357
Key Up;D;434493
Key Down;Left Shift;434909
Key Down;Espace;435693
Key Up;Espace;435804
Key Up;Left Shift;436692
Key Up;W;437077
Key Down;W;437844
Key Down;A;438021
Key Up;W;438045
Key Down;W;438292
Key Up;A;438484
Key Down;A;438524
Key Up;A;438605
Key Up;W;439028
Key Down;E;439076
Key Up;E;439188
Key Down;Echap;439941
Key Up;Echap;440021
Key Down;W;440629
Key Up;W;440901
Key Down;D;441228
Key Up;D;443580
Key Down;W;444085
Key Up;W;444757
Key Down;W;445461
Key Up;W;446109
Key Down;W;446717
Key Up;W;448077
Key Down;W;449173
Key Down;Left Shift;449901
Key Up;Left Shift;450884
Key Down;E;451740
Key Up;E;451868
Key Down;E;451940
Key Up;E;452053
Key Down;E;452125
Key Up;E;452244
Key Up;W;452348
Key Down;E;452477
Key Up;E;452612
Key Down;E;452748
Key Up;E;452829
Key Down;W;453061
Key Up;W;455252
Key Down;E;455405
Key Up;E;455516
Key Down;E;455661
Key Up;E;455749
Key Down;W;455821
Key Down;Left Shift;456197
Key Up;Left Shift;457444
Key Down;D;457829
Key Up;D;457925
Key Down;D;457949
Key Up;D;458612
Key Up;W;459412
Key Down;W;460213
Key Up;W;460933
Key Down;W;461428
Key Up;W;461637
Key Down;Entrée;462172
Key Up;Entrée;462244
Key Down;W;462980
Key Up;W;463397
Key Down;A;463756
Key Down;W;464133
Key Down;Left Shift;464205
Key Up;A;464252
Key Up;Left Shift;466308
Key Up;W;466364
Key Down;W;466652
Key Up;W;466732
Key Down;E;466933
Key Up;E;467029
Key Down;E;467188
Key Up;E;467300
Key Down;W;467445
Key Up;W;467597
Key Down;E;467740
Key Up;E;467844
Key Down;A;467932
Key Up;A;468101
Key Down;E;468796
Key Up;E;468901
Key Down;E;469013
Key Up;E;469092
Key Down;E;469205
Key Up;E;469261
Key Down;E;469365
Key Up;E;469420
Key Down;E;469516
Key Up;E;469589
Key Down;S;470476
Key Up;S;470580
Key Down;D;471588
Key Up;D;471869
Key Down;E;473805
Key Up;E;473933
Key Down;E;474012
Key Up;E;474108
Key Down;E;474196
Key Up;E;474293
Key Down;E;474445
Key Up;E;474492
Key Down;E;474604
Key Up;E;474660
Key Down;E;474749
Key Up;E;474813
Key Down;E;474900
Key Up;E;474956
Key Down;E;475036
Key Up;E;475100
Key Down;E;475173
Key Up;E;475245
Key Down;E;475308
Key Up;E;475380
Key Down;E;475444
Key Up;E;475516
Key Down;E;475588
Key Up;E;475637
Key Down;E;475709
Key Up;E;475772
Key Down;E;475844
Key Up;E;475924
Key Down;E;475996
Key Up;E;476053
Key Down;E;476133
Key Up;E;476189
Key Down;E;476260
Key Up;E;476316
Key Down;E;476388
Key Up;E;476453
Key Down;E;476517
Key Up;E;476581
Key Down;E;476636
Key Up;E;476708
Key Down;E;476773
Key Up;E;476837
Key Down;E;476900
Key Up;E;476972
Key Down;E;477029
Key Up;E;477117
Key Down;E;477180
Key Up;E;477244
Key Down;E;477317
Key Up;E;477381
Key Down;E;477452
Key Up;E;477524
Key Down;Entrée;479468
Key Up;Entrée;479540
Key Down;E;480205
Key Up;E;480301
Key Down;A;480964
Key Up;A;481293
Key Down;S;481380
Key Up;S;481693
Key Down;Espace;482317
Key Up;Espace;482389
Key Down;Echap;483253
Key Up;Echap;483349
Key Down;Echap;484108
Key Up;Echap;484188
Key Down;W;496644
Key Up;W;498460
Key Down;E;499108
Key Up;E;499205
Key Down;Entrée;500245
Key Up;Entrée;500341
Key Down;Entrée;500964
Key Up;Entrée;501036
Key Down;Entrée;501581
Key Up;Entrée;501652
Key Down;Entrée;502060
Key Up;Entrée;502116
Key Down;Echap;502508
Key Up;Echap;502621
Key Down;W;502996
Key Down;A;503196
Key Up;A;503525
Key Up;W;503652
Key Down;E;504028
Key Up;E;504124
Key Down;S;504540
Key Up;S;504716
Key Down;W;504812
Key Down;Left Shift;505028
Key Down;Espace;513220
Key Up;Espace;513308
Key Up;Left Shift;513836
Key Up;W;513900
Key Down;A;514284
Key Up;A;514524
Key Down;W;514789
Key Down;Left Shift;514996
Key Up;Left Shift;515100
Key Up;W;515244
Key Down;W;516108
Key Down;Left Shift;516308
Key Down;Espace;518309
Key Up;Espace;518372
Key Up;Left Shift;519484
Key Up;W;519773
Key Down;Espace;520261
Key Up;Espace;520404
Key Down;Espace;521588
Key Up;Espace;521764
Key Down;W;523420
Key Up;W;523669
Key Down;W;527364
Key Down;Left Shift;527469
Key Down;Espace;528805
Key Up;Espace;528933
Key Up;Left Shift;531549
Key Up;W;531772
Key Down;W;533173
Key Up;W;536564
Key Down;D;537100
Key Down;S;537653
Key Up;D;537677
Key Down;D;538268
Key Up;S;538309
Key Down;A;538869
Key Up;D;538885
Key Down;D;539348
Key Up;A;539413
Key Up;D;540508
Key Down;A;540900
Key Up;A;541253
Key Down;W;541468
Key Up;W;541741
Key Down;W;542068
Key Up;W;542517
Key Down;W;545044
Key Up;W;545204
Key Down;A;545332
Key Up;A;547436
Key Down;D;549125
Key Up;D;550132
Key Down;A;550252
Key Up;A;550557
Key Down;D;551125
Key Down;A;552060
Key Up;D;552068
Key Down;W;552660
Key Up;A;552796
Key Down;Left Shift;553004
Key Up;Left Shift;553268
Key Down;A;553732
Key Up;W;554101
Key Down;D;554964
Key Up;A;555013
Key Up;D;557085
Key Down;A;557212
Key Up;A;563044
Key Down;W;563156
Key Down;Left Shift;563396
Key Up;Left Shift;564548
Key Down;E;564692
Key Up;W;564804
Key Up;E;564812
Key Down;E;564916
Key Up;E;565013
Key Down;E;565076
Key Up;E;565156
Key Down;W;565244
Key Down;Left Shift;565444
Key Down;Espace;565892
Key Up;Espace;566020
Key Up;Left Shift;566348
Key Down;E;566484
Key Up;E;566581
Key Down;E;566676
Key Up;W;566716
Key Up;E;566772
Key Down;E;566836
Key Up;E;566916
Key Down;E;566996
Key Up;E;567084
Key Down;W;567108
Key Down;E;567293
Key Up;W;567325
Key Up;E;567396
Key Down;E;567500
Key Up;E;567604
Key Down;E;567716
Key Up;E;567828
Key Down;W;567852
Key Down;E;568028
Key Up;E;568156
Key Down;E;568292
Key Up;E;568436
Key Up;W;568460
Key Down;W;568668
Key Down;E;568972
Key Up;E;569108
Key Down;E;569204
Key Up;W;569260
Key Up;E;569388
Key Down;E;569420
Key Down;W;569508
Key Up;E;569540
Key Down;Left Shift;569988
Key Up;Left Shift;573244
Key Up;W;573524
Key Down;E;573820
Key Up;E;573964
Key Down;W;574116
Key Down;Left Shift;574357
Key Down;Espace;574612
Key Up;Espace;574716
Key Up;Left Shift;575788
Key Down;Left Shift;576300
Key Down;Espace;576588
Key Up;Espace;576732
Key Up;Left Shift;576972
Key Down;Left Shift;578108
Key Up;Left Shift;579084
Key Down;Left Shift;579821
Key Up;Left Shift;580196
Key Up;W;580404
Key Down;Entrée;581188
Key Up;Entrée;581252
Key Down;W;581956
Key Down;Left Shift;582188
Key Up;Left Shift;582756
Key Up;W;582780
Key Down;W;583100
Key Down;Left Shift;583604
Key Up;Left Shift;586316
Key Up;W;586348
Key Down;W;586852
Key Up;W;586964
Key Down;E;587036
Key Up;E;587140
Key Down;W;590116
Key Down;Left Shift;590308
Key Down;Espace;594164
Key Up;Espace;594276
Key Up;Left Shift;596052
Key Down;E;596188
Key Up;E;596332
Key Up;W;596732
Key Down;E;596924
Key Up;E;597020
Key Down;W;597388
Key Down;Left Shift;597612
Key Up;Left Shift;599276
Key Up;W;599292
Key Down;E;599532
Key Up;E;599660
Key Down;W;600316
Key Up;W;600572
Key Down;E;600724
Key Up;E;600828
Key Down;E;600940
Key Up;E;601037
Key Down;W;601100
Key Down;Left Shift;601292
Key Down;Espace;601828
Key Up;Espace;601924
Key Up;Left Shift;603020
Key Down;Left Shift;603204
Key Down;A;604556
Key Up;A;604756
Key Up;Left Shift;608900
Key Down;E;609348
Key Up;W;609396
Key Up;E;609460
Key Down;Entrée;610068
Key Up;Entrée;610132
Key Down;Entrée;610660
Key Up;Entrée;610724
Key Down;W;611267
Key Down;Left Shift;611492
Key Down;Espace;612612
Key Up;Espace;612700
Key Up;Left Shift;612900
Key Up;W;612940
Key Down;Espace;613924
Key Up;Espace;613972
Key Down;Espace;614092
Key Up;Espace;614124
Key Down;Espace;614235
Key Up;Espace;614260
Key Down;W;614988
Key Up;W;615580
Key Down;D;618476
Key Up;D;618700
Key Down;W;625508
Key Down;Left Shift;626516
Key Up;Left Shift;627628
Key Up;W;628196
Key Down;W;628564
Key Down;D;629435
Key Up;D;630572
Key Down;A;630620
Key Up;W;630692
Key Up;A;633444
Key Down;D;633476
Key Up;D;634588
Key Down;A;634812
Key Up;A;634996
Key Down;S;636180
Key Up;S;638052
Key Down;S;638564
Key Up;S;640044
Key Down;S;640716
Key Down;Espace;641083
Key Up;Espace;641228
Key Down;A;641556
Key Up;S;641604
Key Down;S;641804
Key Up;S;641932
Key Down;Espace;642051
Key Up;Espace;642172
Key Down;Espace;642500
Key Up;Espace;642604
Key Down;Espace;642716
Key Up;Espace;642828
Key Down;W;642932
Key Down;Espace;643092
Key Up;Espace;643212
Key Down;Espace;643348
Key Up;Espace;643452
Key Down;Espace;643556
Key Up;Espace;643692
Key Up;W;643996
Key Down;Espace;645332
Key Up;Espace;645468
Key Up;A;647596
Key Down;S;647788
Key Down;Espace;647892
Key Up;Espace;648044
Key Down;D;649108
Key Up;D;649187
Key Up;S;649332
Key Down;S;649636
Key Down;Espace;650060
Key Up;Espace;650260
Key Down;D;651108
Key Up;D;651652
Key Down;R;654243
Key Up;R;654299
Key Down;Espace;655444
Key Up;Espace;655556
Key Up;S;656084
Key Down;W;656332
Key Up;W;656380
Key Down;D;656420
Key Down;W;656491
Key Up;D;656708
Key Down;D;656772
Key Up;D;657012
Key Up;W;657700
Key Down;W;658491
Key Up;W;659588
Key Down;S;660004
Key Down;Espace;660492
Key Up;Espace;660644
Key Up;S;662252
Key Down;S;662716
Key Up;S;662916
Key Down;W;663379
Key Up;W;663940
Key Down;S;664060
Key Down;Espace;664323
Key Up;Espace;664444
Key Up;S;665196
Key Down;S;665788
Key Up;S;665868
Key Down;S;666307
Key Down;Espace;666468
Key Up;Espace;666604
Key Up;S;667796
Key Down;W;667948
Key Down;Espace;669028
Key Up;Espace;669132
Key Down;V;670452
Key Up;V;670571
Key Down;V;671004
Key Up;V;671099
Key Down;V;671203
Key Up;V;671284
Key Down;V;671404
Key Up;V;671484
Key Down;V;672268
Key Up;V;672380
Key Down;V;672627
Key Up;V;672748
Key Down;V;672892
Key Up;V;672988
Key Down;V;673204
Key Up;V;673300
Key Down;V;673427
Key Up;V;673532
Key Down;V;673867
Key Up;V;674011
Key Down;Left Shift;674691
Key Up;Left Shift;675292
Key Down;Left Shift;675612
Key Up;Left Shift;675820
Key Down;Espace;677116
Key Up;Espace;677252
Key Up;W;678371
Key Down;S;679572
Key Up;S;680772
Key Down;W;682220
Key Down;Left Shift;682676
Key Up;Left Shift;685132
Key Up;W;685188
Key Down;E;685228
Key Up;E;685323
Key Down;E;685412
Key Up;E;685492
Key Down;E;685572
Key Up;E;685644
Key Down;E;685732
Key Up;E;685788
Key Down;E;685883
Key Up;E;685939
Key Down;E;686027
Key Up;E;686084
Key Down;E;686156
Key Up;E;686228
Key Down;E;686299
Key Up;E;686387
Key Down;E;686460
Key Up;E;686548
Key Down;E;686620
Key Up;E;686716
Key Down;E;686788
Key Up;E;686883
Key Down;E;686963
Key Up;E;687076
Key Down;E;687220
Key Up;E;687324
Key Down;E;687419
Key Up;E;687507
Key Down;W;687587
Key Down;Left Shift;688011
Key Down;Espace;688732
Key Up;Espace;688820
Key Up;Left Shift;689307
Key Down;Left Shift;689804
Key Down;R;692763
Key Up;R;692820
Key Up;Left Shift;701580
Key Up;W;701652
Key Down;A;701812
Key Up;A;701956
Key Down;E;702155
Key Up;E;702251
Key Down;W;702500
Key Down;A;702652
Key Down;E;702772
Key Up;E;702884
Key Up;A;702947
Key Down;E;703003
Key Up;W;703019
Key Up;E;703132
Key Down;A;703212
Key Down;W;703388
Key Up;A;703515
Key Down;Left Shift;703700
Key Down;Espace;704012
Key Up;Espace;704131
Key Up;Left Shift;708563
Key Up;W;708675
Key Down;E;708691
Key Up;E;708820
Key Down;Entrée;709155
Key Up;Entrée;709220
Key Down;Entrée;709332
Key Up;Entrée;709372
Key Down;Entrée;709460
Key Up;Entrée;709507
Key Down;Entrée;709724
Key Up;Entrée;709748
Key Down;Entrée;710172
Key Up;Entrée;710212
Key Down;Entrée;710972
Key Up;Entrée;711076
Key Down;Echap;712284
Key Up;Echap;712332
Key Down;E;713564
Key Up;E;713612
Key Down;Entrée;714668
Key Up;Entrée;714755
Key Down;Echap;715020
Key Up;Echap;715084
Key Down;Echap;715180
Key Up;Echap;715236
Key Down;W;715515
Key Up;W;715603
Key Down;F1;715836
Key Up;F1;715868
Key Down;Echap;716220
Key Up;Echap;716300
Key Down;W;716580
Key Down;Left Shift;716996
Key Up;Left Shift;719179
Key Down;Left Shift;719283
Key Down;D;724347
Key Up;D;725083
Key Up;Left Shift;725300
Key Down;Left Shift;725532
Key Down;Espace;728259
Key Up;Espace;728355
Key Up;Left Shift;728891
Key Down;Left Shift;729260
Key Up;Left Shift;730436
Key Down;Entrée;731956
Key Up;Entrée;732067
Key Down;Entrée;732316
Key Up;Entrée;732332
Key Down;Left Shift;732980
Key Up;Left Shift;733364
Key Down;Left Shift;733539
Key Up;Left Shift;733788
Key Up;W;733900
Key Down;S;734075
Key Up;S;734340
Key Down;W;734484
Key Down;Left Shift;734691
Key Up;Left Shift;738571
Key Down;Tab;738716
Key Up;Tab;738852
Key Up;W;739891
Key Down;Echap;750555
Key Up;Echap;750635
Key Down;Echap;750715
Key Up;Echap;750788
Key Down;Echap;751147
Key Up;Echap;751228
Key Down;W;751508
Key Down;Left Shift;752132
Key Up;Left Shift;758124
Key Up;W;758156
Key Down;W;758331
Key Up;W;758499
Key Down;D;758515
Key Up;D;759339
Key Down;S;760203
Key Up;S;762388
Key Down;A;762619
Key Up;A;762988
Key Down;W;763636
Key Up;W;763947
Key Down;S;764163
Key Up;S;764867
Key Down;A;765572
Key Up;A;765899
Key Down;S;768203
Key Down;Espace;768683
Key Up;Espace;768819
Key Up;S;769100
Key Down;W;769355
Key Up;W;770411
Key Down;D;770427
Key Down;S;770723
Key Up;D;771315
Key Up;S;771467
Key Down;A;771491
Key Down;W;771779
Key Up;A;771835
Key Up;W;773052
Key Down;A;773219
Key Down;Espace;773571
Key Up;A;773676
Key Up;Espace;773716
Key Down;D;773732
Key Down;S;773916
Key Up;D;774012
Key Down;A;774436
Key Up;A;774500
Key Up;S;774955
Key Down;S;775595
Key Down;Espace;775916
Key Up;Espace;776059
Key Up;S;776587
Key Down;W;777171
Key Down;Espace;777556
Key Up;Espace;777676
Key Up;W;778635
Key Down;W;778675
Key Up;W;778844
Key Down;E;779012
Key Up;E;779099
Key Down;R;779739
Key Up;R;779795
Key Down;W;780204
Key Up;W;781115
Key Down;S;781307
Key Up;S;782052
Key Down;A;782395
Key Up;A;784620
Key Down;D;784683
Key Down;W;786339
Key Up;D;786355
Key Down;E;787260
Key Up;W;787332
Key Up;E;787396
Key Down;E;787523
Key Up;E;787643
Key Down;W;787860
Key Down;E;788204
Key Up;W;788236
Key Up;E;788340
Key Down;E;788427
Key Up;E;788539
Key Down;W;788740
Key Up;W;788907
Key Down;A;788923
Key Up;A;789372
Key Down;W;789492
Key Down;R;790211
Key Up;R;790291
Key Down;T;790604
Key Up;T;790756
Key Up;W;791012
Key Down;W;791051
Key Up;W;791443
Key Down;Echap;791780
Key Up;Echap;791876
Key Down;Echap;792307
Key Up;Echap;792355
Key Down;2;792875
Key Up;2;792995
Key Down;W;793204
Key Down;Left Shift;793499
Key Down;Espace;801235
Key Up;Espace;801315
Key Down;A;801644
Key Up;A;802475
Key Up;Left Shift;803003
Key Down;Left Shift;803235
Key Up;Left Shift;803964
Key Down;A;811243
Key Up;A;812500
Key Down;Left Shift;812795
Key Up;Left Shift;812931
Key Up;W;816275
Key Down;E;816363
Key Up;E;816452
Key Down;E;817004
Key Up;E;817083
Key Down;E;817995
Key Up;E;818067
Key Down;Echap;833427
Key Up;Echap;833516
Key Down;W;834219
Key Up;W;835115
Key Down;W;837227
Key Up;W;837340
Key Down;E;837452
Key Up;E;837531
Key Down;Entrée;838092
Key Up;Entrée;838132
Key Down;Entrée;838667
Key Up;Entrée;838699
Key Down;Entrée;839523
Key Up;Entrée;839635
Key Down;Entrée;840196
Key Up;Entrée;840259
Key Down;Entrée;840459
Key Up;Entrée;840499
Key Down;Entrée;840627
Key Up;Entrée;840659
Key Down;Entrée;840979
Key Up;Entrée;841003
Key Down;Entrée;841780
Key Up;Entrée;841868
Key Down;Echap;842371
Key Up;Echap;842443
Key Down;W;843028
Key Down;Left Shift;843355
Key Up;Left Shift;846508
Key Down;A;849979
Key Up;A;850116
Key Down;A;856147
Key Up;A;857067
Key Down;Left Shift;857315
Key Up;Left Shift;857507
Key Down;D;859115
Key Up;D;860660
Key Down;Left Shift;860931
Key Up;Left Shift;861059
Key Down;D;861083
Key Up;D;862139
Key Down;Left Shift;862251
Key Up;Left Shift;862403
Key Down;A;864899
Key Up;A;865707
Key Up;W;866539
Key Down;S;866947
Key Up;S;867412
Key Down;D;867515
Key Up;D;867963
Key Down;D;868260
Key Down;W;868387
Key Up;D;868435
Key Down;Left Shift;868803
Key Up;Left Shift;868947
Key Down;D;869307
Key Up;D;870027
Key Down;A;870531
Key Up;A;871347
Key Down;Left Shift;871748
Key Up;Left Shift;871899
Key Down;D;872995
Key Up;D;874139
Key Down;Left Shift;874292
Key Up;Left Shift;874435
Key Down;Tab;877035
Key Up;Tab;877131
Key Up;W;877331
Key Down;Echap;883123
Key Up;Echap;883195
Key Down;E;883539
Key Up;E;883611
Key Down;W;883771
Key Down;Left Shift;884075
Key Up;Left Shift;884204
Key Down;A;884811
Key Up;A;885739
Key Down;Left Shift;886147
Key Up;Left Shift;886251
Key Down;R;888292
Key Up;R;888379
Key Down;D;894011
Key Up;D;894771
Key Down;Left Shift;895187
Key Up;Left Shift;895323
Key Up;W;896691
Key Down;D;897419
Key Up;D;898563
Key Down;D;898963
Key Up;D;899667
Key Down;A;900275
Key Up;A;900811
Key Down;D;900923
Key Up;D;901139
Key Down;A;901227
Key Up;A;902403
Key Down;D;904107
Key Up;D;906579
Key Down;A;906627
Key Down;W;908875
Key Up;A;908931
Key Up;W;910027
Key Down;D;910043
Key Up;D;910827
Key Down;A;916147
Key Down;D;917139
Key Up;A;917171
Key Up;D;919779
Key Down;A;919795
Key Down;W;922123
Key Up;A;922419
Key Up;W;922715
Key Down;D;922763
Key Down;A;925651
Key Up;A;925731
Key Down;Espace;926227
Key Up;Espace;926347
Key Down;W;926627
Key Up;W;926707
Key Up;D;926923
Key Down;C;927051
Key Up;C;927211
Key Down;C;927643
Key Up;C;927755
Key Down;C;928123
Key Up;C;928219
Key Down;D;931907
Key Up;D;932523
Key Down;A;932539
Key Down;W;933259
Key Up;A;933955
Key Down;D;933971
Key Up;W;933987
Key Down;W;939387
Key Up;D;939395
Key Down;A;940659
Key Up;W;940763
Key Up;A;941027
Key Down;D;941515
Key Up;D;943826
Key Down;A;943882
Key Down;W;945539
Key Up;W;945762
Key Up;A;950426
Key Down;D;950434
Key Down;W;950883
Key Up;D;951115
Key Down;R;952139
Key Up;R;952219
Key Down;A;952467
Key Up;W;952499
Key Up;A;953795
Key Down;D;953907
Key Up;D;954242
Key Down;D;956283
Key Up;D;959923
Key Down;W;960091
Key Up;W;960498
Key Down;S;961155
Key Up;S;962443
Key Down;A;962562
Key Up;A;966131
Key Down;D;966195
Key Up;D;966699
Key Down;D;967795
Key Down;Espace;968315
Key Up;Espace;968435
Key Down;S;969179
Key Up;D;969323
Key Down;Espace;969563
Key Up;Espace;969659
Key Down;C;969739
Key Up;C;969874
Key Up;S;970874
Key Down;R;971371
Key Up;R;971451
Key Down;A;971595
Key Down;W;972123
Key Up;A;972235
Key Down;C;975475
Key Up;C;975579
Key Up;W;975938
Key Down;F;976074
Key Up;F;976171
Key Down;E;976834
Key Up;E;976907
Key Down;E;977003
Key Up;E;977075
Key Down;E;977155
Key Up;E;977243
Key Down;W;977299
Key Down;Left Shift;977507
Key Up;Left Shift;977899
Key Down;A;978378
Key Up;A;978867
Key Down;Left Shift;979091
Key Up;Left Shift;979210
Key Down;R;980595
Key Up;R;980667
Key Down;C;980827
Key Up;C;980955
Key Down;C;981043
Key Up;C;981115
Key Down;V;981219
Key Down;C;981234
Key Up;C;981274
Key Up;V;981290
Key Down;V;981386
Key Up;V;981459
Key Down;C;981563
Key Up;C;981659
Key Down;C;981779
Key Down;Left Alt;981794
Key Down;Tab;981795
Key Up;Tab;981802
Key Up;Left Alt;981859
Key Up;C;981886
Key Down;C;981971
Key Up;C;982067
Key Up;W;982410
Key Down;C;984163
Key Up;C;984227
Key Down;C;984347
Key Up;C;984459
Key Down;C;984539
Key Up;C;984643
Key Down;C;984730
Key Up;C;984810
Key Down;C;984906
Key Up;C;985002
Key Down;C;985106
Key Up;C;985203
Key Down;C;985307
Key Up;C;985387
Key Down;C;985499
Key Up;C;985587
Key Down;C;985763
Key Up;C;985867
Key Down;C;985962
Key Up;C;986058
Key Down;C;986147
Key Up;C;986251
Key Down;A;986467
Key Down;S;986674
Key Down;Espace;986931
Key Up;A;986947
Key Up;Espace;987091
Key Down;D;987507
Key Up;D;987659
Key Down;D;987819
Key Up;S;988179
Key Down;A;990610
Key Up;D;990659
Key Down;W;992346
Key Up;A;992563
Key Down;A;993970
Key Up;W;994634
Key Down;Espace;997915
Key Up;Espace;998027
Key Down;W;998067
Key Up;A;999346
Key Down;A;1000378
Key Up;W;1000394
Key Down;S;1001458
Key Up;A;1001482
Key Down;D;1001618
Key Up;S;1001634
Key Down;Espace;1003195
Key Up;Espace;1003379
Key Down;A;1008234
Key Up;D;1008250
Key Down;D;1012971
Key Up;A;1012987
Key Up;D;1015331
Key Down;A;1015347
Key Up;A;1015467
Key Down;D;1015483
Key Down;A;1015706
Key Up;D;1015731
Key Down;D;1015971
Key Up;A;1015987
Key Down;W;1016515
Key Up;D;1016523
Key Up;W;1016955
Key Down;A;1017131
Key Down;D;1018307
Key Up;A;1018347
Key Up;D;1022866
Key Down;W;1022898
Key Up;W;1023642
Key Down;D;1023786
Key Down;W;1024147
Key Up;D;1024338
Key Down;A;1024771
Key Up;W;1024995
Key Up;A;1026267
Key Down;A;1026387
Key Up;A;1027723
Key Down;D;1030163
Key Down;W;1031691
Key Up;D;1031715
Key Up;W;1035354
Key Down;A;1035530
Key Down;W;1035787
Key Up;A;1035971
Key Down;E;1036546
Key Up;E;1036658
Key Down;E;1036762
Key Up;E;1036866
Key Down;E;1036955
Key Up;E;1037059
Key Down;E;1037139
Key Up;E;1037242
Key Down;A;1037595
Key Up;A;1038018
Key Down;E;1038227
Key Up;W;1038291
Key Down;W;1038427
Key Up;E;1038459
Key Down;E;1038610
Key Up;E;1038730
Key Down;E;1038827
Key Up;E;1038947
Key Down;E;1039042
Key Up;E;1039170
Key Down;E;1039259
Key Up;W;1039355
Key Up;E;1039371
Key Down;E;1039475
Key Up;E;1039562
Key Down;E;1039634
Key Up;E;1039722
Key Down;W;1039835
Key Down;Left Shift;1040130
Key Up;W;1044690
Key Up;Left Shift;1044707
Key Down;E;1044810
Key Up;E;1044890
Key Down;E;1045066
Key Up;E;1045171
Key Down;E;1045331
Key Up;E;1045458
Key Down;E;1045578
Key Up;E;1045690
Key Down;W;1045771
Key Up;W;1045923
Key Down;E;1046002
Key Up;E;1046114
Key Down;A;1046339
Key Down;W;1046483
Key Down;Left Shift;1046802
Key Up;A;1046978
Key Up;Left Shift;1047538
Key Down;Left Shift;1048019
Key Up;Left Shift;1048147
Key Down;Left Shift;1049155
Key Up;Left Shift;1051794
Key Down;E;1054675
Key Up;W;1054715
Key Up;E;1054795
Key Down;E;1054883
Key Up;E;1054986
Key Down;E;1055130
Key Down;W;1055170
Key Up;E;1055202
Key Down;E;1055347
Key Up;W;1055427
Key Up;E;1055507
Key Down;E;1055603
Key Up;E;1055730
Key Down;W;1055762
Key Down;E;1055914
Key Up;W;1055970
Key Up;E;1056043
Key Down;W;1056522
Key Down;Espace;1056595
Key Up;W;1056619
Key Up;Espace;1056763
Key Down;W;1057058
Key Down;Espace;1057499
Key Up;Espace;1057666
Key Down;Espace;1057834
Key Up;Espace;1058011
Key Down;Espace;1058266
Key Up;Espace;1058619
Key Up;W;1059018
Key Down;E;1059131
Key Up;E;1059219
Key Down;E;1059323
Key Up;E;1059403
Key Down;E;1059515
Key Up;E;1059594
Key Down;E;1059690
Key Up;E;1059786
Key Down;E;1059915
Key Up;E;1060027
Key Down;E;1060107
Key Down;W;1060250
Key Up;E;1060290
Key Up;W;1060426
Key Down;E;1060458
Key Up;E;1060546
Key Down;E;1060643
Key Up;E;1060747
Key Down;E;1060811
Key Down;W;1060962
Key Up;E;1060970
Key Down;E;1061066
Key Up;E;1061211
Key Down;E;1061307
Key Up;W;1061339
Key Up;E;1061427
Key Down;E;1061531
Key Up;E;1061642
Key Down;E;1061730
Key Up;E;1061842
Key Down;W;1061866
Key Down;Left Shift;1062091
Key Up;Left Shift;1062267
Key Down;Left Shift;1062915
Key Up;Left Shift;1063010
Key Down;A;1069898
Key Up;W;1069930
Key Up;A;1070426
Key Down;D;1070738
Key Down;S;1071330
Key Up;D;1071362
Key Up;S;1074882
Key Down;D;1074963
Key Down;W;1075059
Key Up;D;1075107
Key Up;W;1075891
Key Down;S;1076194
Key Down;D;1076851
Key Up;S;1076899
Key Up;D;1077611
Key Down;S;1077707
Key Up;S;1079251
Key Down;W;1079618
Key Up;W;1079946
Key Down;S;1080419
Key Up;S;1081003
Key Down;W;1081354
Key Down;R;1082010
Key Up;W;1082066
Key Up;R;1082074
Key Down;R;1082243
Key Up;R;1082338
Key Down;W;1083035
Key Down;Left Shift;1083330
Key Up;Left Shift;1084522
Key Down;Left Shift;1084635
Key Up;Left Shift;1085946
Key Down;A;1086186
Key Up;A;1087371
Key Down;Left Shift;1087619
Key Up;Left Shift;1088754
Key Down;A;1088882
Key Up;A;1089530
Key Down;Left Shift;1089715
Key Up;Left Shift;1089954
Key Down;A;1090331
Key Up;W;1091651
Key Down;W;1092331
Key Up;A;1092435
Key Down;Left Shift;1092650
Key Up;Left Shift;1092786
Key Down;Espace;1104411
Key Up;Espace;1104499
Key Down;A;1104978
Key Up;A;1105259
Key Down;Left Shift;1106002
Key Up;Left Shift;1106106
Key Down;A;1112458
Key Up;A;1113210
Key Up;W;1113315
Key Down;A;1113570
Key Down;W;1113738
Key Up;A;1113834
Key Down;Left Shift;1114011
Key Up;Left Shift;1114163
Key Up;W;1115915
Key Down;W;1116138
Key Up;W;1116402
Key Down;A;1116522
Key Down;W;1116746
Key Up;A;1116851
Key Down;Left Shift;1117314
Key Up;Left Shift;1117410
Key Up;W;1120331
Key Down;E;1120434
Key Up;E;1120538
Key Down;Entrée;1121098
Key Up;Entrée;1121162
Key Down;Entrée;1121283
Key Up;Entrée;1121314
Key Down;Entrée;1121418
Key Up;Entrée;1121466
Key Down;Entrée;1121675
Key Up;Entrée;1121714
Key Down;Entrée;1122691
Key Up;Entrée;1122770
Key Down;Echap;1123250
Key Up;Echap;1123306
Key Down;W;1123779
Key Down;Left Shift;1124035
Key Up;Left Shift;1124154
Key Down;Tab;1127635
Key Up;Tab;1127731
Key Up;W;1128098
Key Down;Echap;1129866
Key Up;Echap;1129986
Key Down;W;1130242
Key Down;Left Shift;1130546
Key Up;Left Shift;1130659
Key Down;Espace;1140123
Key Up;Espace;1140211
Key Down;Left Shift;1141322
Key Up;Left Shift;1141466
Key Down;Left Shift;1145202
Key Up;Left Shift;1145330
Key Down;Espace;1153226
Key Up;Espace;1153362
Key Down;Left Shift;1154162
Key Up;Left Shift;1154266
Key Down;Left Shift;1155778
Key Up;Left Shift;1155915
Key Up;W;1157194
Key Down;A;1157514
Key Down;S;1157938
Key Up;A;1157954
Key Up;S;1158258
Key Down;W;1158362
Key Down;Left Shift;1158546
Key Up;Left Shift;1158674
Key Up;W;1159594
Key Down;Espace;1159955
Key Up;Espace;1160003
Key Down;W;1175610
Key Down;Left Shift;1175859
Key Up;Left Shift;1177698
Key Up;W;1177762
Key Down;E;1177891
Key Up;E;1177970
Key Down;E;1178403
Key Up;E;1178514
Key Down;S;1178778
Key Up;S;1178930
Key Down;Entrée;1179170
Key Up;Entrée;1179210
Key Down;Entrée;1179642
Key Up;Entrée;1179714
Key Down;Entrée;1180778
Key Up;Entrée;1180851
Key Down;Echap;1181307
Key Up;Echap;1181370
Key Down;S;1181762
Key Up;S;1182090
Key Down;D;1182250
Key Up;D;1182498
Key Down;W;1183018
Key Down;Left Shift;1183587
Key Up;Left Shift;1183730
Key Down;D;1184498
Key Up;D;1185395
Key Down;Left Shift;1185786
Key Up;Left Shift;1185898
Key Down;D;1187066
Key Up;D;1187538
Key Down;Left Shift;1187882
Key Up;Left Shift;1187986
Key Up;W;1191210
Key Down;S;1191778
Key Down;D;1192050
Key Up;S;1192154
Key Up;D;1192930
Key Down;A;1193034
Key Up;A;1193210
Key Down;D;1193242
Key Down;S;1193498
Key Up;D;1193546
Key Down;D;1194130
Key Up;D;1195322
Key Up;S;1195394
Key Down;A;1195642
Key Down;W;1196674
Key Up;A;1196690
Key Down;Left Shift;1197234
Key Up;Left Shift;1197402
Key Up;W;1198922
Key Down;W;1199130
Key Up;W;1199394
Key Down;E;1199474
Key Up;E;1199570
Key Down;E;1199674
Key Up;E;1199754
Key Down;E;1199842
Key Up;E;1199922
Key Down;E;1200018
Key Up;E;1200106
Key Down;E;1200202
Key Up;E;1200314
Key Down;E;1200378
Key Up;E;1200474
Key Down;E;1200746
Key Up;E;1200858
Key Down;E;1200930
Key Up;E;1201018
Key Down;E;1201090
Key Up;E;1201186
Key Down;W;1201682
Key Up;W;1201978
Key Down;E;1202090
Key Up;E;1202210
Key Down;E;1202298
Key Up;E;1202402
Key Down;W;1202554
Key Down;Left Shift;1202762
Key Up;Left Shift;1202954
Key Down;Left Shift;1205066
Key Up;Left Shift;1205162
Key Down;E;1212810
Key Up;E;1212930
Key Down;E;1213050
Key Up;E;1213178
Key Up;W;1213194
Key Down;E;1213290
Key Up;E;1213394
Key Down;E;1213482
Key Up;E;1213538
Key Down;E;1213618
Key Up;E;1213714
Key Down;E;1213778
Key Up;E;1213874
Key Down;E;1213954
Key Up;E;1214090
Key Down;W;1214114
Key Down;E;1214242
Key Up;E;1214362
Key Down;Left Shift;1214442
Key Up;Left Shift;1214602
Key Up;W;1215554
Key Down;S;1215770
Key Down;Espace;1216250
Key Up;Espace;1216354
Key Down;D;1218178
Key Up;S;1218242
Key Down;S;1218514
Key Up;D;1218586
Key Down;Espace;1219586
Key Up;Espace;1219706
Key Down;D;1220154
Key Up;S;1220258
Key Down;Espace;1220394
Key Up;Espace;1220506
Key Down;S;1220634
Key Up;D;1220706
Key Down;Espace;1221130
Key Up;Espace;1221226
Key Up;S;1222346
Key Down;A;1222370
Key Down;S;1223490
Key Down;Espace;1223570
Key Up;A;1223586
Key Up;Espace;1223706
Key Down;Espace;1225762
Key Up;Espace;1225858
Key Down;A;1227602
Key Up;S;1227618
Key Down;Espace;1228562
Key Up;Espace;1228674
Key Down;S;1229474
Key Up;A;1229618
Key Down;Espace;1231002
Key Up;Espace;1231082
Key Down;Espace;1233082
Key Up;Espace;1233218
Key Down;Espace;1234498
Key Up;Espace;1234666
Key Down;Espace;1235818
Key Up;Espace;1235954
Key Up;S;1236618
Key Down;W;1236730
Key Down;Left Shift;1237322
Key Up;Left Shift;1237434
Key Down;Left Shift;1238066
Key Up;Left Shift;1238170
Key Down;Left Shift;1239034
Key Up;Left Shift;1239154
Key Down;Left Shift;1239874
Key Up;Left Shift;1240002
Key Up;W;1243089
Key Down;W;1243370
Key Up;W;1243794
Key Down;R;1245634
Key Up;R;1245706
Key Down;D;1246306
Key Down;W;1246506
Key Up;W;1247098
Key Up;D;1247626
Key Down;D;1248161
Key Up;D;1248426
Key Down;D;1250946
Key Up;D;1252258
Key Down;D;1252650
Key Up;D;1252833
Key Down;S;1253498
Key Down;D;1253770
Key Up;D;1254082
Key Up;S;1255074
Key Down;D;1255402
Key Up;D;1256506
Key Down;A;1259234
Key Up;A;1260850
Key Down;D;1261578
Key Up;D;1263298
Key Down;W;1263393
Key Down;Left Shift;1263642
Key Up;Left Shift;1263794
Key Down;Left Shift;1264401
Key Up;Left Shift;1264506
Key Down;E;1266201
Key Up;E;1266338
Key Down;E;1266434
Key Up;E;1266546
Key Down;E;1266642
Key Up;E;1266762
Key Down;E;1266850
Key Up;E;1266969
Key Up;W;1267098
Key Down;E;1267234
Key Up;E;1267354
Key Down;W;1267402
Key Down;Left Shift;1267657
Key Up;Left Shift;1268058
Key Down;E;1268922
Key Up;E;1269026
Key Down;E;1269146
Key Up;W;1269170
Key Up;E;1269242
Key Down;E;1269330
Key Up;E;1269433
Key Down;W;1269546
Key Down;E;1269682
Key Up;E;1269786
Key Down;Left Shift;1269922
Key Up;Left Shift;1270090
Key Down;Left Shift;1270817
Key Up;Left Shift;1270954
Key Down;E;1271354
Key Up;E;1271482
Key Up;W;1271498
Key Down;E;1271569
Key Up;E;1271674
Key Down;E;1271746
Key Up;E;1271833
Key Down;E;1271913
Key Up;E;1272009
Key Down;E;1272098
Key Up;E;1272202
Key Down;W;1272290
Key Down;E;1272314
Key Up;E;1272410
Key Down;E;1272545
Key Up;E;1272657
Key Down;Left Shift;1272721
Key Up;Left Shift;1272882
Key Down;E;1275738
Key Up;W;1275794
Key Up;E;1275833
Key Down;E;1275905
Key Up;E;1276002
Key Down;E;1276074
Key Up;E;1276146
Key Down;W;1276194
Key Down;Left Shift;1276481
Key Up;Left Shift;1276690
Key Down;A;1280754
Key Up;W;1280913
Key Down;W;1281705
Key Up;W;1281938
Key Up;A;1282361
Key Down;W;1282490
Key Up;W;1284010
Key Down;A;1284145
Key Up;A;1285370
Key Down;W;1285458
Key Up;W;1287481
Key Down;A;1287681
Key Down;S;1288074
Key Up;A;1288145
Key Down;D;1290938
Key Up;D;1291033
Key Up;S;1298122
Key Down;W;1298545
Key Down;D;1300658
Key Up;W;1300786
Key Down;S;1301474
Key Up;D;1301649
Key Down;Espace;1302106
Key Up;Espace;1302289
Key Down;D;1305050
Key Up;S;1305138
Key Down;W;1305665
Key Up;D;1305705
Key Down;Left Shift;1306114
Key Up;Left Shift;1306241
Key Down;E;1306610
Key Up;E;1306706
Key Up;W;1306762
Key Down;E;1306834
Key Up;E;1306937
Key Down;E;1307058
Key Up;E;1307162
Key Down;W;1307250
Key Down;E;1307417
Key Up;W;1307489
Key Up;E;1307546
Key Down;E;1307650
Key Up;E;1307746
Key Down;E;1307834
Key Up;E;1307929
Key Down;E;1308065
Key Up;E;1308153
Key Down;E;1308266
Key Down;W;1308401
Key Up;E;1308417
Key Down;Left Shift;1308634
Key Up;Left Shift;1309073
Key Down;Left Shift;1310250
Key Up;Left Shift;1310386
Key Down;E;1313714
Key Up;E;1313810
Key Down;E;1313930
Key Up;E;1314033
Key Down;E;1315306
Key Up;E;1315433
Key Down;E;1315537
Key Up;W;1315658
Key Up;E;1315674
Key Down;E;1315746
Key Up;E;1315842
Key Down;E;1315921
Key Up;E;1316001
Key Down;E;1316074
Key Up;E;1316162
Key Down;E;1316234
Key Up;E;1316322
Key Down;E;1316401
Key Up;E;1316489
Key Down;E;1316570
Key Up;E;1316666
Key Down;E;1316746
Key Up;E;1316834
Key Down;E;1316905
Key Up;E;1316993
Key Down;W;1317082
Key Down;Left Shift;1317377
Key Up;Left Shift;1317537
Key Down;E;1318697
Key Up;E;1318809
Key Down;E;1318897
Key Up;W;1318921
Key Up;E;1319001
Key Down;E;1319082
Key Up;E;1319186
Key Down;E;1319250
Key Up;E;1319346
Key Down;E;1319433
Key Up;E;1319545
Key Down;E;1319625
Key Up;E;1319730
Key Down;E;1319818
Key Up;E;1319946
Key Down;W;1319962
Key Down;E;1320090
Key Up;E;1320217
Key Down;E;1320313
Key Up;W;1320385
Key Up;E;1320417
Key Down;E;1320562
Key Down;W;1320618
Key Up;E;1320658
Key Down;Left Shift;1320938
Key Up;Left Shift;1321018
Key Down;Left Shift;1321730
Key Up;Left Shift;1321833
Key Down;Left Shift;1325546
Key Up;Left Shift;1325681
Key Down;R;1336185
Key Up;R;1336225
Key Down;Left Shift;1344041
Key Up;Left Shift;1344130
Key Down;Espace;1345498
Key Up;Espace;1345570
Key Down;Espace;1347017
Key Up;Espace;1347105
Key Down;A;1348585
Key Up;A;1349177
Key Up;W;1349579
Key Down;W;1349986
Key Up;W;1350162
Key Down;E;1350329
Key Up;E;1350402
Key Down;W;1350985
Key Up;W;1351145
Key Down;E;1351514
Key Up;E;1351594
Key Down;D;1351962
Key Up;D;1352249
Key Down;E;1352626
Key Up;E;1352713
Key Down;E;1353122
Key Up;E;1353241
Key Down;Entrée;1354377
Key Up;Entrée;1354425
Key Down;Entrée;1354913
Key Up;Entrée;1354977
Key Down;Entrée;1355394
Key Up;Entrée;1355457
Key Down;Echap;1356378
Key Up;Echap;1356457
Key Down;W;1357066
Key Down;Left Shift;1357425
Key Up;Left Shift;1357529
Key Down;Echap;1358177
Key Up;W;1358241
Key Up;Echap;1358281
Key Down;Left Alt;1360058
Key Down;Tab;1360074
Key Up;Left Alt;1360135
Key Up;Tab;1360149
